Dışa Aktarım Tarihi:,21.08.2026 08:51:16
Toplam Kayıt Sayısı:,1057

Fon Kodu,Fon Adı,Şemsiye Fon Türü,İlk Portföy Büyüklüğü,Son Portföy Büyüklüğü,Portföy Büyüklüğü Değişimi (%),Tedavüldeki İlk Pay Adedi,Tedavüldeki Son Pay Adedi,Pay Adedi Değişimi (%),Getiri Oranı (%)
AAL,ATA PORTFÖY PARA PİYASASI (TL) FONU,Para Piyasası Fonu,"2297568429,18","2054875837,02","-10,56","672022622,00","589240459,00","-12,32","2,00"
AAS,ATA PORTFÖY FON SEPETİ SERBEST FONU,Serbest Fon,"18342582,32","29585929,57","61,3","1530393,00","2344432,00","53,19","5,29"
AAV,ATA PORTFÖY İKİNCİ HİSSE SENEDİ (TL) FONU (HİSSE SENEDİ YOĞUN FON),Hisse Senedi Fonu,"128847321,22","119583774,39","-7,19","2117136,00","1905307,00","-10,01","3,13"
AC1,PARDUS PORTFÖY KISA VADELİ KATILIM SERBEST FONU,Serbest Fon,"337152071,85","356165765,17","5,64","107857138,00","110367857,00","2,33","3,24"
AC4,PARDUS PORTFÖY PARA PİYASASI (TL) FON,Para Piyasası Fonu,"1913053370,66","2082149123,13","8,84","494964440,00","519834829,00","5,02","3,63"
AC5,PARDUS PORTFÖY İSTATİSTİKSEL ARBİTRAJ HİSSE SENEDİ SERBEST (TL) FON (HİSSE SENEDİ YOĞUN FON),Serbest Fon,"21874553,86","22691731,03","3,74","6025788,00","6081556,00","0,93","2,78"
AC6,PARDUS PORTFÖY DÖRDÜNCÜ SERBEST (DÖVİZ) FON,Serbest Fon,"72949079,13","74975902,97","2,78","1298798,00","1303095,00","0,33","2,44"
ACC,İSTANBUL PORTFÖY DÖRDÜNCÜ HİSSE SENEDİ FONU (HİSSE SENEDİ YOĞUN),Hisse Senedi Fonu,"180319343,59","122039298,81","-32,32","4120858,00","2685977,00","-34,82","3,83"
ACD,İSTANBUL PORTFÖY İKİNCİ DEĞİŞKEN FON,Değişken Fon,"341807983,41","344600756,24","0,82","57349308,97","57205538,97","-0,25","1,07"
ACU,İSTANBUL PORTFÖY URARTU SERBEST (DÖVİZ) FON,Serbest Fon,"1416017566,89","1439455546,16","1,66","25387061,00","25281210,00","-0,42","2,08"
ADE,AK PORTFÖY MUTLAK GETİRİ HEDEFLİ DEĞİŞKEN FON,Değişken Fon,"726975702,13","710689334,60","-2,24","849508774,00","795676535,00","-6,34","4,37"
ADP,AK PORTFÖY BIST BANKA ENDEKSİ HİSSE SENEDİ (TL) FONU (HİSSE SENEDİ YOĞUN FON),Hisse Senedi Fonu,"3823330885,36","3708508207,90",-3,"3111897570,00","3047582973,00","-2,07","-0,96"
AED,ATA PORTFÖY BİRİNCİ DEĞİŞKEN FON,Değişken Fon,"63226352,97","64973998,70","2,76","575436,28","557162,09","-3,18","6,13"
AES,AK PORTFÖY PETROL YABANCI BYF FON SEPETİ FONU,Yabancı Fon Sepeti Fonu,"1443665009,40","0,00",-100,"8508001714,00","0,00",-100,"-100,00"
AEV,ALLBATROSS PORTFÖY SANAYİ ŞİRKETLERİ HİSSE SENEDİ (TL) FONU (HİSSE SENEDİ YOĞUN FON),Hisse Senedi Fonu,"9408564,41","8747655,27","-7,02","4488648,00","4111849,00","-8,39","1,50"
AFA,AK PORTFÖY AMERİKA YABANCI HİSSE SENEDİ FONU,Hisse Senedi Fonu,"5092975355,09","5495692728,47","7,91","4193275674,00","4295695916,00","2,44","5,33"
AFO,AK PORTFÖY ALTIN FONU,Altın Fonu,"18087356767,24","19898363854,16","10,01","15067520740,00","14672973769,00","-2,62","12,97"
AFS,AK PORTFÖY SAĞLIK SEKTÖRÜ YABANCI HİSSE SENEDİ FONU,Hisse Senedi Fonu,"802728262,01","901939594,38","12,36","2480812729,00","2521153266,00","1,63","10,56"
AFT,AK PORTFÖY YENİ TEKNOLOJİLER YABANCI HİSSE SENEDİ FONU,Hisse Senedi Fonu,"19022827790,17","19343543265,73","1,69","20209858755,00","19787074308,00","-2,09","3,86"
AFV,AK PORTFÖY AVRUPA YABANCI HİSSE SENEDİ FONU,Hisse Senedi Fonu,"1208684106,44","1281182447,11",6,"2079027454,00","2084940121,00","0,28","5,70"
AGC,AK PORTFÖY İKİNCİ DEĞİŞKEN FON,Değişken Fon,"104475070,56","104845687,50","0,35","11386471,00","11168213,00","-1,92","2,32"
AHI,ATLAS PORTFÖY BİRİNCİ HİSSE SENEDİ FONU(HİSSE SENEDİ YOĞUN),Hisse Senedi Fonu,"124450679,39","117446286,31","-5,63","3348816,00","3215854,00","-3,97","-1,73"
AHN,ATLAS PORTFÖY SERBEST(DÖVİZ)FON,Serbest Fon,"31656387,87","31514798,74","-0,45","474690,00","452136,00","-4,75","4,52"
AHU,ATLAS PORTFÖY BİRİNCİ ÖZEL SEKTÖR BORÇLANMA ARAÇLARI FONU,Borçlanma Araçları Fonu,"198478149,18","132203723,36","-33,39","18068124,00","11613132,00","-35,73","3,63"
AHV,AZİMUT PORTFÖY DENGELİ FON SEPETİ FONU,Fon Sepeti Fonu,"127273743,54","130188547,32","2,29","6038746,00","6008658,00","-0,5","2,80"
AIS,AK PORTFÖY PARA PİYASASI KATILIM FONU,Katılım Fonu,"13448499182,90","14685417974,96","9,2","129326519760,00","136711036773,00","5,71","3,30"
AJ1,A1 CAPİTAL PORTFÖY İSTATİSTİKSEL ARBİTRAJ HİSSE SENEDİ SERBEST FON (HİSSE SENEDİ YOĞUN FON),Serbest Fon,"23238430,19","10364813,62","-55,4","17937023,00","7764337,00","-56,71","3,04"
AJK,AK PORTFÖY 0-5 YIL VADELİ SERBEST (DÖVİZ) FON,Serbest Fon,"128192686,39","129082031,60","0,69","2023531,00","1999197,00","-1,2","1,92"
AK2,AK PORTFÖY UZUN VADELİ BORÇLANMA ARAÇLARI FONU,Borçlanma Araçları Fonu,"172373202,34","172496979,46","0,07","330381498,00","317682723,00","-3,84","4,07"
AK3,AK PORTFÖY HİSSE SENEDİ (TL) FONU (HİSSE SENEDİ YOĞUN FON),Hisse Senedi Fonu,"7566218068,01","8160776257,58","7,86","145500238,00","152508256,00","4,82","2,90"
AKE,AK PORTFÖY EUROBOND (AMERİKAN DOLARI) BORÇLANMA ARAÇLARI FONU,Borçlanma Araçları Fonu,"1027134517,81","1044118836,97","1,65","1989499908,00","1979393962,00","-0,51","2,17"
AKU,AK PORTFÖY BIST 30 ENDEKSİ HİSSE SENEDİ (TL) FONU (HİSSE SENEDİ YOĞUN FON),Hisse Senedi Fonu,"2486817379,82","2318252619,92","-6,78","2652910769,00","2380233081,00","-10,28","3,90"
ALC,AK PORTFÖY KAR PAYI ÖDEYEN ŞİRKETLER HİSSE SENEDİ (TL) FONU (HİSSE SENEDİ YOĞUN FON),Hisse Senedi Fonu,"1617340091,51","1638397709,13","1,3","4451932904,00","4320977307,00","-2,94","4,37"
AN1,STRATEJİ PORTFÖY BİRİNCİ DEĞİŞKEN FON,Değişken Fon,"1337474502,35","1350894457,45",1,"12106722,25","12041726,25","-0,54","1,55"
ANZ,ATA PORTFÖY DÖRDÜNCÜ SERBEST (DÖVİZ) FON,Serbest Fon,"258414611,80","257943235,43","-0,18","12078861,00","11810745,00","-2,22","2,08"
AOJ,ALLBATROSS PORTFÖY İNŞAAT SEKTÖRÜ HİSSE SENEDİ SERBEST (TL) FON (HİSSE SENEDİ YOĞUN FON),Serbest Fon,"20918154,41","20220396,10","-3,34","12565880,00","12488057,00","-0,62","-2,73"
AOY,AK PORTFÖY ALTERNATİF ENERJİ YABANCI HİSSE SENEDİ FONU,Hisse Senedi Fonu,"1167095572,88","1072771951,46","-8,08","3254355912,00","2948667537,00","-9,39","1,45"
AP5,ATLAS PORTFÖY BEŞİNCİ HİSSE SENEDİ SERBEST FON (HİSSE SENEDİ YOĞUN FON),Serbest Fon,"898192,14","853959,80","-4,92","1012592,00","1028353,00","1,56","-6,38"
AP7,PARDUS PORTFÖY ALGO ETNA İSTATİSTİKSEL ARBİTRAJ SERBEST FON,Serbest Fon,"321813003,29","237346120,44","-26,25","124441080,00","88968956,00","-28,51","3,16"
APJ,AK PORTFÖY BIST ŞİRKETLERİ FON SEPETİ FONU,Fon Sepeti Fonu,"88161985,77","0,00",-100,"13127251,00","0,00",-100,"-100,00"
APT,AK PORTFÖY ORTA VADELI BORÇLANMA ARAÇLARI FONU,Borçlanma Araçları Fonu,"274253050,05","281413226,60","2,61","1769207350,00","1741617082,00","-1,56","4,24"
ARE,İSTANBUL PORTFÖY YABANCI HİSSE SENEDİ FONU,Hisse Senedi Fonu,"32545107,43","45786460,51","40,69","137916899,00","178288947,00","29,27","8,83"
ARL,AK PORTFÖY BİRİNCİ FON SEPETİ FONU,Fon Sepeti Fonu,"4004531532,51","0,00",-100,"257193335,00","0,00",-100,"-100,00"
ARM,AK PORTFÖY İKİNCİ FON SEPETİ FONU,Fon Sepeti Fonu,"3202337360,70","0,00",-100,"178338689,00","0,00",-100,"-100,00"
AS1,ALLBATROSS PORTFÖY BİRİNCİ SERBEST (DÖVİZ) FON,Serbest Fon,"6403076,28","6825588,87","6,6","142031,00","149967,00","5,59","0,96"
ASJ,AKTİF PORTFÖY HİSSE SENEDİ (TL) FONU (HİSSE SENEDİ YOĞUN FON),Hisse Senedi Fonu,"62602281,82","61828750,38","-1,24","16036024,00","15744245,00","-1,82","0,59"
ATJ,AZİMUT PORTFÖY İKİNCİ DEĞİŞKEN FON,Değişken Fon,"1013748432,88","1042213626,75","2,81","45299019,00","45294433,00","-0,01","2,82"
AU1,A1 CAPİTAL PORTFÖY ALTIN FONU,Altın Ve Diğer Kıymetli Madenler Fonu,"50194373,97","50522966,45","0,65","47216158,00","41312215,00","-12,5","15,04"
AUV,AK PORTFÖY UZUN VADELİ SERBEST (DÖVİZ) FON,Serbest Fon,"747258718,65","455717104,69","-39,01","15219726,00","9094054,00","-40,25","2,06"
AYA,ATA PORTFÖY KAR PAYI ÖDEYEN HİSSE SENEDİ (TL) FONU (HİSSE SENEDİ YOĞUN FON),Hisse Senedi Fonu,"1125790332,45","1115880659,41","-0,88","60043671,00","58644304,00","-2,33","1,48"
AYR,AK PORTFÖY ÖZEL SEKTÖR BORÇLANMA ARAÇLARI (TL) FONU,Borçlanma Araçları Fonu,"1615754054,34","1649862712,47","2,11","11918000666,00","11779618698,00","-1,16","3,31"
BAG,BULLS PORTFÖY ATAK DEĞIŞKEN FON,Değişken Fon,"87794980,40","92653199,15","5,53","87429405,00","89072408,00","1,88","3,59"
BAI,BV PORTFÖY ALTIN KATILIM FONU,Katılım Fonu,"34511647,89","45753241,47","32,57","35043606,00","41087917,00","17,25","13,07"
BBF,PARDUS PORTFÖY BİRİNCİ BORÇLANMA ARAÇLARI (TL) FONU,Borçlanma Araçları Fonu,"136345602,41","141280670,12","3,62","39387887,00","39313246,00","-0,19","3,82"
BBP,ALLBATROSS PORTFÖY BİRİNCİ BORÇLANMA ARAÇLARI FONU,Borçlanma Araçları Fonu,"22783355,48","22060447,65","-3,17","10438348,00","9794172,00","-6,17","3,20"
BBS,BULLS PORTFÖY BİRİNCİ SERBEST (TL) FON,Serbest Fon,"1294930195,18","1406596721,43","8,62","833599422,00","869717988,00","4,33","4,11"
BCK,DENİZ PORTFÖY BLOCKCHAİN VE FINTECH TEKNOLOJİLERİ DEĞİŞKEN FON,Değişken Fon,"132214044,46","113688618,04","-14,01","66932457,00","55773261,00","-16,67","3,19"
BCO,BULLS PORTFÖY ÇOKLU VARLIK KATILIM FONU,Katılım Fonu,"32391074,05","42953180,63","32,61","18378461,00","21990329,00","19,65","10,83"
BDA,YAPI KREDİ PORTFÖY BİRİNCİ KATILIM SERBEST (DÖVİZ-AVRO) FON,Serbest Fon,"4430199152,75","6153924106,04","38,91","80685151,00","107567532,00","33,32","4,19"
BDC,AURA PORTFÖY BODRUM SERBEST FON,Serbest Fon,"363974138,44","354821280,41","-2,51","41758960,00","39065815,00","-6,45","4,21"
BDS,PARDUS PORTFÖY BIST 30 DIŞI ŞİRKETLER HİSSE SENEDİ (TL) FONU (HİSSE SENEDİ YOĞUN FON),Hisse Senedi Yoğun,"319557661,41","230167463,54","-27,97","135244595,00","106394223,00","-21,33","-8,44"
BDY,AK PORTFÖY BIST 100 DIŞI ŞİRKETLER HİSSE SENEDİ (TL) FONU (HİSSE SENEDİ YOĞUN FON),Hisse Senedi Fonu,"99657562,13","96796824,07","-2,87","59411719,00","56071053,00","-5,62","2,92"
BFE,ALLBATROSS PORTFÖY BİRİNCİ FON SEPETİ FONU,Fon Sepeti Fonu,"9455877,86","10168539,96","7,54","5273948,00","5624315,00","6,64","0,84"
BFS,BULLS PORTFÖY EMTİA FON SEPETİ FONU,Fon Sepeti Fonu,"12642912,49","21316291,76","68,6","13735850,00","20671753,00","50,49","12,03"
BFT,AZİMUT PORTFÖY BANKA VE FİNANS SEKTÖRÜ HİSSE SENEDİ FONU (HİSSE SENEDİ YOĞUN FON),Hisse Senedi Fonu,"247130050,67","195837211,14","-20,76","222878255,00","173193510,00","-22,29","1,98"
BGP,AK PORTFÖY ÜÇÜNCÜ PARA PİYASASI (TL) FONU,Para Piyasası Fonu,"59536929158,20","58303955079,07","-2,07","9419959036,00","8918878032,00","-5,32","3,43"
BGR,AK PORTFÖY BIST GYO ENDEKSİ HİSSE SENEDİ (TL) FONU (HİSSE SENEDİ YOĞUN FON),Hisse Senedi Fonu,"0,00","31184905,31",0,"0,00","30726196,00",0,"0,00"
BHA,BULLS PORTFÖY HİSSE SENEDİ (TL) FONU (HİSSE SENEDİ YOĞUN FON),Hisse Senedi Fonu,"91224522,12","90789049,61","-0,48","54170723,00","52881789,00","-2,38","1,95"
BHF,PARDUS PORTFÖY BİRİNCİ DEĞİŞKEN FON,Değişken Fon,"212232860,55","189976187,94","-10,49","70093623,00","61292394,00","-12,56","2,37"
BHI,BV PORTFÖY MUTLAK GETİRİ HEDEFLİ HİSSE SENEDİ SERBEST (TL) FON (HİSSE SENEDİ YOĞUN FON),Serbest Fon,"1923039627,60","1962469363,05","2,05","842580762,00","833034680,00","-1,13","3,22"
BHL,İŞ PORTFÖY BİRİNCİ HİSSE SENEDİ SERBEST FON (HİSSE SENEDİ YOĞUN FON),Serbest Fon,"78097375,92","97373159,22","24,68","61207449,00","75136160,00","22,76","1,57"
BID,QNB PORTFÖY BIST 100 DIŞI ŞİRKETLER HİSSE SENEDİ (TL) FONU (HİSSE SENEDİ YOĞUN FON),Hisse Senedi Fonu,"235724014,18","228538897,27","-3,05","71721521,00","69937898,00","-2,49","-0,58"
BIG,YAPI KREDİ PORTFÖY ÜÇÜNCÜ HİSSE SENEDİ FONU (HİSSE SENEDİ YOĞUN FON),Hisse Senedi Fonu,"551905024,46","530192435,18","-3,93","387250973,00","366581401,00","-5,34","1,48"
BIH,PARDUS PORTFÖY BİRİNCİ HİSSE SENEDİ (TL) FONU (HİSSE SENEDİ YOĞUN FON),Hisse Senedi Fonu,"820936242,35","884349249,13","7,72","99746618,00","99742631,00",0,"7,73"
BIO,İŞ PORTFÖY SÜRDÜRÜLEBİLİRLİK HİSSE SENEDİ (TL) FONU (HİSSE SENEDİ YOĞUN FON),Hisse Senedi Fonu,"982840014,08","898539564,48","-8,58","409955798,00","375067108,00","-8,51","-0,07"
BIP,İSTANBUL PORTFÖY BİRİNCİ PARA PİYASASI SERBEST (TL) FON,Serbest Fon,"5934818663,21","3693489792,03","-37,77","3747791098,00","2253202802,00","-39,88","3,52"
BIS,BV PORTFÖY BİRİNCİ SERBEST FON,Serbest Fon,"766951117,28","788301686,75","2,78","442339673,00","442222758,00","-0,03","2,81"
BIY,AZİMUT PORTFÖY BIST 100 DIŞI ŞİRKETLER HİSSE SENEDİ FONU (HİSSE SENEDİ YOĞUN FON),Hisse Senedi Fonu,"84085336,76","86267081,28","2,59","60822211,00","61134398,00","0,51","2,07"
BJD,AZİMUT PORTFÖY 13.0 SERBEST (DÖVİZ) FON,Serbest Fon,"866945133,02","766399499,91","-11,6","16585096,00","14391853,00","-13,22","1,87"
BKY,YAPI KREDİ PORTFÖY BİRİNCİ KATILIM SERBEST (DÖVİZ) FON,Serbest Fon,"6017741603,91","6734204893,18","11,91","123331540,00","135243342,00","9,66","2,05"
BLD,DENİZ PORTFÖY BALEV EĞİTİME DESTEK SERBEST FON,Serbest Fon,"535024824,22","512155999,99","-4,27","331314801,00","306989905,00","-7,34","3,31"
BLT,BULLS PORTFÖY ALTIN FONU,Altın Fonu,"283135918,51","380359017,93","34,34","166101580,00","200177993,00","20,52","11,47"
BMU,BULLS PORTFÖY MUTLAK GETİRİ HEDEFLİ HİSSE SENEDİ SERBEST FON (HİSSE SENEDİ YOĞUN FON),Serbest Fon,"835302729,17","416287905,37","-50,16","249740522,00","133422322,00","-46,58","-6,72"
BNC,AK PORTFÖY BEŞİNCİ SERBEST FON,Serbest Fon,"704581310,81","622319027,93","-11,68","335699604,00","284135779,00","-15,36","4,35"
BNH,İSTANBUL PORTFÖY BANKACILIK SEKTÖRÜ HİSSE SENEDİ SERBEST (TL) FON (HİSSE SENEDİ YOĞUN FON),Serbest Fon,"64243619,42","56388957,56","-12,23","55658584,00","48369801,00","-13,1","1,00"
BOL,AKTİF PORTFÖY BORÇLANMA ARAÇLARI FONU,Borçlanma Araçları Fonu,"102292069,45","103043782,22","0,73","62618264,00","60809509,00","-2,89","3,73"
BON,A1 CAPİTAL PORTFÖY BORÇLANMA ARAÇLARI FONU,Borçlanma Araçları Fonu,"15900409,64","27328894,76","71,88","12205272,00","19255051,00","57,76","8,95"
BOS,BULLS PORTFÖY ALTINCI HİSSE SENEDİ SERBEST FON (HİSSE SENEDİ YOĞUN FON),Serbest Fon,"2662410239,07","2556594309,79","-3,97","1738886372,00","1602231760,00","-7,86","4,22"
BPZ,BULLS PORTFÖY PARA PİYASASI (TL) FONU,Para Piyasası Fonu,"376494378,97","649833465,84","72,6","245804268,00","408553293,00","66,21","3,84"
BRC,RE-PIE PORTFÖY BİRİNCİ İSTATİSTİKSEL ARBİTRAJ HİSSE SENEDİ SERBEST FON (HİSSE SENEDİ YOĞUN FON),Serbest Fon,"132991118,58","132420341,22","-0,43","101509562,00","98047561,00","-3,41","3,09"
BRF,DENİZ PORTFÖY BİRİNCİ FON SEPETİ FONU,Fon Sepeti Fonu,"90427720,82","83611078,31","-7,54","58907141,00","52406967,00","-11,03","3,93"
BRR,AK PORTFÖY İKİNCİ KISA VADELİ BORÇLANMA ARAÇLARI (TL) FONU,Borçlanma Araçları Fonu,"91094386,02","103795692,23","13,94","56751685,00","62440899,00","10,02","3,56"
BRT,PARDUS PORTFÖY BEREKET HİSSE SENEDİ SERBEST FON (HİSSE SENEDİ YOĞUN FON),Serbest Fon,"19520723,82","15721433,10","-19,46","18492617,00","17312747,00","-6,38","-13,97"
BS1,AHLATCI PORTFÖY BİRİNCİ SERBEST (TL) FON,Serbest Fon,"8452125,44","8304331,88","-1,75","6880724,00","6734915,00","-2,12","0,38"
BSD,BV PORTFÖY SERBEST (DÖVİZ) FON,Serbest Fon,"311026389,03","354286006,82","13,91","265719791,00","297063464,00","11,8","1,89"
BSH,ATLAS PORTFÖY BANKACILIK SEKTÖRÜ HİSSE SENEDİ SERBEST FON (HİSSE SENEDİ YOĞUN FON),Serbest Fon,"6703569,64","7051376,77","5,19","7038777,00","7257619,00","3,11","2,02"
BSM,GLOBAL MD PORTFÖY BERRAK SERBEST FON,Serbest Fon,"2760370015,83","2370157572,30","-14,14","1642206361,00","1346961804,00","-17,98","4,68"
BST,PARDUS PORTFÖY BANKACILIK SEKTÖRÜ DIŞI ŞİRKETLER HİSSE SENEDİ SERBEST (TL) FON (HİSSE SENEDİ YOĞUN FON),Serbest Fon,"45853302,80","42474949,94","-7,37","4372688,00","4013071,00","-8,22","0,93"
BTE,BV PORTFÖY OYUN VE TEKNOLOJİ DEĞİŞKEN FON,Değişken Fon,"256879473,15","226490425,91","-11,83","53298054,00","43362445,00","-18,64","8,37"
BTJ,ATLAS PORTFÖY İSTATİSTİKSEL ARBİTRAJ HİSSE SENEDİ SERBEST FON (HİSSE SENEDİ YOĞUN FON),Serbest Fon,"12409303,27","12462608,01","0,43","9259426,00","9086074,00","-1,87","2,35"
BTK,BV PORTFÖY TEKNOLOJİ KATILIM FONU,Katılım Fonu,"295437045,47","306380984,96","3,7","190013666,00","181884717,00","-4,28","8,34"
BTZ,ATLAS PORTFÖY BIST 30 DIŞI ŞİRKETLER HİSSE SENEDİ FONU (HİSSE SENEDİ YOĞUN FON),Hisse Senedi Fonu,"3940585,54","7544002,64","91,44","3198406,00","6164633,00","92,74","-0,67"
BUB,BULLS PORTFÖY BİRİNCİ FON SEPETİ FONU,Fon Sepeti Fonu,"97553679,16","114289773,92","17,16","80608617,00","91729176,00","13,8","2,95"
BUV,BULLS PORTFÖY VOLTRAN SERBEST (TL) FON,Serbest Fon,"18536202,92","15050918,48","-18,8","14509589,00","12180418,00","-16,05","-3,28"
BUY,AK PORTFÖY BÜYÜYEN ŞİRKETLER HİSSE SENEDİ (TL) FONU (HİSSE SENEDİ YOĞUN FON),Hisse Senedi Fonu,"357055670,12","345830496,83","-3,14","206115062,00","191792085,00","-6,95","4,09"
BV1,BV PORTFÖY BİRİNCİ HİSSE SENEDİ (TL) FON (HİSSE SENEDİ YOĞUN FON),Hisse Senedi Fonu,"79586192,77","86173799,42","8,28","49438494,00","50847765,00","2,85","5,28"
BVD,BV PORTFÖY BİRİNCİ DEĞİŞKEN FON,Değişken Fon,"281756865,13","276682841,65","-1,8","212230705,00","197000340,00","-7,18","5,79"
BVF,BV PORTFÖY PARA PİYASASI (TL) FON,Para Piyasası Fonu,"1930216852,55","1781832395,74","-7,69","1412687551,00","1260398566,00","-10,78","3,47"
BVK,BULLS PORTFÖY VOLTRAN KATILIM SERBEST (TL) FON,Serbest Fon,"2035985,86","41586,37","-97,96","1440374,00","31539,00","-97,81","-6,72"
BVM,ALLBATROSS PORTFÖY BİRİNCİ HİSSE SENEDİ SERBEST (TL) FON (HİSSE SENEDİ YOĞUN FON),Serbest Fon,"15562709,94","13682241,07","-12,08","11167121,00","10353553,00","-7,29","-5,17"
BVV,BV PORTFÖY TEKNOLOJİ DEĞİŞKEN FON,Değişken Fon,"169040683,98","194004280,44","14,77","49608946,00","55108907,00","11,09","3,31"
BVZ,BV PORTFÖY İSTATİSTİKSEL ARBİTRAJ SERBEST FON,Serbest Fon,"2717969056,62","2802798712,12","3,12","624329086,00","622968507,00","-0,22","3,35"
CAH,A1 CAPİTAL PORTFÖY HİSSE SENEDİ SERBEST FON (HİSSE SENEDİ YOĞUN FON),Serbest Fon,"48953826,47","0,00",-100,"35759812,00","0,00",-100,"-100,00"
CFO,ROTA PORTFÖY İKİNCİ PARA PİYASASI FONU,Para Piyasası Fonu,"3251928035,22","2075523873,85","-36,18","1335503361,00","824084961,00","-38,29","3,43"
CIN,AKTİF PORTFÖY BİRİNCİ SERBEST FON,Serbest Fon,"24433930,93","20958081,95","-14,23","14611657,00","12203424,00","-16,48","2,70"
CKF,ALBARAKA PORTFÖY ÇOKLU VARLIK KATILIM FONU,Katılım Fonu,"701974690,98","676138078,96","-3,68","348831478,00","316252278,00","-9,34","6,24"
CKL,YAPI KREDİ PORTFÖY ÇOKLU VARLIK DEĞİŞKEN FON,Değişken Fon,"692613882,14","717114420,71","3,54","496224322,00","454564301,00","-8,4","13,03"
CKS,İŞ PORTFÖY BİRİNCİ KATILIM SERBEST (DÖVİZ) FON,Serbest Fon,"5645212134,55","5536391775,76","-1,93","94377220,00","90681876,00","-3,92","2,07"
CPT,ROTA PORTFÖY ÇİP TEKNOLOJİLERİ DEĞİŞKEN FON,Değişken Fon,"1209324952,62","1066837470,87","-11,78","319727897,00","279827428,00","-12,48","0,80"
CPU,AKTİF PORTFÖY TEKNOLOJİ KATILIM FONU,Katılım Fonu,"1535881196,24","1653366045,56","7,65","417093592,00","424149199,00","1,69","5,86"
CVK,INVEO PORTFÖY ÇOKLU VARLIK KATILIM FONU,Katılım Fonu,"616922578,40","629608314,37","2,06","124226810,00","122739060,00","-1,2","3,29"
CVL,A1 CAPİTAL PORTFÖY ÇOKLU VARLIK KATILIM FONU,Katılım Fonu,"18834810,59","49425528,81","162,42","14179324,00","34804104,00","145,46","6,91"
DA1,A1 CAPİTAL PORTFÖY SERBEST (DÖVİZ) FON,Serbest Fon,"22439436,37","11175637,68","-50,2","465100,00","228234,00","-50,93","1,49"
DAH,DENİZ PORTFÖY HİSSE SENEDİ FONU (HİSSE SENEDİ YOĞUN FON),Hisse Senedi Fonu,"618792208,20","584781995,56","-5,5","172999800,00","161935500,00","-6,4","0,96"
DAP,DESTEK PORTFÖY PARA PİYASASI FONU,Para Piyasası Fonu,"0,00","152196431,29",0,"0,00","149619864,00",0,"0,00"
DAS,DENİZ PORTFÖY ONİKİNCİ SERBEST (DÖVİZ) FON,Serbest Fon,"114306283359,77","115228171430,49","0,81","2113430528,31","2088827723,31","-1,16","1,99"
DBA,DENİZ PORTFÖY ALTIN FONU,Altın Fonu,"9314737661,44","10128342680,49","8,73","13779500102,00","13299810689,00","-3,48","12,66"
DBB,DENİZ PORTFÖY BORÇLANMA ARAÇLARI FONU,Borçlanma Araçları Fonu,"250679337,14","230742972,52","-7,95","2301922613,72","2038800038,85","-11,43","3,93"
DBH,DENİZ PORTFÖY EUROBOND (DÖVİZ) BORÇLANMA ARAÇLARI FONU,Borçlanma Araçları Fonu,"997905090,57","977120146,15","-2,08","2666887700,00","2550002900,00","-4,38","2,41"
DBK,DENİZ PORTFÖY KISA VADELİ BORÇLANMA ARAÇLARI (TL) FONU,Borçlanma Araçları Fonu,"738544436,55","811377494,37","9,86","6301437706,00","6702364406,00","6,36","3,29"
DBP,DENİZ PORTFÖY BİRİNCİ DEĞİŞKEN FON,Değişken Fon,"162309490,81","165008455,50","1,66","331952500,00","328564000,00","-1,02","2,71"
DBZ,DENİZ PORTFÖY ÖZEL SEKTÖR BORÇLANMA ARAÇLARI FONU,Borçlanma Araçları Fonu,"743795770,21","722727483,58","-2,83","5464752100,00","5140564300,00","-5,93","3,30"
DCB,DENİZ PORTFÖY PARA PİYASASI SERBEST (TL) FON,Serbest Fon,"135854410613,09","140584303437,18","3,48","29445291032,00","29479396465,00","0,12","3,36"
DDA,DENİZ PORTFÖY BANKACILIK SEKTÖRÜ HİSSE SENEDİ SERBEST FON (HİSSE SENEDİ YOĞUN FON),Serbest Fon,"218109700,96","188276664,72","-13,68","17662945,00","15430145,00","-12,64","-1,19"
DDF,DENİZ PORTFÖY DİNAMO HİSSE SENEDİ SERBEST (TL) FON (HİSSE SENEDİ YOĞUN FON),Serbest Fon,"84395546,08","117194407,08","38,86","7307971,00","9121188,00","24,81","11,26"
DEF,ALLBATROSS PORTFÖY DEFNE SERBEST FON,Serbest Fon,"70637164,67","0,00",-100,"26230201,00","0,00",-100,"-100,00"
DEH,DESTEK PORTFÖY HİSSE SENEDİ FONU (HİSSE SENEDİ YOĞUN FON),Hisse Senedi Fonu,"0,00","0,00",0,"0,00","0,00",0,"0,00"
DFC,DENİZ PORTFÖY TARIM VE GIDA DEĞİŞKEN FON,Değişken Fon,"115944084,80","105156301,98","-9,3","36308488,00","32870372,00","-9,47","0,18"
DFD,DENİZ PORTFÖY EMTİA SERBEST FON,Serbest Fon,"133899620,42","141206681,36","5,46","53040500,00","52501118,00","-1,02","6,54"
DFI,ATLAS PORTFÖY SERBEST FON,Serbest Fon,"27564807757,66","33181605270,57","20,38","5381258039,00","5954911989,00","10,66","8,78"
DGF,A1 CAPİTAL PORTFÖY DEĞİŞKEN FON,Değişken Fon,"14229144,76","357795913,53","2414,53","11297590,00","250086745,00","2113,63","13,59"
DGH,ATA PORTFÖY PARA PİYASASI SERBEST (TL) FON,Serbest Fon,"3311880621,24","3933969170,40","18,78","317531991,00","364646855,00","14,84","3,44"
DHJ,DENİZ PORTFÖY TEKNOLOJİ ŞİRKETLERİ HİSSE SENEDİ FONU (HİSSE SENEDİ YOĞUN FON),Hisse Senedi Fonu,"215822100,06","216153003,52","0,15","31038855,00","29776658,00","-4,07","4,40"
DHM,DENİZ PORTFÖY ESG-SÜRDÜRÜLEBİLİRLİK FON SEPETİ FONU,Fon Sepeti Fonu,"28450747,79","26155759,88","-8,07","5507255,00","4919718,00","-10,67","2,91"
DHT,DENİZ PORTFÖY HAVACILIK VE SAVUNMA TEKNOLOJİLERİ DEĞİŞKEN FON,Değişken Fon,"64785445,45","80678188,26","24,53","59080059,00","67422031,00","14,12","9,12"
DHV,DENİZ PORTFÖY BİRİNCİ HİSSE SENEDİ SERBEST (TL) FON (HİSSE SENEDİ YOĞUN FON),Serbest Fon,"556333881,06","675704004,92","21,46","221538454,00","229297012,00","3,5","17,35"
DID,DENİZ PORTFÖY İKİNCİ DEĞİŞKEN FON,Değişken Fon,"26529755,91","27655647,57","4,24","18796074,00","18839745,00","0,23","4,00"
DIP,DENİZ PORTFÖY İKİNCİ PARA PİYASASI SERBEST (TL) FON,Serbest Fon,"56448682892,38","66202104783,51","17,28","36967232170,00","41913968195,00","13,38","3,44"
DKC,DENİZ PORTFÖY İKİNCİ SERBEST FON,Serbest Fon,"183415,80","10653502,07","5708,39","313506,00","17647472,00","5529,07","3,19"
DKH,DENİZ PORTFÖY KATILIM HİSSE SENEDİ (TL) FONU (HİSSE SENEDİ YOĞUN FON),Hisse Senedi Fonu,"219088155,93","217417657,08","-0,76","58232908,00","56676895,00","-2,67","1,96"
DKL,DENİZ PORTFÖY BİRİNCİ KATILIM SERBEST (DÖVİZ) FON,Serbest Fon,"376445986,48","373418184,98","-0,8","7583995,00","7374530,00","-2,76","2,01"
DKR,DENİZ PORTFÖY ONDÖRDÜNCÜ SERBEST FON,Serbest Fon,"461959390,20","304596203,31","-34,06","441142096,00","328285064,00","-25,58","-11,40"
DL2,DENİZ PORTFÖY İKİNCİ PARA PİYASASI (TL) FONU,Para Piyasası Fonu,"8433531251,66","15404490967,50","82,66","3519015198,00","6214120837,00","76,59","3,44"
DLD,DENİZ PORTFÖY SÜRDÜRÜLEBİLİRLİK HİSSE SENEDİ FONU (HİSSE SENEDİ YOĞUN FON),Hisse Senedi Fonu,"61636259,42","62263466,42","1,02","8140268,00","8069352,00","-0,87","1,91"
DLY,DENİZ PORTFÖY PARA PİYASASI (TL) FONU,Para Piyasası Fonu,"70313747779,90","77915819878,79","10,81","11960118848,00","12824231858,00","7,22","3,35"
DLZ,DENİZ PORTFÖY ALİZE HİSSE SENEDİ SERBEST (TL) FON (HİSSE SENEDİ YOĞUN FON),Serbest Fon,"62404,47","10935534,26","17423,64","123422,00","21673008,00","17460,08","-0,21"
DMG,DENİZ PORTFÖY GÜMÜŞ FON SEPETİ FONU,Fon Sepeti Fonu,"2687439214,55","3123973253,81","16,24","454198836,00","444847480,00","-2,06","18,69"
DNF,A1 CAPİTAL PORTFÖY DİNAMİK FON SEPETİ FONU,Fon Sepeti Fonu,"27753645,66","465638559,38","1577,76","22800561,00","355889352,00","1460,88","7,49"
DNH,DENİZ PORTFÖY İNŞAAT SEKTÖRÜ HİSSE SENEDİ SERBEST (TL) FON (HİSSE SENEDİ YOĞUN FON),Serbest Fon,"18817072,51","17905146,16","-4,85","16214849,00","15608332,00","-3,74","-1,15"
DNK,TACİRLER PORTFÖY DENGE KATILIM SERBEST FON,Serbest Fon,"645621605,91","662425503,06","2,6","380709481,00","380033553,00","-0,18","2,79"
DNM,QNB PORTFÖY DİNAMİK DAĞILIMLI SERBEST (DÖVİZ) FON,Serbest Fon,"1411218941,29","1417625758,87","0,45","27846259,00","26782845,00","-3,82","4,44"
DNP,DENİZ PORTFÖY PARA PİYASASI KATILIM SERBEST (TL) FON,Serbest Fon,"1581712919,19","1925953397,37","21,76","1139063184,00","1342316657,00","17,84","3,33"
DOH,TERA PORTFÖY DÖRDÜNCÜ HİSSE SENEDİ SERBEST (TL) FON (HİSSE SENEDİ YOĞUN FON),Serbest Fon,"615872287,02","2758701109,98","347,93","305256493,00","1266790889,00","314,99","7,94"
DOL,AKTİF PORTFÖY ÜÇÜNCÜ AKTİF SERBEST (DÖVİZ) FON,Serbest Fon,"5438352426,34","5571714061,34","2,45","105091830,00","105562078,00","0,45","2,00"
DOV,DENİZ PORTFÖY ONÜÇÜNCÜ SERBEST (DÖVİZ-AVRO) FON,Serbest Fon,"73803852258,47","75196126021,30","1,89","1258076422,00","1230171915,00","-2,22","4,20"
DPB,DENİZ PORTFÖY SERBEST (DÖVİZ) FON,Serbest Fon,"13829158466,89","11992033147,99","-13,28","582488373,00","493668532,00","-15,25","2,32"
DPI,DENİZ PORTFÖY İSTATİSTİKSEL ARBİTRAJ HİSSE SENEDİ SERBEST FON (HİSSE SENEDİ YOĞUN FON),Serbest Fon,"366588172,47","378351068,06","3,21","42662826,00","42678303,00","0,04","3,17"
DPK,DENİZ PORTFÖY KİRA SERTİFİKALARI KATILIM (TL) FONU,Katılım Fonu,"820524721,07","873977372,95","6,51","98109518,00","101355464,00","3,31","3,10"
DPT,DENİZ PORTFÖY BİST TEMETTÜ 25 ENDEKSİ HİSSE SENEDİ FONU ( HİSSE SENEDİ YOĞUN FON ),Hisse Senedi Fonu,"304738147,78","300732931,96","-1,31","17243016,00","16618772,00","-3,62","2,39"
DRA,NEO PORTFÖY DORA SERBEST FON,Serbest Fon,"45761577,57","44565188,51","-2,61","36422364,00","34279908,00","-5,88","3,47"
DRT,DENİZ PORTFÖY ROBOTİK TEKNOLOJİLERİ DEĞİŞKEN FON,Değişken Fon,"41520199,00","40544102,89","-2,35","35280181,00","32711596,00","-7,28","5,32"
DSD,DENİZ PORTFÖY İKİNCİ SERBEST (DÖVİZ_AVRO) FON,Serbest Fon,"4653154580,61","3548435739,57","-23,74","66933288,00","48969409,00","-26,84","4,23"
DSP,DENİZ PORTFÖY DENGELİ FON SEPETİ FONU,Fon Sepeti Fonu,"146073102,47","143683216,83","-1,64","10212473,00","9682726,00","-5,19","3,75"
DTH,EMAA BLUE PORTFÖY DÖNÜŞÜM TEKNOLOJİLERİ HİSSE SENEDİ (TL) FONU (HİSSE SENEDİ YOĞUN FON),Hisse Senedi Fonu,"244648228,69","241968821,49","-1,1","177040258,00","174143149,00","-1,64","0,55"
DTL,DENİZ PORTFÖY BIST 100 DIŞI ŞİRKETLER HİSSE SENEDİ (TL) FONU (HİSSE SENEDİ YOĞUN FON),Hisse Senedi Fonu,"170070408,64","165784273,30","-2,52","40300342,00","39282647,00","-2,53","0,01"
DTM,DENİZ PORTFÖY TEMETTÜ ÖDEYEN ŞİRKETLER DEĞİŞKEN FON,Değişken Fon,"61946921,06","62305863,09","0,58","43468787,00","42460409,00","-2,32","2,97"
DTZ,AK PORTFÖY ROBOTİK TEKNOLOJİLER DEĞİŞKEN FON,Değişken Fon,"463538331,91","513361222,94","10,75","92010989,00","95610403,00","3,91","6,58"
DUD,DENİZ PORTFÖY UZUN VADELİ SERBEST (DÖVİZ) FON,Serbest Fon,"405460913,50","364699033,26","-10,05","7875521,00","6892095,00","-12,49","2,78"
DUH,HEDEF PORTFÖY UFUK HİSSE SENEDİ SERBEST FON (HİSSE SENEDİ YOĞUN FON),Serbest Fon,"7462573,91","557236578,21","7367,08","6200504,00","350674220,00","5555,58","32,03"
DUV,DENİZ PORTFÖY UZUN VADELİ BORÇLANMA ARAÇLARI FONU,Borçlanma Araçları Fonu,"58533639,20","56691501,75","-3,15","46685723,00","43426225,00","-6,98","4,12"
DVS,DENİZ PORTFÖY KISA VADELİ SERBEST (TL) FON,Serbest Fon,"268646607,14","305863508,41","13,85","176876755,00","194668797,00","10,06","3,45"
DVT,DENİZ PORTFÖY METAVERSE VE DİJİTAL YAŞAM TEKNOLOJİLERİ DEĞİŞKEN FON,Değişken Fon,"860002964,99","882472036,43","2,61","91005516,00","89432179,00","-1,73","4,42"
DXP,DENİZ PORTFÖY İHRACATÇI ŞİRKETLER HİSSE SENEDİ FONU (HİSSE SENEDİ YOĞUN FON),Hisse Senedi Fonu,"49737150,14","48524754,90","-2,44","26575379,00","25149595,00","-5,37","3,09"
DYN,DENİZ PORTFÖY ELEKTRİKLİ VE OTONOM ARAÇ TEKNOLOJİLERİ DEĞİŞKEN FON,Değişken Fon,"60795585,86","58084604,14","-4,46","13547582,00","12991280,00","-4,11","-0,37"
DZE,DENİZ PORTFÖY BIST 100 ENDEKSİ HİSSE SENEDİ FONU(HİSSE SENEDİ YOĞUN FON),Hisse Senedi Fonu,"230818797,89","194503217,16","-15,73","232497700,00","192475600,00","-17,21","1,79"
DZM,DENİZ PORTFÖY BEŞİNCİ SERBEST (DÖVİZ) FON,Serbest Fon,"13298053928,34","11983323156,23","-9,89","157684783,00","138648785,00","-12,07","2,49"
EBD,GLOBAL MD PORTFÖY İKİNCİ DEĞİŞKEN FON,Değişken Fon,"89399958,83","77808453,52","-12,97","348256419,00","302999700,00",-13,"0,03"
EBI,EMAA BLUE PORTFÖY İKİNCİ SERBEST (DÖVİZ-AVRO) FON,Serbest Fon,"761442470,51","793152206,00","4,16","13830089,00","13830072,00",0,"4,16"
EBS,EMAA BLUE PORTFÖY BİRİNCİ SERBEST (DÖVİZ-ABD DOLARI) FON,Serbest Fon,"4275441676,50","4447431390,06","4,02","88858637,00","90567785,00","1,92","2,06"
EC2,GLOBAL MD PORTFÖY BİRİNCİ HİSSE SENEDİ FONU(HİSSE SENEDİ YOĞUN FON),Hisse Senedi Fonu,"68929278,63","62865571,16","-8,8","806528,80","752284,80","-6,73","-2,22"
ECA,GLOBAL MD PORTFÖY BİRİNCİ DEĞİŞKEN FON,Değişken Fon,"264705770,49","310884357,72","17,45","137712860,00","152899146,00","11,03","5,78"
EDN,EMAA BLUE PORTFÖY DENGELİ DEĞİŞKEN FON,Değişken Fon,"200979686,88","279720721,84","39,18","201084113,00","270676916,00","34,61","3,39"
EDP,NEO PORTFÖY KORUNCUK EĞİTİME DESTEK PARA PİYASASI SERBEST FON,Serbest Fon,"59984372,06","68746964,33","14,61","53159050,00","58832568,00","10,67","3,56"
EDT,DENİZ PORTFÖY TED EĞİTİME DESTEK SERBEST FON,Serbest Fon,"1041268844,93","975674174,23","-6,3","476157663,00","431945601,00","-9,29","3,29"
EDU,İŞ PORTFÖY TEV EĞİTİME DESTEK DEĞİŞKEN FON,Değişken Fon,"355807985,42","365077098,51","2,61","101831728,00","101255514,00","-0,57","3,19"
EGR,EMAA BLUE PORTFÖY AGRESİF DEĞİŞKEN FON,Değişken Fon,"218304364,36","267696245,11","22,63","220999946,00","258484517,00","16,96","4,84"
EIB,ASTRA PORTFÖY DEĞİŞKEN FON,Değişken Fon,"355273921,81","305445929,99","-14,03","530901704,00","446754511,00","-15,85","2,17"
EID,ASTRA PORTFÖY HİSSE SENEDİ FONU (HİSSE YOĞUN FON),Hisse Senedi Fonu,"93312793,41","92322739,95","-1,06","48532676,00","46772914,00","-3,63","2,66"
EIL,ASTRA PORTFÖY PARA PİYASASI (TL) FONU,Para Piyasası Fonu,"1173178431,75","983986779,28","-16,13","229970111,00","186472007,00","-18,91","3,44"
EKF,ASTRA PORTFÖY KİRA SERTİFİKASI KATILIM (TL) FONU,Katılım Fonu,"1851822165,69","1574260977,68","-14,99","14018669466,00","11523777645,00","-17,8","3,42"
ELZ,ASTRA PORTFÖY KATILIM HİSSE SENEDİ FONU (HİSSE SENEDİ YOĞUN FON),Hisse Senedi Fonu,"415689754,00","292262472,24","-29,69","29893748,00","21047668,00","-29,59","-0,14"
EML,AK PORTFÖY EMLAK SEKTÖRÜ DEĞİŞKEN FON,Değişken Fon,"46812450,39","43188833,93","-7,74","37553378,00","34404667,00","-8,38","0,70"
ENJ,AKTİF PORTFÖY ENERJİ ŞİRKETLERİ HİSSE SENEDİ (TL) FONU (HİSSE SENEDİ YOĞUN FON),Hisse Senedi Fonu,"62612210,22","59553795,46","-4,88","43427045,00","43223051,00","-0,47","-4,44"
EP1,EMLAK KATILIM PORTFÖY PARA PİYASASI KATILIM (TL) FONU,Katılım Fonu,"10992954215,59","13169190206,70","19,8","10628136137,00","12330153690,00","16,01","3,26"
EPA,EMAA BLUE PORTFÖY PARA PİYASASI KATILIM (TL) FONU,Katılım Fonu,"521105030,19","540120082,82","3,65","391049534,00","392118867,00","0,27","3,37"
EPI,EMAA BLUE PORTFÖY İNŞAAT SEKTÖRÜ KATILIM FONU,Katılım Fonu,"290564760,90","283691481,73","-2,37","253351481,00","251417189,00","-0,76","-1,61"
EPK,EMAA BLUE PORTFÖY KIYMETLİ MADENLER KATILIM FON SEPETİ FONU,Fon Sepeti Fonu,"234959821,26","251134737,57","6,88","194019559,00","180596515,00","-6,92","14,83"
EPP,EMAA BLUE PORTFÖY PARA PİYASASI SERBEST FON,Serbest Fon,"1918147112,57","1920208525,42","0,11","1339983923,00","1297129386,00","-3,2","3,41"
EPT,EMAA BLUE PORTFÖY PARA PİYASASI (TL) FONU,Para Piyasası Fonu,"1088997970,13","1287110667,42","18,19","843173859,00","963641311,00","14,29","3,42"
ESG,AKTİF PORTFÖY ESG SÜRDÜRÜLEBİLİRLİK SERBEST FON,Serbest Fon,"111276258,55","10968898,80","-90,14","27952137,00","2699376,00","-90,34","2,07"
ESP,AURA PORTFÖY EMTİA SERBEST FON,Serbest Fon,"25779621,17","24924255,48","-3,32","72412124,00","71033324,00","-1,9","-1,44"
ETN,EMAA BLUE PORTFÖY TEMKİNLİ DEĞİŞKEN FON,Değişken Fon,"0,00","200171345,51",0,"0,00","200000398,00",0,"0,00"
EUN,GARANTİ PORTFÖY İKİNCİ SERBEST (DÖVİZ-AVRO) FON,Serbest Fon,"6151705283,49","6291271702,88","2,27","99458901,00","97589820,00","-1,88","4,23"
EUZ,GARANTİ PORTFÖY SERBEST (DÖVİZ-AVRO) FON,Serbest Fon,"138935842755,46","142722914037,69","2,73","2284862606,00","2253308012,00","-1,38","4,16"
EVM,DENİZ PORTFÖY ENERJİ VE MADENCİLİK SEKTÖRÜ DEĞİŞKEN FON,Değişken Fon,"38378750,66","39641094,53","3,29","36524249,00","34440628,00","-5,7","9,54"
EYT,AKTİF PORTFÖY İKİNCİ FON SEPETİ FONU,Fon Sepeti Fonu,"44540691,18","43441893,49","-2,47","15458132,00","14239137,00","-7,89","5,88"
FAK,FONMAP PORTFÖY ALTIN KATILIM FONU,Katılım Fonu,"23795284,56","22907784,28","-3,73","20362710,00","17384508,00","-14,63","12,76"
FAL,ONE PORTFÖY ALTIN FONU,Altın Ve Diğer Kıymetli Madenler Fonu,"304731302,57","338178508,34","10,98","269243002,00","266203412,00","-1,13","12,24"
FBC,ONE PORTFÖY KAR PAYI ÖDEYEN KATILIM FONU,Katılım Fonu,"192652212,80","180560251,35","-6,28","90339506,00","87033508,00","-3,66","-2,72"
FBI,FİBA PORTFÖY BİRİNCİ SERBEST (DÖVİZ) FON,Serbest Fon,"15088250865,31","14466601618,24","-4,12","290098283,00","272757735,00","-5,98","1,98"
FBV,İŞ PORTFÖY MODEL SERBEST FON,Serbest Fon,"630033877,23","651474887,35","3,4","86238099,00","84010729,00","-2,58","6,14"
FBZ,FİBA PORTFÖY TEKNOLOJİ SERBEST FON,Serbest Fon,"258924448,56","295169777,83",14,"58402468,00","62476025,00","6,97","6,57"
FCK,ONE PORTFÖY ÇOKLU VARLIK KATILIM FONU,Katılım Fonu,"333198826,02","304061777,84","-8,74","173407284,00","163691112,00","-5,6","-3,33"
FD1,ONE PORTFÖY BİRİNCİ DEĞİŞKEN FON,Değişken Fon,"19930208,54","19302164,46","-3,15","10290592,00","9549713,00","-7,2","4,36"
FDG,FONMAP PORTFÖY BİRİNCİ DEĞİŞKEN FON,Değişken Fon,"102866139,95","73007964,41","-29,03","37971298,00","27439341,00","-27,74","-1,78"
FDV,AZİMUT PORTFÖY DMR SERBEST FON,Serbest Fon,"1429521703,88","1482136541,31","3,68","245000000,00","245000000,00",0,"3,68"
FFH,QNB PORTFÖY ÇOKLU VARLIK KATILIM FONU,Katılım Fonu,"1727294318,44","1612419084,72","-6,65","206639453,00","184473242,00","-10,73","4,57"
FFP,QNB PORTFÖY FON SEPETİ FONU,Fon Sepeti Fonu,"2337665855,75","1964289024,79","-15,97","315810878,00","253620126,00","-19,69","4,63"
FI3,QNB PORTFÖY BORÇLANMA ARAÇLARI FONU,Borçlanma Araçları Fonu,"1620175803,08","1575107083,64","-2,78","2127327,80","1985384,80","-6,67","4,17"
FIB,FİBA PORTFÖY ALTIN FONU,Altın Fonu,"4677763265,70","5184627142,01","10,84","10295702608,58","10075462457,58","-2,14","13,26"
FID,FİBA PORTFÖY ÇOKLU VARLIK İKİNCİ DEĞİŞKEN FON,Değişken Fon,"915844057,84","871056122,44","-4,89","902885304,00","836108005,00","-7,4","2,71"
FIL,FİBA PORTFÖY PARA PİYASASI (TL) FONU,Para Piyasası Fonu,"13105524088,56","13846051308,66","5,65","36446967250,00","37245136221,00","2,19","3,39"
FIT,FİBA PORTFÖY BORÇLANMA ARAÇLARI (TL) FONU,Borçlanma Araçları Fonu,"188404852,35","190281926,46",1,"853053214,00","826157214,00","-3,15","4,28"
FJB,FİBA PORTFÖY BLOK ZİNCİRİ TEKNOLOJİLERİ SERBEST FON,Serbest Fon,"421246048,54","403520100,77","-4,21","61187581,00","55944670,00","-8,57","4,77"
FJZ,FİBA PORTFÖY FIRTINA SERBEST (DÖVİZ) FON,Serbest Fon,"1770807349,46","1489559994,59","-15,88","27266573,00","22470346,00","-17,59","2,07"
FKE,QNB PORTFÖY KRİSTAL SERBEST (DÖVİZ-AVRO) FON,Serbest Fon,"46459358913,99","49814627879,09","7,22","808189148,00","832081915,00","2,96","4,14"
FLS,YAPI KREDİ PORTFÖY FLORYA SERBEST (DÖVİZ-AVRO) FON,Serbest Fon,"4064447721,20","4096143875,21","0,78","67572309,00","65022067,00","-3,77","4,73"
FLY,AKTİF PORTFÖY HAVACILIK VE SAVUNMA TEKNOLOJİLERİ DEĞİŞKEN FON,Değişken Fon,"92295630,17","119536360,73","29,51","59410556,00","70540564,00","18,73","9,08"
FMG,QNB PORTFÖY GÜMÜŞ SERBEST FON,Serbest Fon,"10744710340,66","13104644682,27","21,96","3726807475,00","3803499085,00","2,06","19,50"
FMV,DENİZ PORTFÖY FMV IŞIK ÜNİVERSİTESİ EĞİTİME DESTEK SERBEST FON,Serbest Fon,"158317275,18","163291773,88","3,14","114921787,00","114898286,00","-0,02","3,16"
FNO,QNB PORTFÖY BİRİNCİ DEĞİŞKEN FON,Değişken Fon,"11388560848,72","10858424009,82","-4,65","57712831371,04","52507398954,04","-9,02","4,80"
FNT,HEDEF PORTFÖY MODEL HİSSE SENEDİ SERBEST (TL) FON (HİSSE SENEDİ YOĞUN FON),Serbest Fon,"513335937,93","645601360,19","25,77","236011019,00","277347816,00","17,51","7,02"
FP4,ONE PORTFÖY DÖRDÜNCÜ HİSSE SENEDİ SERBEST FON (HİSSE SENEDİ YOĞUN FON),Serbest Fon,"220200652,65","135575848,48","-38,43","197439184,00","168686438,00","-14,56","-27,94"
FPE,FİBA PORTFÖY EUROBOND BORÇLANMA ARAÇLARI (DÖVİZ) FONU,Borçlanma Araçları Fonu,"319994238,59","338856702,92","5,89","4281839,00","4432993,00","3,53","2,28"
FPG,FİBA PORTFÖY GÜMÜŞ SERBEST FON,Serbest Fon,"778727731,71","871439267,88","11,91","412118646,00","384364900,00","-6,73","19,99"
FPH,FİBA PORTFÖY HİSSE SENEDİ (TL) FONU (HİSSE SENEDİ YOĞUN FON),Hisse Senedi Fonu,"1305964157,69","1283106090,06","-1,75","38309977,00","36832508,00","-3,86","2,19"
FPI,FONMAP PORTFÖY BİRİNCİ PARA PİYASASI (TL) FONU,Para Piyasası Fonu,"92678654,50","65898991,47","-28,9","36291756,00","25001443,00","-31,11","3,21"
FPK,FİBA PORTFÖY KISA VADELİ BORÇLANMA ARAÇLARI (TL) FONU,Borçlanma Araçları Fonu,"287335708,17","274515337,26","-4,46","3025468228,00","2794749228,00","-7,63","3,43"
FPR,STRATEJİ PORTFÖY FOREST HİSSE SENEDİ SERBEST FON (HİSSE SENEDİ YOĞUN FON),Serbest Fon,"166039140,53","167276931,22","0,75","15255522,00","15083829,00","-1,13","1,89"
FPZ,QNB PORTFÖY BİRİNCİ SERBEST (DÖVİZ) FON,Serbest Fon,"136299274885,95","130590610254,71","-4,19","2009778748,00","1889227637,00",-6,"1,93"
FRA,AZİMUT PORTFÖY MAB SERBEST FON,Serbest Fon,"530928854,34","525814946,14","-0,96","16346222,00","16346222,00",0,"-0,96"
FRC,FONMAP PORTFÖY BİRİNCİ HİSSE SENEDİ SERBEST FON (HİSSE SENEDİ YOĞUN FON),Serbest Fon,"45497484,99","74367665,05","63,45","27459677,00","51173112,00","86,36","-12,29"
FS5,ONE PORTFÖY BİRİNCİ İSTATİSTİKSEL ARBİTRAJ HİSSE SENEDİ SERBEST FON (HİSSE SENEDİ YOĞUN FON),Serbest Fon,"20639621,13","10100741,76","-51,06","9505215,00","4871508,00","-48,75","-4,51"
FS6,ONE PORTFÖY İKİNCİ İSTATİSTİKSEL ARBİTRAJ SERBEST FON,Serbest Fon,"62666660,73","130759322,65","108,66","34645030,00","69190446,00","99,71","4,48"
FSF,FİBA PORTFÖY PARA PİYASASI SERBEST (TL) FON,Serbest Fon,"11503243714,41","11659047196,08","1,35","1718774527,00","1685491296,00","-1,94","3,36"
FSG,FİBA PORTFÖY BİRİNCİ HİSSE SENEDİ SERBEST FON (HİSSE SENEDİ YOĞUN FON),Serbest Fon,"716319289,79","680708548,02","-4,97","192432240,00","180394612,00","-6,26","1,37"
FSH,FİBA PORTFÖY FON SEPETİ SERBEST FON,Serbest Fon,"389171684,63","377936555,56","-2,89","84191068,00","78730843,00","-6,49","3,85"
FSK,QNB PORTFÖY İKİNCİ PARA PİYASASI (TL) FONU,Para Piyasası Fonu,"5411530422,79","5525858671,32","2,11","915442011,00","903819733,00","-1,27","3,43"
FSP,FONMAP PORTFÖY SERBEST (DÖVİZ) FON,Serbest Fon,"384375,19","131343,45","-65,83","15189,00","6403,00","-57,84","-18,94"
FSR,FİBA PORTFÖY İKİNCİ SERBEST (DÖVİZ-AVRO) FON,Serbest Fon,"4643855956,57","4810881717,77","3,6","100723253,00","100189203,00","-0,53","4,15"
FSU,TERA PORTFÖY FON SEPETİ FONU,Fon Sepeti Fonu,"643725746,81","0,00",-100,"517168012,00","0,00",-100,"-100,00"
FTL,ONE PORTFÖY PARA PİYASASI KATILIM FONU,Katılım Fonu,"267135708,64","274771011,24","2,86","180190045,00","179414062,00","-0,43","3,30"
FUA,AK PORTFÖY İHRACATÇI ŞİRKETLER HİSSE SENEDİ (TL) FONU (HİSSE SENEDİ YOĞUN FON),Hisse Senedi Fonu,"326378626,44","330349782,54","1,22","62362012,00","60460648,00","-3,05","4,40"
FUB,QNB PORTFÖY EUROBOND (DÖVİZ) BORÇLANMA ARAÇLARI FONU,Borçlanma Araçları Fonu,"1045297637,75","916498772,74","-12,32","1417935661,00","1213182016,00","-14,44","2,48"
FYD,QNB PORTFÖY BİRİNCİ HİSSE SENEDİ FONU (HİSSE SENEDİ YOĞUN FON),Hisse Senedi Fonu,"3451690161,87","3214840605,84","-6,86","307909494,19","275075549,19","-10,66","4,26"
FYI,AZİMUT PORTFÖY 4.0 SERBEST FON,Serbest Fon,"50779852,29","102182105,19","101,23","5093410,00","9879397,00","93,96","3,74"
FYO,QNB PORTFÖY ÖZEL SEKTÖR BORÇLANMA ARAÇLARI FONU,Borçlanma Araçları Fonu,"1670068696,91","1911724608,87","14,47","1453711412,01","1610616856,01","10,79","3,32"
FZJ,FİBA PORTFÖY BİRİNCİ FON SEPETİ FONU,Fon Sepeti Fonu,"1215416347,59","1167879217,22","-3,91","221290210,63","205696612,63","-7,05","3,37"
FZP,FİBA PORTFÖY SERBEST FON,Serbest Fon,"921120687,39","827696442,14","-10,14","142225653,00","124509133,00","-12,46","2,64"
GA1,GARANTİ PORTFÖY BORÇLANMA ARAÇLARI FONU,Borçlanma Araçları Fonu,"327091470,78","316560563,70","-3,22","170331061,00","158465008,00","-6,97","4,03"
GAE,GARANTİ PORTFÖY BİST30 ENDEKSİ HİSSE SENEDİ (TL) FONU (HİSSE SENEDİ YOĞUN FON),Hisse Senedi Fonu,"1519773767,16","1417146253,92","-6,75","3364203963,00","3079156315,00","-8,47","1,88"
GAF,INVEO PORTFÖY BİRİNCİ HİSSE SENEDİ FONU (HİSSE SENEDİ YOĞUN FON),Hisse Senedi Fonu,"194937567,44","188550868,17","-3,28","117303307,00","114526549,00","-2,37","-0,93"
GAG,INVEO PORTFÖY BİRİNCİ SERBEST (DÖVIZ)  FON,Serbest Fon,"865740891,88","827041324,20","-4,47","48782534,00","45619700,00","-6,48","2,15"
GAH,GARANTİ PORTFÖY MUTLAK GETİRİ HEDEFLİ DEĞİŞKEN FON,Değişken Fon,"385935316,71","0,00",-100,"31406457,00","0,00",-100,"-100,00"
GAS,GARANTİ PORTFÖY ÜÇÜNCÜ SERBEST(DÖVİZ) FON,Serbest Fon,"3209870121,59","3313214094,09","3,22","10282257113,00","10406859389,00","1,21","1,98"
GBC,AZİMUT PORTFÖY YABANCI HİSSE SENEDİ FONU,Hisse Senedi Fonu,"229642420,84","258541241,00","12,58","765437102,48","835333200,48","9,13","3,16"
GBG,INVEO PORTFÖY G-20 ÜLKELERİ YABANCI HİSSE SENEDİ FONU,Hisse Senedi Fonu,"189264475,45","211912716,63","11,97","334613096,00","357914361,00","6,96","4,68"
GBH,GARANTİ PORTFÖY BİRİNCİ HİSSE SENEDİ SERBEST FON (HİSSE SENEDİ YOĞUN FON),Serbest Fon,"2141098771,41","2154162623,88","0,61","521033012,00","513340518,00","-1,48","2,12"
GBJ,GARANTİ PORTFÖY BANKACILIK SEKTÖRÜ HİSSE SENEDİ SERBEST FON (HİSSE SENEDİ YOĞUN FON),Serbest Fon,"675761537,05","661772064,18","-2,07","482780530,00","466527932,00","-3,37","1,34"
GBL,AZİMUT PYŞ KISA VADELİ BORÇLANMA ARAÇLARI FONU,Borçlanma Araçları Fonu,"2588412761,87","2564341440,92","-0,93","3078866172,97","2952587882,97","-4,1","3,31"
GBN,GARANTİ PORTFÖY BEŞİNCİ (TL) SERBEST FON,Serbest Fon,"6156749279,17","6319492025,71","2,64","925695225,00","920232718,00","-0,59","3,25"
GBV,GARANTİ PORTFÖY BLOCKCHAİN TEKNOLOJİLERİ DEĞİŞKEN FON,Değişken Fon,"2495927646,82","0,00",-100,"194813756,00","0,00",-100,"-100,00"
GBZ,AZİMUT PORTFÖY EMTİA FON SEPETİ FONU,Fon Sepeti Fonu,"1103012191,06","1123813924,77","1,89","339344354,00","320985016,00","-5,41","7,71"
GGK,INVEO PORTFÖY ALTIN FON,Altın Fonu,"2381660426,69","2590144244,21","8,75","188806304,00","182831691,00","-3,16","12,31"
GHS,GARANTİ PORTFÖY HİSSE SENEDİ (TL) FONU (HİSSE SENEDİ YOĞUN FON),Hisse Senedi Fonu,"3246304313,27","2771067583,21","-14,64","83178405,00","69015571,00","-17,03","2,88"
GID,GARANTİ PORTFÖY İNŞAAT SEKTÖRÜ HİSSE SENEDİ FONU (HİSSE SENEDİ YOĞUN FON),Değişken Fon,"49268209,22","0,00",-100,"29328767,00","0,00",-100,"-100,00"
GIE,GARANTİ PORTFÖY GARANTİ BBVA İKLİM ENDEKSİ HİSSE SENEDİ (TL) FONU (HİSSE SENEDİ YOĞUN FON),Hisse Senedi Fonu,"81527313,33","73641958,37","-9,67","22987922,00","20337299,00","-11,53","2,10"
GIH,ALLBATROSS PORTFÖY GIDA VE İÇECEK SEKTÖRÜ HİSSE SENEDİ FONU (HİSSE SENEDİ YOĞUN FON),Hisse Senedi Fonu,"13039442,92","10312366,97","-20,91","5308649,00","4436261,00","-16,43","-5,36"
GJB,INVEO PORTFÖY BİRİNCİ FON SEPETİ FONU,Fon Sepeti Fonu,"80566355,68","77510356,94","-3,79","7807367,00","7316705,00","-6,28","2,66"
GKF,GLOBAL MD PORTFÖY KATILIM FONU,Katılım Fonu,"40204179,04","41924669,78","4,28","8604095,00","9236970,00","7,36","-2,87"
GKG,GARANTİ PORTFÖY KAR PAYI ÖDEYEN HİSSE SENEDİ (TL) FONU (HİSSE SENEDİ YOĞUN FON),Hisse Senedi Fonu,"44801271,77","46422467,81","3,62","32049263,00","32390403,00","1,06","2,53"
GKH,GARANTİ PORTFÖY PARA PİYASASI KATILIM SERBEST (TL) FON,Serbest Fon,"6389580661,67","6373384935,81","-0,25","1471316542,00","1421982156,00","-3,35","3,21"
GKV,GARANTİ PORTFÖY KATILIM HİSSE SENEDİ (TL) FONU (HİSSE SENEDİ YOĞUN FON),Hisse Senedi Fonu,"381618459,13","374856793,30","-1,77","45495418,00","42925750,00","-5,65","4,11"
GL1,AZİMUT PYŞ BİRİNCİ HİSSE SENEDİ FONU (HİSSE SENEDİ YOĞUN FON),Hisse Senedi Fonu,"1300190830,98","1417969711,57","9,06","885851,00","930546,00","5,05","3,82"
GLC,AKTİF PORTFÖY ÜÇÜNCÜ FON SEPETİ FONU,Fon Sepeti Fonu,"16006662,55","16824480,84","5,11","3841533,00","3869911,00","0,74","4,34"
GLG,AKTİF PORTFÖY CAPİTAL HİSSE SENEDİ SERBEST FON (HİSSE SENEDİ YOĞUN FON),Serbest Fon,"35280493,35","27636962,84","-21,67","4300723,00","3388948,00","-21,2","-0,59"
GLL,GOLDEN GLOBAL PORTFÖY ALTIN KATILIM FONU,Katılım Fonu,"0,00","49082576,17",0,"0,00","48075138,00",0,"0,00"
GLS,AZİMUT PORTFÖY  KİRA SERTİFİKALARI (SUKUK) KATILIM FONU,Katılım Fonu,"379773274,84","391465111,25","3,08","2303894727,00","2296675573,00","-0,31","3,40"
GMA,AZİMUT PORTFÖY BİRİNCİ DEĞİŞKEN FON,Değişken Fon,"2512818284,40","2670010459,04","6,26","1195031242,56","1229770256,56","2,91","3,25"
GMC,TEB PORTFÖY GÜMÜŞ FON SEPETİ FONU,Fon Sepeti Fonu,"3643470554,71","0,00",-100,"546590170,00","0,00",-100,"-100,00"
GMD,GLOBAL MD PORTFÖY BİRİNCİ FON SEPETİ FONU,Fon Sepeti Fonu,"3229432,77","3245607,88","0,5","1188709,00","1181601,00","-0,6","1,11"
GMI,AK PORTFÖY GÜMÜŞ SERBEST FON,Serbest Fon,"557925563,16","663817126,41","18,98","475672940,00","474183674,00","-0,31","19,35"
GMN,GLOBAL MD PORTFÖY BİRİNCİ PARA PİYASASI SERBEST (TL) FON,Serbest Fon,"84603227,52","78132022,79","-7,65","64124357,00","57297969,00","-10,65","3,35"
GMR,INVEO PORTFÖY BIST 30 DIŞI ŞİRKETLER HİSSE SENEDİ FONU (HİSSE SENEDİ YOĞUN FON),Hisse Senedi Fonu,"203959451,75","179656655,31","-11,92","142955050,00","128570896,00","-10,06","-2,06"
GNH,GLOBAL MD PORTFÖY ALGORİTMİK MODEL HİSSE SENEDİ FONU (HİSSE SENEDİ YOĞUN FON),Hisse Senedi Fonu,"7343651,31","7215429,54","-1,75","4886542,00","4881395,00","-0,11","-1,64"
GNS,GARANTİ PORTFÖY ENERJİ ŞİRKETLERİ HİSSE SENEDİ (TL) FONU (HİSSE SENEDİ YOĞUN FON),Hisse Senedi Fonu,"80243371,35","70589574,05","-12,03","47212580,00","45500568,00","-3,63","-8,72"
GO1,ONE PORTFÖY BİRİNCİ FON SEPETİ FONU,Fon Sepeti Fonu,"90476042,78","79989772,54","-11,59","19661575,00","16726142,00","-14,93","3,93"
GO2,ONE PORTFÖY KATILIM FON SEPETİ FONU,Fon Sepeti Fonu,"26719433,48","25821893,45","-3,36","5554174,00","5228841,00","-5,86","2,65"
GO3,ONE PORTFÖY ÜÇÜNCÜ FON SEPETİ FONU,Fon Sepeti Fonu,"37930053,92","37304562,19","-1,65","7967826,00","7560134,00","-5,12","3,65"
GO4,ONE PORTFÖY DÖRDÜNCÜ FON SEPETİ FONU,Fon Sepeti Fonu,"59355171,12","49993528,00","-15,77","11548337,00","9353714,00",-19,"3,99"
GO6,ONE PORTFÖY PARA PİYASASI (TL) FONU,Para Piyasası Fonu,"5035139103,08","5657087165,81","12,35","1224425217,00","1328040835,00","8,46","3,59"
GO9,ONE PORTFÖY BİRİNCİ HİSSE SENEDİ FONU (HİSSE SENEDİ YOĞUN FON),Hisse Senedi Fonu,"467142186,87","482999410,32","3,39","167490380,00","171671003,00","2,5","0,88"
GOH,GARANTİ PORTFÖY BIST 100 DIŞI ŞİRKETLER HİSSE SENEDİ (TL) FONU (HİSSE SENEDİ YOĞUN FON),Hisse Senedi Fonu,"621053317,00","611895282,04","-1,47","38355617,00","37103303,00","-3,27","1,85"
GOL,GARANTİ PORTFÖY ALTIN KATILIM FONU,Katılım Fonu,"4372991977,99","4576949253,64","4,66","1717891356,00","1594074727,00","-7,21","12,79"
GOP,GOLDEN GLOBAL PORTFÖY PARA PİYASASI KATILIM FONU,Katılım Fonu,"1449265629,60","2151298598,03","48,44","1231918743,00","1767080627,00","43,44","3,49"
GPA,GARANTİ PORTFÖY EUROBOND BORÇLANMA ARAÇLARI (DÖVİZ) FONU,Borçlanma Araçları Fonu,"824777215,29","816516239,96",-1,"36249824,00","35016643,00","-3,4","2,48"
GPB,GARANTİ PORTFÖY BİRİNCİ DEĞİŞKEN FON,Değişken Fon,"1227557961,62","0,00",-100,"104416795,00","0,00",-100,"-100,00"
GPC,GARANTİ PORTFÖY İKİNCİ SERBEST ( DÖVİZ ) FON,Serbest Fon,"6886070972,39","0,00",-100,"97445953,00","0,00",-100,"-100,00"
GPF,GARANTİ PORTFÖY ÇOKLU VARLIK KATILIM FONU,Katılım Fonu,"611282110,83","686364945,22","12,28","69272556,00","74882978,00","8,1","3,87"
GPG,INVEO PORTFÖY BİRİNCİ DEĞİŞKEN FON,Değişken Fon,"979544284,54","1071259672,75","9,36","59980565,00","62444951,00","4,11","5,05"
GPI,GARANTİ PORTFÖY İKİNCİ DEĞİŞKEN FON,Değişken Fon,"747844214,64","0,00",-100,"41617652,00","0,00",-100,"-100,00"
GPL,GARANTİ PORTFÖY BİRİNCİ SERBEST (DÖVİZ) FON,Serbest Fon,"98360213884,44","99014057509,39","0,66","1884348386,00","1860947624,00","-1,24","1,93"
GPN,GARANTİ PORTFÖY PARA PİYASASI KATILIM (TL) FONU,Katılım Fonu,"4699098612,91","5098312762,24","8,5","3491811069,00","3665784060,00","4,98","3,35"
GPT,AKTİF PORTFÖY ROBOTİK TEKNOLOJİLERİ DEĞİŞKEN FON,Değişken Fon,"109829598,11","111155702,34","1,21","40133687,00","39750597,00","-0,95","2,18"
GPU,GARANTİ PORTFÖY ÜÇÜNCÜ DEĞİŞKEN FON,Değişken Fon,"357473749,20","0,00",-100,"17441892,00","0,00",-100,"-100,00"
GPZ,GARANTİ PORTFÖY ÜÇÜNCÜ PARA PİYASASI FONU,Para Piyasası Fonu,"2865391554,94","3022485826,12","5,48","1511386696,00","1540793752,00","1,95","3,47"
GRL,QNB PORTFÖY AGRESİF SERBEST FON,Serbest Fon,"695795308,36","505719929,45","-27,32","405004988,00","276435296,00","-31,75","6,49"
GRO,GARANTİ PORTFÖY OTUZUNCU SERBEST (DÖVİZ) FON,Serbest Fon,"188156339820,85","193340976184,20","2,76","3537952893,00","3565384145,00","0,78","1,96"
GRT,GARANTİ PORTFÖY TEKNOLOJİ ŞİRKETLERİ HİSSE SENEDİ (TL) FONU (HİSSE SENEDİ YOĞUN FON),Hisse Senedi Fonu,"134901638,00","126816966,63","-5,99","83382910,00","75001100,00","-10,05","4,51"
GSP,AZİMUT PYŞ KAR PAYI ÖDEYEN HİSSE SENEDİ FONU (HİSSE SENEDİ YOĞUN FON),Hisse Senedi Fonu,"3859286550,27","4278932302,13","10,87","6748545654,00","7403866730,00","9,71","1,06"
GTA,GARANTİ PORTFÖY ALTIN FONU,Altın Fonu,"22556183880,02","24987405534,66","10,78","15580412559,00","15281941811,00","-1,92","12,94"
GTF,AZİMUT PYŞ BİRİNCİ BORÇLANMA ARAÇLARI FONU,Borçlanma Araçları Fonu,"155861851,95","146393696,45","-6,07","10830192,20","9845961,20","-9,09","3,31"
GTH,GARANTİ PORTFÖY İHRACATÇI ŞİRKETLER HİSSE SENEDİ (TL) FONU (HİSSE SENEDİ YOĞUN FON),Hisse Senedi Fonu,"34945250,99","31254326,67","-10,56","23340877,00","20300337,00","-13,03","2,83"
GTM,GARANTİ PORTFÖY TEMETTÜ ÖDEYEN ŞİRKETLER HİSSE SENEDİ (TL) FONU (HİSSE SENEDİ YOĞUN FON),Hisse Senedi Fonu,"1118189076,71","1065075525,31","-4,75","142899427,00","133246097,00","-6,76","2,15"
GTY,GARANTİ PORTFÖY TREND SERBEST FON,Serbest Fon,"460943299,02","0,00",-100,"75328556,00","0,00",-100,"-100,00"
GTZ,GARANTİ PORTFÖY GÜMÜŞ FON SEPETİ FONU,Fon Sepeti Fonu,"11385620363,00","0,00",-100,"1124526918,00","0,00",-100,"-100,00"
GUB,GARANTİ PORTFÖY ÖZEL SEKTÖR BORÇLANMA ARAÇLARI FONU,Borçlanma Araçları Fonu,"3409706507,56","4225511022,06","23,93","1372371184,00","1646305532,00","19,96","3,31"
GUF,İŞ PORTFÖY GÜMÜŞ FON SEPETİ FONU,Fon Sepeti Fonu,"357314078,05","586553782,49","64,16","453124288,00","629856865,00",39,"18,10"
GUH,GARANTİ PORTFÖY YABANCI TEKNOLOJİ HİSSE SENEDİ FONU,Hisse Senedi Fonu,"4546879996,97","0,00",-100,"10337341890,00","0,00",-100,"-100,00"
GUK,GARANTİ PORTFÖY GÜMÜŞ KATILIM SERBEST FON,Serbest Fon,"985152354,56","0,00",-100,"805795867,00","0,00",-100,"-100,00"
GUM,AK PORTFÖY GÜMÜŞ FON SEPETI FONU,Fon Sepeti Fonu,"5861117977,74","0,00",-100,"544698006,00","0,00",-100,"-100,00"
GUV,GARANTİ PORTFÖY UZUN VADELİ BORÇLANMA ARAÇLARI FONU,Borçlanma Araçları Fonu,"589189286,57","552059988,79","-6,3","355076249,00","319173667,00","-10,11","4,24"
GVA,GARANTİ PORTFÖY ELEKTRİKLİ VE OTONOM ARAÇLAR DEĞİŞKEN FON,Değişken Fon,"100051555,19","0,00",-100,"24152541,00","0,00",-100,"-100,00"
GVI,GARANTİ PORTFÖY ÜÇÜNCÜ FON SEPETİ FONU,Fon Sepeti Fonu,"1214180127,95","0,00",-100,"221483988,00","0,00",-100,"-100,00"
GYK,INVEO PORTFÖY BORÇLANMA ARAÇLARI (TL) FONU,Borçlanma Araçları Fonu,"79639164,24","83364150,23","4,68","717878562,00","727476499,00","1,34","3,30"
GZE,GARANTİ PORTFÖY EMTİA SERBEST FON,Serbest Fon,"1434687092,49","0,00",-100,"200755966,00","0,00",-100,"-100,00"
GZG,GARANTİ PORTFÖY SAĞLIK VE GENETİK TEKNOLOJİLERİ DEĞİŞKEN FON,Değişken Fon,"413305828,99","0,00",-100,"57838106,00","0,00",-100,"-100,00"
GZH,GARANTİ PORTFÖY TEMİZ ENERJİ DEĞİŞKEN FON,Değişken Fon,"432013110,67","0,00",-100,"88824288,00","0,00",-100,"-100,00"
GZJ,GARANTİ PORTFÖY İKİNCİ FON SEPETİ FONU,Fon Sepeti Fonu,"1796514232,59","0,00",-100,"212171063,00","0,00",-100,"-100,00"
GZL,GARANTİ PORTFÖY TARIM VE GIDA SEKTÖRÜ DEĞİŞKEN FON,Değişken Fon,"341858731,92","0,00",-100,"61024553,00","0,00",-100,"-100,00"
GZM,GLOBAL MD PORTFÖY DURU SERBEST FON,Serbest Fon,"418414708,04","648741218,03","55,05","43315045,00","63977413,00","47,7","4,97"
GZN,GLOBAL MD PORTFÖY BOĞAZİÇİ SERBEST FON,Serbest Fon,"405971494,73","386074212,70","-4,9","8153041,00","7668095,00","-5,95","1,11"
GZP,GARANTİ PORTFÖY BİRİNCİ FON SEPETİ FONU,Fon Sepeti Fonu,"4004486582,12","0,00",-100,"536747569,00","0,00",-100,"-100,00"
GZR,GARANTİ PORTFÖY SÜRDÜRÜLEBİLİRLİK HİSSE SENEDİ (TL) FONU (HİSSE SENEDİ YOĞUN FON),Hisse Senedi Fonu,"1074457933,85","1065594310,10","-0,82","91915315,00","91428228,00","-0,53","-0,30"
GZV,GARANTİ PORTFÖY ESG SÜRDÜRÜLEBİLİRLİK FON SEPETİ FONU,Fon Sepeti Fonu,"97855916,18","0,00",-100,"11667031,00","0,00",-100,"-100,00"
GZY,GARANTİ PORTFÖY TURİZM VE SEYAHAT SEKTÖRÜ DEĞİŞKEN FON,Değişken Fon,"84801128,36","0,00",-100,"10922040,00","0,00",-100,"-100,00"
GZZ,GARANTİ PORTFÖY FİNANSAL TEKNOLOJİLER DEĞİŞKEN FON,Değişken Fon,"73731432,99","0,00",-100,"11054086,00","0,00",-100,"-100,00"
HAI,AHLATCI PORTFÖY ALTIN FONU,Altın Fonu,"9305089,92","10663322,47","14,6","9861576,00","10090870,00","2,33","11,99"
HAM,HEDEF PORTFÖY ALTIN KATILIM FONU,Katılım Fonu,"1446686070,94","1583344490,29","9,45","516971431,00","501237410,00","-3,04","12,88"
HAR,BV PORTFÖY HARMONY SERBEST FON,Serbest Fon,"38449503,07","40477569,17","5,27","36784979,00","36777933,00","-0,02","5,29"
HAT,HEDEF PORTFÖY ATLAS İSTATİSTİKSEL ARBİTRAJ HİSSE SENEDİ SERBEST FON (HİSSE SENEDİ YOĞUN FON),Serbest Fon,"4979541,81","3547468,56","-28,76","2667923,00","1887415,00","-29,26","0,70"
HBF,HSBC PORTFÖY ALTIN FONU,Altın Fonu,"5958492720,61","6442746800,20","8,13","128725914,00","123465615,00","-4,09","12,73"
HBN,HSBC PORTFÖY BİRİNCİ FON SEPETİ FONU,Fon Sepeti Fonu,"574867669,32","0,00",-100,"136206289,00","0,00",-100,"-100,00"
HBU,HSBC PORTFÖY BİST 30 ENDEKSİ HİSSE SENEDİ FONU (HİSSE SENEDİ YOĞUN FON),Hisse Senedi Fonu,"462252491,93","469775776,20","1,63","324308400,00","320909921,00","-1,05","2,70"
HCV,HEDEF PORTFÖY ATAK ÇOKLU VARLIK KATILIM FONU,Katılım Fonu,"132634201,37","166881053,00","25,82","153105042,00","163345686,00","6,69","17,93"
HDA,HEDEF PORTFÖY DÖRDÜNCÜ İSTATİSTİKSEL ARBİTRAJ HİSSE SENEDİ SERBEST (TL) FON (HİSSE SENEDİ YOĞUN FON),Serbest Fon,"131862440,91","96135600,24","-27,09","43116494,00","30701019,00","-28,8","2,39"
HDD,AHLATCI PORTFÖY BİRİNCİ DEĞİŞKEN FON,Değişken Fon,"4904759,94","8126323,66","65,68","4815163,00","7496289,00","55,68","6,42"
HDK,HEDEF PORTFÖY VEGA İSTATİSTİKSEL ARBİTRAJ HİSSE SENEDİ SERBEST FON (HİSSE SENEDİ YOĞUN FON),Serbest Fon,"11917590,75","12148251,81","1,94","4047864,00","4036816,00","-0,27","2,21"
HEH,HEDEF PORTFÖY ALGO EVEREST İSTATİSTİKSEL ARBİTRAJ HİSSE SENEDİ SERBEST FON (HİSSE SENEDİ YOĞUN FON),Serbest Fon,"638635048,17","642119149,15","0,55","198792342,00","194993092,00","-1,91","2,50"
HFI,HEDEF PORTFÖY İKİNCİ KATILIM HİSSE SENEDİ SERBEST FON (HİSSE SENEDİ YOĞUN FON),Serbest Fon,"58129048,19","61401883,51","5,63","33230089,00","33788767,00","1,68","3,88"
HFO,AHLATCI PORTFÖY KATILIM HİSSE SENEDİ (TL) FONU (HİSSE SENEDİ YOĞUN FON),Hisse Senedi Fonu,"3674774,25","4772326,79","29,87","3655960,00","4594513,00","25,67","3,34"
HFR,A1 CAPİTAL PORTFÖY HİSSE SENEDİ (TL) FONU (HİSSE SENEDİ YOĞUN FON),Hisse Senedi Yoğun,"76212138,19","31763841,42","-58,32","52407149,00","21771686,00","-58,46","0,32"
HGM,HEDEF PORTFÖY İKİNCİ HİSSE SENEDİ (TL) FONU (HİSSE SENEDİ YOĞUN FON),Hisse Senedi Fonu,"148994768,44","155744386,87","4,53","38584445,00","37790428,00","-2,06","6,73"
HGR,HEDEF PORTFÖY ALGORİTMİK STRATEJİLER SERBEST FON,Serbest Fon,"28385860,97","38920316,60","37,11","22014906,00","28980219,00","31,64","4,16"
HGV,HEDEF PORTFÖY BİRİNCİ SERBEST FON,Serbest Fon,"29003603,36","24811338,44","-14,45","5749805,00","4981418,00","-13,36","-1,26"
HIA,HEDEF PORTFÖY İSTATİSTİKSEL ARBİTRAJ SERBEST FON,Serbest Fon,"1269201777,97","1368998339,06","7,86","841059064,00","882240061,00","4,9","2,83"
HIF,HEDEF PORTFÖY İKİNCİ SERBEST FON,Serbest Fon,"10911598,59","11375768,42","4,25","20974086,00","21232053,00","1,23","2,99"
HIH,GARANTİ  PORTFÖY HOLDİNGLER VE İŞTİRAKLERİ HİSSE SENEDİ (TL) FONU (HİSSE SENEDİ YOĞUN FON),Hisse Senedi Fonu,"260432867,41","226487388,10","-13,03","181719718,00","159473431,00","-12,24","-0,90"
HIM,HEDEF PORTFÖY BİRİNCİ İSTATİSTİKSEL ARBİTRAJ HİSSE SENEDİ SERBEST FON (HİSSE SENEDİ YOĞUN FON),Serbest Fon,"281930756,61","281065532,49","-0,31","72330000,00","70383917,00","-2,69","2,45"
HIZ,AZİMUT PORTFÖY DİNAMİK DEĞİŞKEN FON,Değişken Fon,"205814606,07","212557523,56","3,28","101289255,00","103505179,00","2,19","1,07"
HJB,HEDEF PORTFÖY BİRİNCİ DEĞİŞKEN FON,Değişken Fon,"123274501,26","109643740,42","-11,06","29343671,00","23909720,00","-18,52","9,16"
HKG,ZİRAAT PORTFÖY HALK'IN ÜRETEN KADINLARI DEĞİŞKEN FON,Değişken Fon,"33296474,01","35755297,84","7,38","23291666,00","23479068,00","0,8","6,53"
HKH,HEDEF PORTFÖY KATILIM HİSSE SENEDİ (TL) FONU (HİSSE SENEDİ YOĞUN FON),Hisse Senedi Fonu,"1242232315,28","821476160,23","-33,87","142972808,00","94683131,00","-33,78","-0,14"
HKJ,HEDEF PORTFÖY PARA PİYASASI SERBEST FON,Serbest Fon,"11270503087,18","15320869665,01","35,94","8338855589,00","10914757289,00","30,89","3,86"
HKM,HEDEF PORTFÖY BAŞAK HİSSE SENEDİ SERBEST (TL) FON (HİSSE SENEDİ YOĞUN FON),Serbest Fon,"63919313,03","50122760,46","-21,58","15225582,00","12502296,00","-17,89","-4,50"
HKR,HSBC PORTFÖY KIRMIZI HİSSE SENEDİ SERBEST (TL) FON (HİSSE SENEDİ YOĞUN FON),Serbest Fon,"1552120035,53","1521783979,13","-1,95","394990654,00","378225596,00","-4,24","2,39"
HMC,HEDEF PORTFÖY EKİNOKS SERBEST (TL) FON,Serbest Fon,"379685184,87","448103933,82","18,02","49768836,00","56555484,00","13,64","3,86"
HMG,HSBC PYŞ MUTLAK GETİRİ HEDEFLİ HİSSE SENEDİ SERBEST (TL) FON(HİSSE SENEDİ YOĞUN FON),Serbest Fon,"5990382677,55","7183895108,92","19,92","90172834304,00","104826449042,00","16,25","3,16"
HML,HEDEF PORTFÖY KATILIM SERBEST (DÖVİZ) FON,Serbest Fon,"15117449,81","15188617,97","0,47","324492,00","322943,00","-0,48","0,95"
HMS,HSBC PORTFÖY SÜRDÜRÜLEBİLİRLİK HİSSE SENEDİ (TL) FONU (HİSSE SENEDİ YOĞUN FON),Hisse Senedi Fonu,"382400614,01","361207140,75","-5,54","3967690674,00","3810592808,00","-3,96","-1,65"
HOA,HSBC PORTFÖY TEKNOLOJİ DEĞİŞKEN FON,Değişken Fon,"1874889854,73","2079743573,44","10,93","8119130741,00","8584471939,00","5,73","4,91"
HOY,HSBC PORTFÖY YABANCI BYF FON SEPETI,Yabancı Fon Sepeti Fonu,"1355542532,82","1371747549,10","1,2","3834009742,00","3755501578,00","-2,05","3,31"
HP3,HEDEF PORTFÖY LİDYA SERBEST (DÖVİZ) FON,Serbest Fon,"344312176,91","730239479,87","112,09","5999562,00","12461586,00","107,71","2,11"
HPD,HSBC PORTFÖY İKİNCİ DEĞİŞKEN FON,Değişken Fon,"303527663,81","292829149,90","-3,52","1454168243,00","1347249571,00","-7,35","4,13"
HPH,HEDEF PORTFÖY PARA PİYASASI KATILIM FONU,Katılım Fonu,"12521743618,14","7034004188,27","-43,83","5409086814,00","2957905413,00","-45,32","2,73"
HPO,HSBC PORTFÖY ÇOKLU VARLIK BİRİNCİ DEĞİŞKEN FON,Değişken Fon,"1149458797,52","1133984059,75","-1,35","7007262945,00","6654505021,00","-5,03","3,88"
HPT,HSBC PORTFÖY KISA VADELİ BORÇLANMA ARAÇLARI (TL) FONU,Borçlanma Araçları Fonu,"2813776379,24","3098093118,03","10,1","25670934827,00","27363555464,00","6,59","3,29"
HRZ,AKTİF PORTFÖY BIST HALKA ARZ ŞİRKETLERİ HİSSE SENEDİ (TL) FONU (HİSSE SENEDİ YOĞUN FON),Hisse Senedi Fonu,"475624557,08","314983293,36","-33,77","197785740,00","134121342,00","-32,19","-2,34"
HSA,HSBC PORTFÖY DEĞİŞKEN (TL) FON,Değişken Fon,"4093769817,11","4107664986,90","0,34","2546543,00","2489872,00","-2,23","2,62"
HSL,HSBC PORTFÖY PARA PİYASASI (TL) FONU,Para Piyasası Fonu,"25215960761,78","26087274129,35","3,46","63141566,00","63216612,00","0,12","3,33"
HST,HSBC PORTFÖY  BORÇLANMA ARAÇLARI (TL) FONU,Borçlanma Araçları Fonu,"390526347,33","382188376,18","-2,14","402381479,33","380218421,33","-5,51","3,57"
HTF,HSBC PORTFÖY PARA PİYASASI SERBEST (TL) FON,Serbest Fon,"4999849702,42","5186730211,58","3,74","3570356343,00","3584121748,00","0,39","3,34"
HTJ,HEDEF PORTFÖY TEKNOLOJİ DEĞİŞKEN FON,Değişken Fon,"21508295,92","39422359,56","83,29","11785343,00","20178869,00","71,22","7,05"
HTK,QNB PORTFÖY HAVACILIK VE SAVUNMA TEKNOLOJİLERİ FON SEPETİ FONU,Fon Sepeti Fonu,"140506338,89","140777924,76","0,19","140256084,00","130075262,00","-7,26","8,04"
HTS,HSBC PORTFÖY ALTINCI SERBEST (DÖVİZ) FON,Serbest Fon,"4309944905,58","4562138896,31","5,85","75795106,00","77268717,00","1,94","3,83"
HVI,DENİZ PORTFÖY HOLDİNGLER VE İŞTİRAKLERİ HİSSE SENEDİ (TL) FONU (HİSSE SENEDİ YOĞUN FON),Hisse Senedi Fonu,"43822351,81","41743923,55","-4,74","33693453,00","32244232,00","-4,3","-0,46"
HVK,HEDEF PORTFÖY BİRİNCİ BORÇLANMA ARAÇLARI (TL) FONU,Borçlanma Araçları Fonu,"951914167,76","578491128,22","-39,23","171233989,00","109238387,00","-36,21","-4,74"
HVS,HSBC PORTFÖY HİSSE SENEDİ (TL) FONU (HİSSE SENEDİ YOĞUN FON),Hisse Senedi Fonu,"2867898077,13","2719164400,45","-5,19","1803410637,00","1685120776,00","-6,56","1,47"
HVT,ALLBATROSS PORTFÖY BİRİNCİ PARA PİYASASI (TL) FONU,Para Piyasası Fonu,"640914188,01","664483767,36","3,68","140477989,00","140556169,00","0,06","3,62"
HVU,ALLBATROSS PORTFÖY BİRİNCİ DEĞİŞKEN FON,Değişken Fon,"17994145,76","17525487,28","-2,6","3177397,74","3115230,74","-1,96","-0,66"
HVZ,ALLBATROSS PORTFÖY BİRİNCİ HİSSE SENEDİ (TL) FONU (HİSSE SENEDİ YOĞUN FON),Hisse Senedi Fonu,"102369450,56","91967923,63","-10,16","14453214,00","13604435,00","-5,87","-4,56"
HYP,AZİMUT PORTFÖY İVME SERBEST FON,Serbest Fon,"540905118,95","559577700,77","3,45","52476050,00","52488786,00","0,02","3,43"
HYU,HSBC PORTFÖY KISA VADELİ SERBEST (TL) FON,Serbest Fon,"885792814,96","868556860,70","-1,95","508800916,00","483188708,00","-5,03","3,25"
HYV,HEDEF PORTFÖY PARA PİYASASI (TL) FONU,Para Piyasası Fonu,"6238796367,42","6224107759,31","-0,24","1018012973,00","982364962,00","-3,5","3,38"
IAE,İSTANBUL PORTFÖY AGRESİF DEĞİŞKEN FON,Değişken Fon,"232396298,60","280242088,41","20,59","112096503,00","129189029,00","15,25","4,63"
IAM,İŞ PORTFÖY AGRESİF FON SEPETİ FONU,Fon Sepeti Fonu,"88151195,59","77926499,68","-11,6","52570048,00","44503170,00","-15,35","4,43"
IAR,İSTANBUL PORTFÖY DÖRDÜNCÜ SERBEST FON,Serbest Fon,"155890059,79","147703277,16","-5,25","1982812,00","1888090,00","-4,78","-0,50"
IAT,İŞ PORTFÖY KİRA SERTİFİKALARI KATILIM (TL) FONU,Katılım Fonu,"1767442203,89","1862004959,97","5,35","9255794004,21","9474726545,21","2,37","2,92"
IAU,PARDUS PORTFÖY İKİNCİ İSTATİSTİKSEL ARBİTRAJ HİSSE SENEDİ SERBEST (TL) FON (HİSSE SENEDİ YOĞUN FON),Serbest Fon,"34408094,75","33145457,11","-3,67","13333888,00","12476581,00","-6,43","2,95"
IAY,INVEO PORTFÖY ALTIN KATILIM FONU,Katılım Fonu,"44439952,82","46931627,01","5,61","32656362,00","30612779,00","-6,26","12,66"
IBB,İŞ PORTFÖY ATAK DEĞİŞKEN FON,Değişken Fon,"1414857250,72","1397567187,26","-1,22","91336289,00","88800921,00","-2,78","1,60"
ICA,TEB PORTFÖY ICBC TURKEY ALTIN FONU,Altın Fonu,"575873959,58","619152073,91","7,52","1150617956,00","1096632544,00","-4,69","12,81"
ICC,TEB PORTFÖY BEŞİNCİ DEĞİŞKEN FON,Değişken Fon,"29576112,78","27890883,61","-5,7","22332390,00","20707310,00","-7,28","1,70"
ICD,TEB PORTFÖY DÖRDÜNCÜ DEĞİŞKEN FON,Değişken Fon,"43574631,50","34411328,37","-21,03","336338,00","256232,00","-23,82","3,66"
ICE,TEB PORTFÖY ICBC TURKEY PARA PİYASASI (TL) FONU,Para Piyasası Fonu,"1383903368,15","1563157878,86","12,95","11200573,00","12241275,00","9,29","3,35"
ICF,TEB PORTFÖY BİRİNCİ HİSSE SENEDİ FONU (HİSSE SENEDİ YOĞUN FON),Hisse Senedi Fonu,"18342775,47","20241194,40","10,35","94688,00","104252,00","10,1","0,23"
ICH,PARDUS PORTFÖY İKİNCİ DEĞİŞKEN FON,Değişken Fon,"243818803,73","1059140244,08","334,4","107625706,00","428471278,00","298,11","9,11"
ICS,TEB PORTFÖY SERBEST (DÖVİZ) FON,Serbest Fon,"18876970,45","16894482,34","-10,5","388337,00","340377,00","-12,35","2,11"
ICV,TEB PORTFÖY ONDOKUZUNCU SERBEST FON,Serbest Fon,"6976593,21","6183265,24","-11,37","1206568,00","1040011,00","-13,8","2,82"
ICZ,AK PORTFÖY TEKNOLOJİ ŞİRKETLERİ HİSSE SENEDİ (TL) FONU (HİSSE SENEDİ YOĞUN FON),Hisse Senedi Fonu,"1066660433,80","1131534399,19","6,08","119878637,00","115454134,00","-3,69","10,15"
IDD,LOGOS PORTFÖY DİNAMİK DAĞIMLI SERBEST FON,Serbest Fon,"32757761,63","32370198,06","-1,18","209068502,00","208998786,00","-0,03","-1,15"
IDF,İŞ PORTFÖY SERBEST (DÖVİZ) FON,Serbest Fon,"13773615717,28","12969496314,40","-5,84","182248305,00","168032234,00","-7,8","2,13"
IDH,İŞ PORTFÖY BIST 100 DIŞI ŞİRKETLER HİSSE SENEDİ (TL) FONU (HİSSE SENEDİ YOĞUN FON),Hisse Senedi Fonu,"973108512,37","938201603,76","-3,59","75090646,00","71616954,00","-4,63","1,09"
IDI,AZİMUT PORTFÖY İNŞAAT SEKTÖRÜ HİSSE SENEDİ FONU (HİSSE SENEDİ YOĞUN FON),Hisse Senedi Fonu,"19637067,41","22983372,21","17,04","12594547,00","13907835,00","10,43","5,99"
IDL,AKTİF PORTFÖY PARA PİYASASI (TL) FONU,Para Piyasası Fonu,"2967437017,56","3069467526,96","3,44","508417363,00","508358520,00","-0,01","3,45"
IDO,İŞ PORTFÖY ONDOKUZUNCU SERBEST (DÖVİZ-AVRO) FON,Serbest Fon,"73092277742,50","75604815097,03","3,44","1295389157,00","1286110038,00","-0,72","4,18"
IDY,TEB PORTFÖY İKİNCİ DEĞİŞKEN FON,Değişken Fon,"789967306,95","751642025,43","-4,85","3439312397,13","3169955507,13","-7,83","3,23"
IED,İŞ PORTFÖY AGRESİF DEĞİŞKEN FON,Değişken Fon,"69181959,95","66061714,47","-4,51","68136959,00","63017693,00","-7,51","3,25"
IEN,İSTANBUL PORTFÖY İNŞAAT SEKTÖRÜ HİSSE SENEDİ SERBEST (TL) FON (HİSSE SENEDİ YOĞUN FON),Serbest Fon,"22252759,91","19897886,77","-10,58","17477609,00","16377785,00","-6,29","-4,58"
IEV,İŞ PORTFÖY HAVACILIK VE SAVUNMA TEKNOLOJİLERİ DEĞİŞKEN FON,Değişken Fon,"64503445,63","106370117,94","64,91","12708453,00","19601532,00","54,24","6,92"
IFN,TEB PORTFÖY SÜRDÜRÜLEBİLİRLİK HİSSE SENEDİ FONU (HİSSE SENEDİ YOĞUN FON),Hisse Senedi Fonu,"4478219,16","3705757,23","-17,25","465620,00","397606,00","-14,61","-3,09"
IFV,TEB PORTFÖY BİRİNCİ KISA VADELİ BORÇLANMA ARAÇLARI (TL) FONU,Borçlanma Araçları Fonu,"15151431,51","14580261,82","-3,77","3368779,00","3131108,00","-7,06","3,53"
IGZ,İŞ PORTFÖY İKİNCİ HİSSE SENEDİ SERBEST FON (HİSSE SENEDİ YOĞUN FON),Serbest Fon,"2244273505,93","2312953860,50","3,06","201138551,00","201138551,00",0,"3,06"
IH1,İNCİR PORTFÖY BİRİNCİ HİSSE SENEDİ FONU (HİSSE SENEDİ YOĞUN FON),Hisse Senedi Fonu,"471782,92","175785975,47","37159,93","519700,00","188685080,00","36206,54","2,63"
IHA,ALLBATROSS PORTFÖY İKİNCİ HİSSE SENEDİ (TL) FONU (HİSSE SENEDİ YOĞUN FON),Hisse Senedi Fonu,"6194639,39","5482009,45","-11,5","1927016,00","1748137,00","-9,28","-2,45"
IHC,INVEO PORTFÖY INTER SERBEST FON,Serbest Fon,"316918014,49","411971583,18","29,99","41809238,00","51279532,00","22,65","5,99"
IHK,İŞ PORTFÖY İŞ'TE KADIN HİSSE SENEDİ (TL) FONU (HİSSE SENEDİ YOĞUN FON),Hisse Senedi Fonu,"1758052386,27","1629318214,37","-7,32","105157162,00","97594465,00","-7,19","-0,14"
IHP,İSTANBUL PORTFÖY İKİNCİ HİSSE SENEDİ SERBEST (TL) FON (HİSSE SENEDİ YOĞUN FON),Serbest Fon,"68211392,63","69748046,82","2,25","39308437,00","37049600,00","-5,75","8,49"
IHT,İŞ PORTFÖY İHRACATÇI ŞİRKETLER HİSSE SENEDİ (TL) FONU (HİSSE SENEDİ YOĞUN FON),Hisse Senedi Fonu,"84106076,94","80273171,93","-4,56","22113207,00","21122831,00","-4,48","-0,08"
IHV,INVEO PORTFÖY BEŞİNCİ HİSSE SENEDİ SERBEST FON (HİSSE SENEDİ YOĞUN FON),Serbest Fon,"314056788,26","310134565,87","-1,25","169026520,00","169103609,00","0,05","-1,29"
IHZ,ALLBATROSS PORTFÖY İKİNCİ HİSSE SENEDİ SERBEST FON (HİSSE SENEDİ YOĞUN FON),Serbest Fon,"2433371,78","2629238,35","8,05","2874406,00","3025989,00","5,27","2,64"
IIE,BULLS PORTFÖY İKİNCİ SERBEST FON,Serbest Fon,"1163233040,87","725486312,23","-37,63","143466405,00","105277711,00","-26,62","-15,01"
IIH,İSTANBUL PORTFÖY ÜÇÜNCÜ HİSSE SENEDİ FONU (HİSSE SENEDİ YOĞUN FON),Hisse Senedi Yoğun,"1900377388,74","1817142703,56","-4,38","57729791,00","54441395,00","-5,7","1,40"
IIN,INVEO PORTFÖY PARA PİYASASI SERBEST (TL) FON,Serbest Fon,"1400235317,04","1465994234,05","4,7","1031589258,00","1038444989,00","0,66","4,01"
IJA,INVEO PORTFÖY ATAK DEĞİŞKEN FON,Değişken Fon,"210485125,75","186092248,37","-11,59","15005565,47","13275672,47","-11,53","-0,07"
IJB,İŞ PORTFÖY DİJİTAL OYUN SEKTÖRÜ KARMA FON,Karma Fon,"181717972,18","231906730,05","27,62","29684655,00","34871156,00","17,47","8,64"
IJC,İŞ PORTFÖY YARI İLETKEN TEKNOLOJİLERİ DEĞİŞKEN FON,Değişken Fon,"5516538247,04","5132438870,65","-6,96","346926620,00","318045209,00","-8,32","1,49"
IJH,TEB PORTFÖY ICBC TURKEY FON SEPETİ FONU,Fon Sepeti Fonu,"48363753,97","0,00",-100,"6880868,00","0,00",-100,"-100,00"
IJI,İSTANBUL PORTFÖY HİSSE SENEDİ SERBEST (TL) FON (HİSSE SENEDİ YOĞUN FON ),Serbest Fon,"110835638,27","185931535,97","67,75","10986700,00","17530565,00","59,56","5,13"
IJP,İŞ PORTFÖY BLOCKCHAİN TEKNOLOJİLERİ KARMA FON,Karma Fon,"632964671,41","650794982,16","2,82","71960904,00","70959992,00","-1,39","4,27"
IJT,İŞ PORTFÖY TARIM SERBEST FON,Serbest Fon,"525252183,08","1107865554,79","110,92","73375839,00","152161084,00","107,37","1,71"
IJV,İSTANBUL PORTFÖY BİRİNCİ PARA PİYASASI (TL) FONU,Para Piyasası Fonu,"2826790164,79","2761033692,50","-2,33","519140878,00","490073396,00","-5,6","3,47"
IJZ,İŞ PORTFÖY SİBER GÜVENLİK TEKNOLOJİLERİ DEĞİŞKEN FON,Değişken Fon,"916378928,48","934420984,50","1,97","65740672,00","64597383,00","-1,74","3,77"
IKL,İŞ PORTFÖY SAĞLIK ŞİRKETLERİ KARMA FON,Karma Fon,"238633831,22","275436735,18","15,42","25026803,00","27065949,00","8,15","6,73"
IKP,İŞ PORTFÖY YENİLENEBİLİR ENERJİ KARMA FON,Karma Fon,"1137426411,72","1066776638,59","-6,21","123901812,00","115161914,00","-7,05","0,91"
IKV,İŞ PORTFÖY İKİNCİ KISA VADELİ BORÇLANMA ARAÇLARI (TL) FONU,Borçlanma Araçları Fonu,"159334226,93","139993581,35","-12,14","108362131,00","92178570,00","-14,93","3,29"
ILU,İSTANBUL PORTFÖY ONALTINCI SERBEST FON,Serbest Fon,"2138063767,75","2217722582,32","3,73","1588563011,00","1686523355,00","6,17","-2,30"
ILZ,İŞ PORTFÖY TEMKİNLİ FON SEPETİ FONU,Fon Sepeti Fonu,"1017673189,65","1084202033,32","6,54","127811615,00","132258680,00","3,48","2,96"
IMB,İSTANBUL PORTFÖY ALGORİTMİK MODEL HİSSE SENEDİ FONU (HİSSE SENEDİ YOĞUN FON),Hisse Senedi Fonu,"5951254,47","3919516,91","-34,14","4802116,00","3217403,00",-33,"-1,70"
IMF,İSTANBUL PORTFÖY MAESTRO SERBEST FON,Serbest Fon,"366447625,07","378758438,79","3,36","66570045,00","66550045,00","-0,03","3,39"
IML,İŞ PORTFÖY MODEL PORTFÖY HİSSE SENEDİ (TL) FONU (HİSSE SENEDİ YOĞUN FON),Hisse Senedi Fonu,"950124883,06","878744826,49","-7,51","548741247,00","506819830,00","-7,64","0,14"
IOG,İŞ PORTFÖY GÜMÜŞ SERBEST FON,Serbest Fon,"12250132591,41","13913697969,88","13,58","1018290973,00","982713417,00","-3,49","17,69"
IOO,İŞ PORTFÖY İKİNCİ PARA PİYASASI (TL) FONU,Para Piyasası Fonu,"17802190911,12","18118170072,63","1,77","4003500900,00","3939728763,00","-1,59","3,42"
IPB,İSTANBUL PORTFÖY BİRİNCİ DEĞİŞKEN FON,Değişken Fon,"1112055779,75","1092043558,61","-1,8","1275697749,57","1202984053,57","-5,7","4,14"
IPG,İŞ PORTFÖY ATAK FON SEPETİ FONU,Fon Sepeti Fonu,"348635932,31","352339939,98","1,06","37103388,00","36663062,00","-1,19","2,28"
IPJ,İŞ PORTFÖY ELEKTRİKLİ ARAÇLAR KARMA FON,Karma Fon,"1324531549,60","1303896457,30","-1,56","69315979,00","65833956,00","-5,02","3,65"
IPV,İŞ PORTFÖY EUROBOND BORÇLANMA ARAÇLARI (DÖVİZ) FONU,Borçlanma Araçları Fonu,"2045664774,17","2064327687,05","0,91","26733959,00","26377477,00","-1,33","2,28"
IRB,İSTANBUL PORTFÖY İSTATİSTİKSEL ARBİTRAJ HİSSE SENEDİ SERBEST FON (HİSSE SENEDİ YOĞUN FON),Serbest Fon,"1256196722,40","1131454789,18","-9,93","985291994,00","858565813,00","-12,86","3,36"
IRF,İSTANBUL PORTFÖY BİRİNCİ FON SEPETİ FONU,Fon Sepeti Fonu,"462317814,92","0,00",-100,"64493960,00","0,00",-100,"-100,00"
IRO,İSTANBUL PORTFÖY ROBOTİK TEKNOLOJİLERİ SERBEST FON,Serbest Fon,"42320930,22","40911739,19","-3,33","20040563,00","19436563,00","-3,01","-0,33"
IRT,INVEO PORTFÖY TEKNOLOJİ DEĞİŞKEN FON,Değişken Fon,"127147231,87","128761375,23","1,27","16970475,00","16238957,00","-4,31","5,83"
IRV,İSTANBUL PORTFÖY İSTATİSTİKSEL ARBİTRAJ SERBEST FON,Serbest Fon,"279087461,06","309061642,05","10,74","41555292,00","44261113,00","6,51","3,97"
IRY,INVEO PORTFÖY PARA PİYASASI (TL) FONU,Para Piyasası Fonu,"2156319419,86","1834088233,74","-14,94","557728435,00","458232228,00","-17,84","3,52"
IST,İSTANBUL PORTFÖY KISA VADELİ BORÇLANMA ARAÇLARI (TL) FONU,Borçlanma Araçları Fonu,"1532983919,61","1337137318,00","-12,78","8150792239,89","6870901597,89","-15,7","3,47"
ITC,INVEO PORTFÖY TEMETTÜ ÖDEYEN ŞİRKETLER HİSSE SENEDİ (TL) FONU (HİSSE SENEDİ YOĞUN FON),Hisse Senedi Fonu,"25661408,17","24978481,06","-2,66","21569546,00","21239792,00","-1,53","-1,15"
ITP,İŞ PORTFÖY TEKNOLOJİ KARMA FON,Karma Fon,"1007824955,05","1022968818,25","1,5","79862953,00","78335765,00","-1,91","3,48"
IUF,İŞ PORTFÖY YEDİNCİ SERBEST (DÖVİZ-AVRO) FON,Serbest Fon,"21997021547,20","22312415229,28","1,43","332341152,00","322659305,00","-2,91","4,48"
IUH,INVEO PORTFÖY DÖNÜŞTÜRÜCÜ TEKNOLOJİLER FON SEPETİ FONU,Fon Sepeti Fonu,"14076973,78","12701930,46","-9,77","2338317,66","2011786,66","-13,96","4,88"
IUV,İŞ PORTFÖY BEŞİNCİ SERBEST (DÖVİZ)  FON,Serbest Fon,"21381767872,19","21234520305,94","-0,69","325216608,00","315479312,00","-2,99","2,38"
IV8,INVEO PORTFÖY KİRA SERTİFİKALARI KATILIM FONU,Katılım Fonu,"31692112,46","33015368,81","4,18","14216441,00","14386635,00","1,2","2,94"
IVF,İSTANBUL PORTFÖY KATILIM HİSSE SENEDİ (TL) FONU (HİSSE SENEDİ YOĞUN FON),Hisse Senedi Fonu,"178228592,41","82242025,78","-53,86","27871437,00","12321485,00","-55,79","4,38"
IVY,İSTANBUL PORTFÖY BLOCKCHAIN TEKNOLOJİLERİ DEĞİŞKEN FON,Karma Fon,"733094955,94","705548148,50","-3,76","125651206,00","118535743,00","-5,66","2,02"
IYB,AURA PORTFÖY DEĞİŞKEN FONU,Değişken Fon,"91194922,86","94330932,38","3,44","15253294,00","15857673,00","3,96","-0,50"
IYV,İSTANBUL PORTFÖY AŞİYAN SERBEST FON,Serbest Fon,"199198455,05","188462630,65","-5,39","177806472,00","169587380,00","-4,62","-0,80"
IZB,İSTANBUL PORTFÖY BİRİNCİ FON SEPETİ SERBEST FON,Serbest Fon,"102488469,01","100050425,06","-2,38","9741612,00","9162474,00","-5,94","3,79"
IZS,İSTANBUL PORTFÖY ALTINCI SERBEST FON,Serbest Fon,"76834139,56","96668344,73","25,81","8184135,00","9660474,00","18,04","6,59"
JET,ATA PORTFÖY HAVACILIK VE SAVUNMA TEKNOLOJİLERİ DEĞİŞKEN FON,Değişken Fon,"521789153,41","553206229,80","6,02","237987772,00","227255175,00","-4,51","11,03"
JUP,AURA PORTFÖY JÜPİTER SERBEST (DÖVİZ) FON,Serbest Fon,"54136543,76","54554855,95","0,77","102616423,00","101625214,00","-0,97","1,76"
KAV,KUVEYT TÜRK PORTFÖY ALTINCI KATILIM SERBEST (DÖVİZ-AVRO) FON,Serbest Fon,"18530454103,62","0,00",-100,"331871841,00","0,00",-100,"-100,00"
KCL,KARE PORTFÖY ÇOKLU VARLIK KATILIM FONU,Katılım Fonu,"13416005,20","0,00",-100,"7768972,00","0,00",-100,"-100,00"
KCR,AK PORTFÖY KÜLÇE ALTIN KATILIM FONU,Katılım Fonu,"51098289,67","64841352,69","26,9","52604957,00","59510352,00","13,13","12,17"
KCV,KUVEYT TÜRK PORTFÖY ÇOKLU VARLIK KATILIM FONU,Katılım Fonu,"2714028422,96","0,00",-100,"536617094,00","0,00",-100,"-100,00"
KDE,KUVEYT TÜRK PORTFÖY DENGELİ KATILIM FONU,Katılım Fonu,"689611193,91","0,00",-100,"402848011,00","0,00",-100,"-100,00"
KDL,KUVEYT TÜRK PORTFÖY BEŞİNCİ KATILIM SERBEST (DÖVİZ) FON,Serbest Fon,"25484937601,95","0,00",-100,"493332791,00","0,00",-100,"-100,00"
KDO,İŞ PORTFÖY KATILIM SERBEST (DÖVİZ-AVRO) FON,Serbest Fon,"906815956,18","1104682940,96","21,82","16509276,00","19365801,00","17,3","3,85"
KDT,GARANTİ PORTFÖY KATILIM SERBEST (DÖVİZ) FON,Serbest Fon,"3121772330,51","3156983294,43","1,13","58333657,00","57774255,00","-0,96","2,11"
KGM,KUVEYT TÜRK PORTFÖY GÜMÜŞ KATILIM FON SEPETİ FONU,Fon Sepeti Fonu,"2652694177,69","0,00",-100,"1043103304,00","0,00",-100,"-100,00"
KH1,AK PORTFÖY KATILIM HİSSE SENEDİ FONU (HİSSE SENEDİ YOĞUN FON),Hisse Senedi Fonu,"89294533,35","93513645,77","4,72","67899964,00","68443883,00","0,8","3,89"
KHA,PARDUS PORTFÖY İKİNCİ HİSSE SENEDİ (TL) FONU (HİSSE SENEDİ YOĞUN FON),Hisse Senedi Fonu,"1701733183,80","5853441263,45","243,97","430938466,00","1312859576,00","204,65","12,91"
KHB,KARE PORTFÖY BIST 100 DIŞI ŞİRKETLER HİSSE SENEDİ FONU (HİSSE SENEDİ YOĞUN FON),Hisse Senedi Fonu,"22096466,00","0,00",-100,"13026125,00","0,00",-100,"-100,00"
KHC,PARDUS PORTFÖY KATILIM HİSSE SENEDİ (TL) FONU (HİSSE SENEDİ YOĞUN FON),Hisse Senedi Fonu,"109616212,63","49803615,54","-54,57","50279449,00","22811256,00","-54,63","0,14"
KHJ,ATLAS PORTFÖY KATILIM HİSSE SENEDİ FONU (HİSSE SENEDİ YOĞUN FON),Hisse Senedi Fonu,"15574848,58","14664796,73","-5,84","13040688,00","12310405,00","-5,6","-0,26"
KHT,ALLBATROSS PORTFÖY KARTAL HİSSE SENEDİ SERBEST (TL) FON (HİSSE SENEDİ YOĞUN FON),Serbest Fon,"7301118,99","7856753,41","7,61","3079242,00","3126547,00","1,54","5,98"
KIA,TRIVE PORTFÖY MUTLAK GETİRİ HEDEFLİ DEĞİŞKEN FON,Değişken Fon,"15738790,05","5964702,15","-62,1","3664008,00","1360729,00","-62,86","2,05"
KIB,TRIVE PORTFÖY ROBOTİK TEKNOLOJİLERİ DEĞİŞKEN FON,Değişken Fon,"10575503,65","10736691,00","1,52","2550691,00","2480612,00","-2,75","4,39"
KIE,TRIVE PORTFÖY PARA PİYASASI (TL) FONU,Para Piyasası Fonu,"157591110,00","205716522,90","30,54","35217709,00","44258013,00","25,67","3,87"
KIH,KARE PORTFÖY İSTATİSTİKSEL ARBİTRAJ SERBEST FON,Serbest Fon,"58012849,27","0,00",-100,"38813606,00","0,00",-100,"-100,00"
KIK,KUVEYT TÜRK PORTFÖY İKİNCİ KATILIM FONU,Katılım Fonu,"177956640,30","0,00",-100,"125785075,00","0,00",-100,"-100,00"
KIS,ASTRA PORTFÖY KİRA SERTİFİKASI KATILIM (DÖVİZ) FONU,Katılım Fonu,"90327386,97","91163499,00","0,93","416973871,00","413375085,00","-0,86","1,80"
KKC,KARE PORTFÖY KATILIM SERBEST (DÖVİZ-AVRO) FON,Serbest Fon,"113907542,30","0,00",-100,"2042793,00","0,00",-100,"-100,00"
KKH,İŞ PORTFÖY DENGELİ FON SEPETİ FONU,Fon Sepeti Fonu,"543228408,42","533302996,78","-1,83","81485938,00","78171940,00","-4,07","2,33"
KKL,ALLBATROSS PORTFÖY KISA VADELİ KATILIM SERBEST (TL) FON,Serbest Fon,"3175263373,66","3587998695,85",13,"1322891633,00","1440940285,00","8,92","3,74"
KLH,ATLAS PORTFÖY KATILIM HİSSE SENEDİ SERBEST FON (HİSSE SENEDİ YOĞUN FON),Serbest Fon,"230490072,59","177028567,66","-23,19","76881131,00","62956129,00","-18,11","-6,21"
KLI,AK PORTFÖY PARA PİYASASI KATILIM SERBEST FON,Serbest Fon,"245038443,28","310936008,92","26,89","193227543,00","237198815,00","22,76","3,37"
KLS,ALLBATROSS PORTFÖY KATILIM SERBEST (DÖVİZ) FON,Serbest Fon,"1012521,98","963570,32","-4,83","24568,00","23181,00","-5,65","0,86"
KLU,KUVEYT TÜRK PORTFÖY PARA PİYASASI KATILIM (TL) FONU,Katılım Fonu,"87854140367,98","0,00",-100,"18746060637,00","0,00",-100,"-100,00"
KME,KUVEYT TÜRK PORTFÖY TEMKİNLİ KATILIM FONU,Katılım Fonu,"198733324,54","0,00",-100,"126133414,00","0,00",-100,"-100,00"
KMF,AZİMUT PORTFÖY ALTIN KATILIM FONU,Katılım Fonu,"1377753411,12","1479829903,87","7,41","434468496,00","417320821,00","-3,95","11,82"
KMN,YAPI KREDİ PORTFÖY KIYMETLİ MADENLER KATILIM FONU,Altın Ve Diğer Kıymetli Madenler Fonu,"410391150,95","425864421,69","3,77","486840082,00","438869734,00","-9,85","15,11"
KNI,AZİMUT PORTFÖY İKİNCİ PARA PİYASASI SERBEST (TL) FON,Serbest Fon,"12926878440,68","17122807402,78","32,46","9704642124,00","12457522904,00","28,37","3,19"
KNJ,KUVEYT TÜRK PORTFÖY ENERJİ KATILIM FONU,Katılım Fonu,"667540545,84","0,00",-100,"349480370,00","0,00",-100,"-100,00"
KOD,YAPI KREDİ PORTFÖY KÜÇÜK ÖLÇEKLİ ŞİRKETLER DEĞİŞKEN FON,Değişken Fon,"56670702,59","57933840,32","2,23","57657031,00","56861167,00","-1,38","3,66"
KOT,AZİMUT PORTFÖY KOÇ TOPLULUĞU ŞİRKETLERİ HİSSE SENEDİ FONU (HİSSE SENEDİ YOĞUN FON),Hisse Senedi Fonu,"248183598,68","163806139,36",-34,"174601134,00","108555993,00","-37,83","6,16"
KP3,KARE PORTFÖY ÜÇÜNCÜ SERBEST (DÖVİZ) FON,Serbest Fon,"14335466,07","0,00",-100,"277482,00","0,00",-100,"-100,00"
KPA,KUVEYT TÜRK PORTFÖY KAR PAYI ÖDEYEN KATILIM HİSSE SENEDİ FONU (HİSSE SENEDİ YOĞUN FON),Hisse Senedi Fonu,"472594450,61","0,00",-100,"276663369,00","0,00",-100,"-100,00"
KPC,KUVEYT TÜRK PORTFÖY KATILIM HİSSE SENEDİ (TL) FONU (HİSSE SENEDİ YOĞUN FON),Hisse Senedi Yoğun,"4486036687,69","0,00",-100,"215431046,00","0,00",-100,"-100,00"
KPD,KUVEYT TÜRK PORTFÖY KAR PAYI ÖDEYEN KATILIM SERBEST (DÖVİZ) FON,Serbest Fon,"286191983,73","0,00",-100,"5969270,00","0,00",-100,"-100,00"
KPF,NEO PORTFÖY MUTLAK GETİRİ HEDEFLİ HİSSE SENEDİ SERBEST FON (HİSSE SENEDİ YOĞUN FON),Serbest Fon,"1434212594,55","1048495824,06","-26,89","830240702,00","591843037,00","-28,71","2,55"
KPH,İŞ PORTFÖY KAR PAYI ÖDEYEN HİSSE SENEDİ (TL) FONU (HİSSE SENEDİ YOĞUN FON),Hisse Senedi Fonu,"602805775,82","532757776,38","-11,62","473357516,00","422610837,00","-10,72","-1,01"
KPI,İŞ PORTFÖY PARA PİYASASI KATILIM (TL) FONU,Katılım Fonu,"3840051693,38","5212290812,18","35,73","2695101294,00","3541299485,00","31,4","3,30"
KPP,KARE PORTFÖY PARA PİYASASI FONU,Para Piyasası Fonu,"437903696,15","0,00",-100,"143106061,00","0,00",-100,"-100,00"
KPU,KUVEYT TÜRK PORTFÖY İKİNCİ KATILIM HİSSE SENEDİ (TL) FONU (HİSSE SENEDİ YOĞUN FON),Hisse Senedi Fonu,"661485252,27","0,00",-100,"164720185,00","0,00",-100,"-100,00"
KRC,KARE PORTFÖY BİRİNCİ BORÇLANMA ARAÇLARI FONU,Borçlanma Araçları Fonu,"29235807,03","0,00",-100,"207952320,00","0,00",-100,"-100,00"
KRF,KARE PORTFÖY BİRİNCİ DEĞİŞKEN FON,Değişken Fon,"50480432,63","0,00",-100,"2443162,00","0,00",-100,"-100,00"
KRR,İŞ PORTFÖY KARMA FON,Karma Fon,"25788475,98","22193196,39","-13,94","22897965,00","19132712,00","-16,44","2,99"
KRS,KARE PORTFÖY SERBEST (DÖVİZ) FON,Serbest Fon,"1478889770,46","0,00",-100,"2960163656,00","0,00",-100,"-100,00"
KRT,KARE PORTFÖY TÜRKİYE ODAKLI SERBEST (DÖVİZ ) FON,Serbest Fon,"736339818,76","0,00",-100,"10053177,00","0,00",-100,"-100,00"
KSA,HEDEF PORTFÖY KISA VADELİ SERBEST (TL) FON,Serbest Fon,"12979069028,11","14570936037,99","12,26","3270168263,00","3542211526,00","8,32","3,64"
KSK,AZİMUT PORTFÖY İKİNCİ PARA PİYASASI KATILIM FONU,Katılım Fonu,"8269018505,36","11165639203,89","35,03","2921941974,00","3815358698,38","30,58","3,41"
KSR,KUVEYT TÜRK PORTFÖY SÜRDÜRÜLEBİLİRLİK KATILIM FONU,Katılım Fonu,"251959922,45","0,00",-100,"51016441,00","0,00",-100,"-100,00"
KST,ALLBATROSS PORTFÖY KATILIM HİSSE SENEDİ (TL) FONU (HİSSE SENEDİ YOĞUN FON),Hisse Senedi Fonu,"10944590,58","9589051,42","-12,39","5402593,00","4610212,00","-14,67","2,67"
KSV,KUVEYT TÜRK PORTFÖY KISA VADELİ KATILIM SERBEST (TL) FON,Serbest Fon,"37749182832,91","0,00",-100,"6784214489,00","0,00",-100,"-100,00"
KTI,AZİMUT PORTFÖY KATILIM HİSSE SENEDİ FONU (HİSSE SENEDİ YOĞUN FON),Hisse Senedi Fonu,"262230828,78","278144358,52","6,07","126180462,00","126993897,00","0,64","5,39"
KTJ,KUVEYT TÜRK PORTFÖY TEKNOLOJİ KATILIM FONU,Katılım Fonu,"1593708514,23","0,00",-100,"637331463,00","0,00",-100,"-100,00"
KTM,KUVEYT TÜRK PORTFÖY BİRİNCİ KATILIM (TL) FONU,Katılım Fonu,"669921998,53","0,00",-100,"30605983,00","0,00",-100,"-100,00"
KTN,KUVEYT TÜRK PORTFÖY KİRA SERTİFİKALARI KATILIM (TL) FONU,Katılım Fonu,"495126736,39","0,00",-100,"63121859,00","0,00",-100,"-100,00"
KTR,KUVEYT TÜRK PORTFÖY BİRİNCİ KATILIM SERBEST (TL) FON,Serbest Fon,"23738262930,00","0,00",-100,"2305977133,00","0,00",-100,"-100,00"
KTS,KUVEYT TÜRK PORTFÖY KATILIM HİSSE SENEDİ SERBEST FON (HİSSE SENEDİ YOĞUN FON),Serbest Fon,"133057260,59","0,00",-100,"8927114,00","0,00",-100,"-100,00"
KTT,KUVEYT TÜRK PORTFÖY DÖRDÜNCÜ KATILIM SERBEST (DÖVİZ) FON,Serbest Fon,"5073495199,29","0,00",-100,"73311207,00","0,00",-100,"-100,00"
KTV,KUVEYT TÜRK PORTFÖY KISA VADELİ KİRA SERTİFİKALARI KATILIM (TL) FONU,Kisa Vadeli Kira Sertifikalari Katilim Fonu,"24440785709,46","0,00",-100,"3278419157,00","0,00",-100,"-100,00"
KU3,KUVEYT TÜRK PORTFÖY ÜÇÜNCÜ KATILIM FONU,Katılım Fonu,"256733943,97","0,00",-100,"225975950,00","0,00",-100,"-100,00"
KUA,KUVEYT TÜRK PORTFÖY AGRESİF KATILIM FONU,Katılım Fonu,"115130869,28","0,00",-100,"79951571,00","0,00",-100,"-100,00"
KUB,KARE PORTFÖY DEĞİŞKEN  (DÖVİZ) FONU,Değişken Fon,"594140494,71","0,00",-100,"823649274,00","0,00",-100,"-100,00"
KUD,KUVEYT TÜRK PORTFÖY DİNAMİK KATILIM FONU,Katılım Fonu,"209675863,36","0,00",-100,"125581422,00","0,00",-100,"-100,00"
KUT,KUVEYT TÜRK PORTFÖY KIYMETLİ MADENLER KATILIM FONU,Katılım Fonu,"7420855722,48","0,00",-100,"689071106,00","0,00",-100,"-100,00"
KVK,HEDEF PORTFÖY KATILIM İSTATİSTİKSEL ARBİTRAJ SERBEST FON,Serbest Fon,"537994977,24","853482782,41","58,64","433665736,00","669210862,00","54,31","2,80"
KVR,ATLAS PORTFÖY KISA VADELİ KATILIM SERBEST FON,Serbest Fon,"121852680,68","112883543,17","-7,36","97300361,00","87250651,00","-10,33","3,31"
KVS,AZİMUT PORTFÖY KISA VADELİ SERBEST (TL) FON,Serbest Fon,"28423237670,48","29783507386,52","4,79","7716634205,00","7810391376,00","1,22","3,53"
KVT,AK PORTFÖY ENERJİ ŞİRKETLERİ HİSSE SENEDİ (TL) FONU (HİSSE SENEDİ YOĞUN FON),Hisse Senedi Fonu,"98929984,32","87377964,79","-11,68","65460991,00","60651745,00","-7,35","-4,67"
KYA,KARE PORTFÖY HİSSE SENEDİ FONU(HİSSE SENEDİ YOĞUN FON),Hisse Senedi Fonu,"67873752,67","0,00",-100,"55282151,00","0,00",-100,"-100,00"
KYS,KARE PORTFÖY YEDİNCİ SERBEST (DÖVİZ) FON,Serbest Fon,"11074860,24","0,00",-100,"207895,00","0,00",-100,"-100,00"
KZL,KUVEYT TÜRK PORTFÖY ALTIN KATILIM FONU,Katılım Fonu,"83369461832,61","0,00",-100,"3276769594,00","0,00",-100,"-100,00"
KZU,KUVEYT TÜRK PORTFÖY İKİNCİ ALTIN KATILIM FONU,Katılım Fonu,"405563112,56","0,00",-100,"187751074,00","0,00",-100,"-100,00"
LKF,İŞ PORTFÖY ALTIN KATILIM FONU,Katılım Fonu,"71533592,07","94336007,93","31,88","75593875,00","88923145,00","17,63","12,11"
LKT,AKTİF PORTFÖY İKİNCİ PARA PİYASASI (TL) FONU,Para Piyasası Fonu,"86595421,93","254997796,13","194,47","47660341,00","135808992,00","184,95","3,34"
LLA,ALLBATROSS PORTFÖY AYDIN HİSSE SENEDİ SERBEST (TL) FON (HİSSE SENEDİ YOĞUN FON),Serbest Fon,"27423650,48","28911533,53","5,43","23134856,00","24055751,00","3,98","1,39"
LPH,STATECH PORTFÖY İSTATİSTİKSEL ARBİTRAJ HİSSE SENEDİ SERBEST (TL) FON (HİSSE SENEDİ YOĞUN FON),Serbest Fon,"2440023446,11","3658535124,42","49,94","1735359929,00","2507254856,00","44,48","3,78"
LTL,AHLATCI PORTFÖY HİSSE SENEDİ (TL) FONU (HİSSE SENEDİ YOĞUN FON),Hisse Senedi Fonu,"838165751,33","362331513,11","-56,77","744758335,00","336502783,00","-54,82","-4,32"
MAC,MARMARA CAPITAL PORTFÖY HİSSE SENEDİ (TL) FONU (HİSSE SENEDİ YOĞUN FON),Hisse Senedi Fonu,"4758084373,49","4378690733,10","-7,97","5987489650,00","5777010747,00","-3,52","-4,62"
MAD,MEKSA PORTFÖY BİRİNCİ DEĞİŞKEN FON,Değişken Fon,"23474232,52","22745033,50","-3,11","22387662,00","22156424,00","-1,03","-2,10"
MAS,MARMARA CAPİTAL PORTFÖY HİSSE SENEDİ SERBEST (TL) FON (HİSSE SENEDİ YOĞUN FON),Serbest Fon,"844836409,24","772999288,21","-8,5","63279027,00","63425635,00","0,23","-8,71"
MBL,MEKSA PORTFÖY İKİNCİ DEĞİŞKEN FON,Değişken Fon,"20301192,75","20989790,04","3,39","72866097,00","72990784,00","0,17","3,22"
MBR,MT PORTFÖY BİRİNCİ BORÇLANMA ARAÇLARI FONU,Borçlanma Araçları Fonu,"233167042,80","451153074,16","93,49","138191798,00","256972445,00","85,95","4,05"
MCU,AZİMUT PORTFÖY MUTLAK GETİRİ HEDEFLİ HİSSE SENEDİ SERBEST FON (HİSSE SENEDİ YOĞUN FON),Serbest Fon,"56117346,67","182677808,87","225,53","41669348,00","130619496,00","213,47","3,85"
MD1,MT PORTFÖY BİRİNCİ DEĞİŞKEN FON,Değişken Fon,"78134911,86","220364072,83","182,03","35896963,00","95649393,00","166,46","5,85"
MD2,MT PORTFÖY İKİNCİ DEĞİŞKEN FON,Değişken Fon,"159592202,51","290602643,43","82,09","75296320,00","131258680,00","74,32","4,46"
MDF,FİBA PORTFÖY MODEL EMTİA FON SEPETİ SERBEST FON,Serbest Fon,"518831900,25","507658200,87","-2,15","427987634,00","386063834,00","-9,8","8,47"
MET,GARANTİ PORTFÖY METAVERSE VE YENİ TEKNOLOJİLER DEĞİŞKEN FON,Değişken Fon,"758239347,95","0,00",-100,"127662949,00","0,00",-100,"-100,00"
MGB,İŞ PORTFÖY MUTLAK GETİRİ HEDEFLİ HİSSE SENEDİ SERBEST FON (HİSSE SENEDİ YOĞUN FON),Serbest Fon,"67135531,93","65301302,54","-2,73","46549057,00","43961486,00","-5,56","2,99"
MGH,TEB PORTFÖY MUTLAK GETİRİ HEDEFLİ HİSSE SENEDİ SERBEST FON (HİSSE SENEDİ YOĞUN FON),Serbest Fon,"474133101,50","494363879,62","4,27","218427348,00","217107248,00","-0,6","4,90"
MHF,MT PORTFÖY BIST HALKA ARZ ŞİRKETLERİ HİSSE SENEDİ FONU (HİSSE SENEDİ YOĞUN FON),Hisse Senedi Fonu,"326061939,01","483066164,32","48,15","136415327,00","199849120,00","46,5","1,13"
MJB,AKTİF PORTFÖY BİRİNCİ FON SEPETİ FONU,Fon Sepeti Fonu,"49760019,66","51990317,33","4,48","6698321,00","6719737,00","0,32","4,15"
MJG,AKTİF PORTFÖY GÜMÜŞ FON SEPETİ FONU,Fon Sepeti Fonu,"881307981,09","982326776,92","11,46","92492214,00","90467642,00","-2,19","13,96"
MJH,AKTİF PORTFÖY FORTUNA SERBEST FON,Serbest Fon,"28848752,84","26258611,72","-8,98","6090496,00","6085154,00","-0,09","-8,90"
MJL,AKTİF PORTFÖY AKTİF SERBEST (DÖVİZ-AVRO) FON,Serbest Fon,"845787852,44","911373619,39","7,75","14248641,00","14729971,00","3,38","4,23"
MKA,MARMARA CAPİTAL PORTFÖY KATILIM HİSSE SENEDİ (TL) FONU (HİSSE SENEDİ YOĞUN FON),Hisse Senedi Fonu,"98801921,07","87959837,42","-10,97","72552919,00","68714086,00","-5,29","-6,00"
MKG,AKTİF PORTFÖY ALTIN KATILIM FONU,Altın Ve Diğer Kıymetli Madenler Fonu,"1465571625,95","1618272242,02","10,42","92092495,00","90083610,00","-2,18","12,88"
MLT,DENİZ PORTFÖY MELTEM HİSSE SENEDİ SERBEST (TL) FON (HİSSE SENEDİ YOĞUN FON),Serbest Fon,"27477539,98","23356413,76",-15,"20546046,00","17783792,00","-13,44","-1,80"
MMH,AKTİF PORTFÖY BIST 30 ENDEKSİ HİSSE SENEDİ (TL) FONU (HİSSE SENEDİ YOĞUN FON),Hisse Senedi Yoğun,"156106108,76","154561556,20","-0,99","9480988,00","9191600,00","-3,05","2,13"
MOZ,EMAA BLUE PORTFÖY MOZAİK SERBEST FON,Serbest Fon,"313386951,75","325552690,84","3,88","255786537,00","255777258,00",0,"3,89"
MPE,MT PORTFÖY PARA PİYASASI KATILIM (TL) FONU,Katılım Fonu,"69056605,81","90368067,24","30,86","49450468,00","65234815,00","31,92","-0,80"
MPF,AKTİF PORTFÖY KISA VADELİ KİRA SERTİFİKASI KATILIM (TL) FONU,Kisa Vadeli Kira Sertifikalari Katilim Fonu,"1359797153,61","1361470963,30","0,12","168647855,04","163569956,04","-3,01","3,23"
MPI,MEKSA PORTFÖY İSTATİSTİKSEL ARBİTRAJ SERBEST (TL) FON,Serbest Fon,"71307057,27","72117803,43","1,14","23688047,00","23207410,00","-2,03","3,23"
MPK,AKTİF PORTFÖY KİRA SERTİFİKASI KATILIM (TL) FONU,Katılım Fonu,"269615131,07","277351258,15","2,87","28125132,96","28038168,96","-0,31","3,19"
MPL,MT PORTFÖY PARA PİYASASI (TL) FONU,Para Piyasası Fonu,"918361564,46","680588649,09","-25,89","467288965,00","337300762,00","-27,82","2,67"
MPN,AKTİF PORTFÖY İKİNCİ AKTİF SERBEST (DÖVİZ) FON,Serbest Fon,"371046007,63","376992758,30","1,6","6168317,00","6128206,00","-0,65","2,27"
MPP,MEKSA PORTFÖY PRİME SERBEST FON,Serbest Fon,"420348402,31","361652976,52","-13,96","19384931,00","16836994,00","-13,14","-0,94"
MPS,AKTİF PORTFÖY KATILIM HİSSE SENEDİ (TL) FONU (HİSSE SENEDİ YOĞUN FON),Hisse Senedi Yoğun,"170556226,51","155643498,33","-8,74","6939673,32","6308725,32","-9,09","0,38"
MRI,TEB PORTFÖY MERİDYEN SERBEST FON,Serbest Fon,"13027916,43","13384375,39","2,74","10689086,00","10801755,00","1,05","1,66"
MT1,MT PORTFÖY BİRİNCİ SERBEST (DÖVİZ) FON,Serbest Fon,"36814269,69","28338578,23","-23,02","820644,00","616100,00","-24,92","2,53"
MT2,MT PORTFÖY PARA PİYASASI SERBEST (TL) FON,Serbest Fon,"8090473579,40","6098579152,43","-24,62","5943681267,00","4335603073,00","-27,06","3,34"
MTD,BV PORTFÖY MALZEME TEKNOLOJİLERİ DEĞİŞKEN FON,Değişken Fon,"144611890,28","142420279,36","-1,52","123108989,00","110387878,00","-10,33","9,83"
MTF,MT PORTFÖY BİRİNCİ İSTATİSTİKSEL ARBİTRAJ HİSSE SENEDİ SERBEST (TL) FON (HİSSE SENEDİ YOĞUN FON),Serbest Fon,"68891034,99","75913588,40","10,19","50060728,00","53694018,00","7,26","2,74"
MTG,DENİZ PORTFÖY MUTLAK GETİRİ HEDEFLİ HİSSE SENEDİ SERBEST FON (HİSSE SENEDİ YOGUN FON),Serbest Fon,"151875419,09","259942440,49","71,16","91360553,00","149557522,00","63,7","4,55"
MTH,MT PORTFÖY BİRİNCİ HİSSE SENEDİ FONU (HİSSE SENEDİ YOĞUN FON),Hisse Senedi Fonu,"304803980,19","292131649,81","-4,16","142179653,00","127143764,00","-10,58","7,18"
MTK,MT PORTFÖY KATILIM HİSSE SENEDİ (TL) FONU (HİSSE SENEDİ YOĞUN FON),Hisse Senedi Fonu,"42643004,80","81535211,73","91,2","25354562,00","45517147,00","79,52","6,51"
MTS,AKTİF PORTFÖY TARIM VE SÜRDÜRÜLEBİLİRLİK FON SEPETİ FONU,Fon Sepeti Fonu,"68180737,70","28127452,47","-58,75","25226371,00","10275176,00","-59,27","1,28"
MTV,AK PORTFÖY METAVERSE VE DİJİTAL YAŞAM TEKNOLOJİLERİ DEĞİŞKEN FON,Değişken Fon,"149361967,02","149662926,26","0,2","27897884,00","27327206,00","-2,05","2,29"
MTX,TEB PORTFÖY ÜÇÜNCÜ DEĞİŞKEN FON,Değişken Fon,"87335876,51","83479727,44","-4,42","16862901,00","15771187,00","-6,47","2,20"
MUT,GARANTİ PORTFÖY MUTLAK GETİRİ HEDEFLİ HİSSE SENEDİ SERBEST FON (HİSSE SENEDİ YOĞUN FON),Serbest Fon,"843745086,36","858409188,31","1,74","450484896,00","441115430,00","-2,08","3,90"
NAK,NEO PORTFÖY ALTIN KATILIM FONU,Katılım Fonu,"112451182,83","124934938,07","11,1","115306397,00","114126513,00","-1,02","12,25"
NAU,NEO PORTFÖY ALTIN FONU,Altın Ve Diğer Kıymetli Madenler Fonu,"2290206580,77","2506237426,50","9,43","806046566,00","791973459,00","-1,75","11,38"
NBH,NEO PORTFÖY ALGORİTMİK STRATEJİLER SERBEST FON,Serbest Fon,"1796583548,48","2153513974,13","19,87","270347311,00","309103405,00","14,34","4,84"
NBO,NEO PORTFÖY BORÇLANMA ARACI FONLARI FON SEPETİ FONU,Fon Sepeti Fonu,"1931887087,93","0,00",-100,"1320381758,00","0,00",-100,"-100,00"
NBZ,NEO PORTFÖY BİRİNCİ SERBEST (DÖVİZ) FON,Serbest Fon,"1370372852,78","1405054070,02","2,53","19270721,00","19392065,00","0,63","1,89"
NCS,NUROL PORTFÖY ÜÇÜNCÜ SERBEST (DÖVİZ) FON,Serbest Fon,"7085110146,10","8407107405,91","18,66","125338053,00","145718615,00","16,26","2,06"
NFF,NEO PORTFÖY FON SEPETİ SERBEST FON,Serbest Fon,"2100584762,54","0,00",-100,"1605474021,00","0,00",-100,"-100,00"
NHP,NEO PORTFÖY BİRİNCİ FON SEPETİ FONU,Fon Sepeti Fonu,"18594642,93","0,00",-100,"3259777,00","0,00",-100,"-100,00"
NHY,NEO PORTFÖY BİRİNCİ HİSSE SENEDİ (TL) FONU (HİSSE SENEDİ YOĞUN FON),Hisse Senedi Fonu,"194585973,34","142698921,14","-26,67","31017619,00","23763388,00","-23,39","-4,28"
NJF,NUROL PORTFÖY ALTIN KATILIM FONU,Katılım Fonu,"1050781584,58","1170681908,02","11,41","90780392,00","90962977,00","0,2","11,19"
NJR,NUROL PORTFÖY BİRİNCİ BORÇLANMA ARAÇLARI FONU,Borçlanma Araçları Fonu,"1260508423,22","1912756630,02","51,74","223817891,00","328211417,00","46,64","3,48"
NJY,NUROL PORTFÖY BİRİNCİ KATILIM FONU,Katılım Fonu,"301904544,71","322976535,78","6,98","41476355,00","42970838,00","3,6","3,26"
NKA,NEO PORTFÖY KATILIM SERBEST (DÖVİZ) FON,Serbest Fon,"152579444,74","131499817,61","-13,82","3137910,00","2655563,00","-15,37","1,84"
NKC,NEO PORTFÖY İKİNCİ HİSSE SENEDİ FONU (HİSSE SENEDİ YOĞUN FON),Hisse Senedi Fonu,"413044301,15","350066620,29","-15,25","312587451,00","278076004,00","-11,04","-4,73"
NKM,NEO PORTFÖY KATILIM HİSSE SENEDİ FONU (HİSSE SENEDİ YOĞUN FON),Hisse Senedi Fonu,"52224627,98","51244618,43","-1,88","50242757,00","49527265,00","-1,42","-0,46"
NKP,NEO PORTFÖY KAR PAYI ÖDEYEN DEĞİŞKEN FON,Değişken Fon,"182791208,55","184176582,31","0,76","161805043,00","162307447,00","0,31","0,45"
NKT,NUROL PORTFÖY BİRİNCİ KATILIM HİSSE SENEDİ FONU (HİSSE SENEDİ YOĞUN FON),Hisse Senedi Fonu,"64731637,13","69353376,83","7,14","42772940,00","44049741,00","2,99","4,03"
NLE,NUROL PORTFÖY EMLAK SEKTÖRÜ HİSSE SENEDİ FONU (HİSSE SENEDİ YOĞUN FON),Hisse Senedi Fonu,"382935376,31","363774277,67",-5,"240590645,00","229717624,00","-4,52","-0,51"
NLK,NUROL PORTFÖY KISA VADELİ SERBEST FON,Serbest Fon,"4390929718,61","5127429805,30","16,77","2409749756,00","2719134134,00","12,84","3,49"
NME,NUROL PORTFÖY MERCAN KATILIM SERBEST (DÖVİZ) FON,Serbest Fon,"60392768,69","63363935,77","4,92","1078925,00","1087397,00","0,79","4,10"
NMU,NUROL PORTFÖY MUTLAK GETİRİ HEDEFLİ HİSSE SENEDİ SERBEST FON (HİSSE SENEDİ YOĞUN FON),Serbest Fon,"478552556,40","891685631,69","86,33","391700510,00","709498001,00","81,13","2,87"
NNF,HEDEF PORTFÖY BİRİNCİ HİSSE SENEDİ (TL) FONU (HİSSE SENEDİ YOĞUN FON),Hisse Senedi Fonu,"2672387185,75","2136724784,74","-20,04","114677523,00","92247480,00","-19,56","-0,60"
NOI,TACİRLER PORTFÖY NOVA İSTATİSTİKSEL ARBİTRAJ SERBEST FON,Serbest Fon,"1040781607,52","1126242506,80","8,21","734938635,00","769174600,00","4,66","3,39"
NPH,NUROL PORTFÖY BİRİNCİ HİSSE SENEDİ FONU (HİSSE SENEDİ YOĞUN FON),Hisse Senedi Fonu,"260317396,53","216115279,82","-16,98","169206209,00","137932164,00","-18,48","1,84"
NRC,NEO PORTFÖY BİRİNCİ DEĞİŞKEN FON,Değişken Fon,"263568603,00","233891021,62","-11,26","21928803,00","20422751,00","-6,87","-4,72"
NRG,NEO PORTFÖY BİRİNCİ PARA PİYASASI FONU,Para Piyasası Fonu,"6658833496,92","7830689204,91","17,6","1235026830,00","1404538207,00","13,73","3,41"
NSA,NEO PORTFÖY PARA PİYASASI KATILIM SERBEST FON,Serbest Fon,"1200781546,86","1065767297,53","-11,24","486389131,00","417606171,00","-14,14","3,37"
NSD,NUROL PORTFÖY DÖRDÜNCÜ SERBEST (DÖVİZ) FON,Serbest Fon,"11799977752,31","14808590666,75","25,5","184288876,00","226761439,00","23,05","1,99"
NSH,NUROL PORTFÖY İSTATİSTİKSEL ARBİTRAJ HİSSE SENEDİ SERBEST FON (HİSSE SENEDİ YOĞUN FON),Serbest Fon,"1762486961,74","2216599657,04","25,77","827369580,00","1007380442,00","21,76","3,29"
NSK,NEO PORTFÖY BİRİNCİ SERBEST FON,Serbest Fon,"383287002,76","396143702,08","3,35","58975851,00","58995499,00","0,03","3,32"
NSP,NUROL PORTFÖY PARA PİYASASI KATILIM FONU,Katılım Fonu,"1305672632,40","1370191870,80","4,94","731290738,00","742670077,00","1,56","3,33"
NST,İŞ PORTFÖY EMLAK SEKTÖRÜ HİSSE SENEDİ FONU (HİSSE SENEDİ YOĞUN FON),Hisse Senedi Fonu,"63892195,04","55513979,45","-13,11","52224762,00","46621476,00","-10,73","-2,67"
NSY,NEO PORTFÖY YEDİNCİ SERBEST FON,Serbest Fon,"1177334884,75","1174722348,41","-0,22","850057406,00","828591906,00","-2,53","2,36"
NTB,AZİMUT PORTFÖY AVŞAR HİSSE SENEDİ SERBEST FON (HİSSE SENEDİ YOĞUN FON),Serbest Fon,"3102322375,72","3166251770,11","2,06","550964241,00","550964241,00",0,"2,06"
NTI,NEO PORTFÖY TEKNOLOJİ VE İNOVASYON DEĞİŞKEN FON,Değişken Fon,"368766657,24","356371784,67","-3,36","241697438,00","225900607,00","-6,54","3,40"
NUB,NUROL PORTFÖY BEŞİNCİ SERBEST (DÖVİZ) FON,Serbest Fon,"2079737931,64","2138630809,30","2,83","35793514,00","35315274,00","-1,34","4,22"
NUH,NEO PORTFÖY ÜÇÜNCÜ HİSSE SENEDİ FONU (HİSSE SENEDİ YOĞUN FON),Hisse Senedi Fonu,"189272650,42","217033493,90","14,67","141198819,00","159010348,00","12,61","1,82"
NVB,NEO PORTFÖY İKİNCİ PARA PİYASASI (TL) FON,Para Piyasası Fonu,"6104196549,87","6829540560,97","11,88","1307720267,00","1415399105,00","8,23","3,37"
NVC,NEO PORTFÖY VENTO SERBEST FON,Serbest Fon,"88458297,46","135316271,76","52,97","25592574,00","35836669,00","40,03","9,24"
NVK,INVEO PORTFÖY KATILIM SERBEST (DÖVİZ) FON,Serbest Fon,"101263959,10","103247821,41","1,96","2212646,00","2212566,00",0,"1,96"
NVT,NEO PORTFÖY ÜÇÜNCÜ SERBEST (TL) FON,Serbest Fon,"430602351,86","423225953,57","-1,71","95310906,00","90973472,00","-4,55","2,97"
NVZ,NEO PORTFÖY ORSA SERBEST (DÖVİZ) FON,Serbest Fon,"536912611,95","518052760,30","-3,51","9541286,00","8839218,00","-7,36","4,15"
NZH,NEO PORTFÖY İKİNCİ DEĞİŞKEN FON,Değişken Fon,"596659743,89","556358329,91","-6,75","173276288,00","156759618,00","-9,53","3,07"
NZT,NEO PORTFÖY PARA PİYASASI SERBEST FON,Serbest Fon,"8410494210,84","9037871848,62","7,46","1432197002,00","1489926246,00","4,03","3,30"
NZU,NUROL PORTFÖY ZÜMRÜT KATILIM SERBEST (DÖVİZ) FON,Serbest Fon,"48568038,98","77125970,48","58,8","970528,00","1512224,00","55,81","1,92"
OBI,OYAK PORTFÖY İKİNCİ BORÇLANMA ARAÇLARI (TL) FONU,Borçlanma Araçları Fonu,"299092603,09","316056113,72","5,67","98375386,00","99733396,00","1,38","4,23"
OBP,OYAK PORTFÖY İKİNCİ DEĞİŞKEN FON,Değişken Fon,"38365201,91","38982139,54","1,61","192796571,00","188573554,00","-2,19","3,88"
ODD,OYAK PORTFÖY DÖRDÜNCÜ SERBEST FON,Serbest Fon,"452881780,86","469070363,58","3,57","42628334,00","42625854,00","-0,01","3,58"
ODG,ONE PORTFÖY İKİNCİ DEĞİŞKEN FON,Değişken Fon,"81394858,87","69607711,72","-14,48","71318343,00","59317548,00","-16,83","2,82"
ODP,OSMANLI PORTFÖY BİRİNCİ SERBEST FON,Serbest Fon,"299931437,38","298544329,44","-0,46","44276942,00","41953448,00","-5,25","5,05"
ODS,OYAK PORTFÖY İKİNCİ SERBEST(DÖVİZ) FON,Serbest Fon,"113809600,82","114787774,87","0,86","1672689,00","1650521,00","-1,33","2,21"
ODV,AK PORTFÖY ÜÇÜNCÜ FON SEPETİ FONU,Fon Sepeti Fonu,"1637323185,93","0,00",-100,"85962254,00","0,00",-100,"-100,00"
OFI,OYAK PORTFÖY İKİNCİ FON SEPETİ FONU,Fon Sepeti Fonu,"150631977,25","157250195,21","4,39","39009116,00","38669808,00","-0,87","5,31"
OFS,OYAK PORTFÖY BİRİNCİ FON SEPETİ FONU,Fon Sepeti Fonu,"179953673,40","186763831,23","3,78","22941728,00","22624815,00","-1,38","5,24"
OGD,OYAK PORTFÖY ALTIN KATILIM FONU,Katılım Fonu,"719888267,02","798309187,40","10,89","68159779,00","67024280,00","-1,67","12,77"
OHB,OYAK PORTFÖY BİRİNCİ HİSSE SENEDİ (TL) FONU (HİSSE SENEDİ YOĞUN FON),Hisse Senedi Fonu,"1385715964,59","1429092674,62","3,13","59125698,00","59046877,00","-0,13","3,27"
OHK,OYAK PORTFÖY KATILIM HİSSE SENEDİ (TL) FONU (HİSSE SENEDİ YOĞUN FON),Hisse Senedi Fonu,"30823964,32","28825302,85","-6,48","11022337,00","9789832,00","-11,18","5,29"
OIL,OSMANLI PORTFÖY ALTIN FON SEPETİ FONU,Fon Sepeti Fonu,"41694243,54","44298402,86","6,25","11820846,00","11321578,00","-4,22","10,93"
OIR,OSMANLI PORTFÖY DENGELİ FON SEPETİ FONU,Fon Sepeti Fonu,"19096352,85","19079297,21","-0,09","3889946,00","3752430,00","-3,54","3,57"
OJB,QNB PORTFÖY BEŞİNCİ SERBEST (DÖVİZ) FON,Serbest Fon,"27789231595,29","26731787429,75","-3,81","531080237,00","501482537,00","-5,57","1,87"
OJK,QNB PORTFÖY ALTIN FONU,Altın Fonu,"42966996719,74","47535133260,06","10,63","3528298328,00","3460086493,00","-1,93","12,81"
OJT,QNB PORTFÖY TEKNOLOJİ FON SEPETİ FONU,Fon Sepeti Fonu,"4601178211,49","4690821108,68","1,95","374264469,00","363450360,00","-2,89","4,98"
OKD,OYAK PORTFÖY BİRİNCİ DEĞİŞKEN FON,Değişken Fon,"86075944,90","83189516,28","-3,35","145328759,00","135344947,00","-6,87","3,78"
OKP,OYAK PORTFÖY BİRİNCİ KISA VADELİ BORÇLANMA ARAÇLARI (TL) FONU,Borçlanma Araçları Fonu,"70760154,48","75207926,67","6,29","11311014,00","11631794,00","2,84","3,35"
OKT,OYAK PORTFÖY BİRİNCİ BORÇLANMA ARAÇLARI FONU,Borçlanma Araçları Fonu,"112356762,87","110860584,29","-1,33","709655582,00","677774469,00","-4,49","3,31"
OLA,OSMANLI PORTFÖY İKİNCİ SERBEST (DÖVİZ- AVRO) FON,Serbest Fon,"20307103,92","20653084,36","1,7","388654,99","381593,99","-1,82","3,59"
OLD,QNB PORTFÖY TEMİZ ENERJİ VE SU FON SEPETİ FONU,Fon Sepeti Fonu,"152145883,45","145141539,61","-4,6","48377952,00","45481702,00","-5,99","1,47"
OLE,OSMANLI PORTFÖY BİRİNCİ FON SEPETİ FONU,Fon Sepeti Fonu,"324009769,70","325378501,65","0,42","66070594,00","64234412,00","-2,78","3,29"
OMG,AZİMUT PORTFÖY İKİNCİ HİSSE SENEDİ FONU (HİSSE SENEDİ YOĞUN FON),Hisse Senedi Fonu,"1400922322,90","1340350171,13","-4,32","766848502,00","720260806,00","-6,08","1,86"
ONE,AKTİF PORTFÖY BİRİNCİ HİSSE SENEDİ SERBEST (TL) FON (HİSSE SENEDİ YOĞUN FON),Serbest Fon,"32666125,44","33638598,15","2,98","21841609,16","22562655,48","3,3","-0,31"
ONK,AK PORTFÖY ONİKİNCİ SERBEST (DÖVİZ-AVRO) FON,Serbest Fon,"99648462087,62","101714528596,31","2,07","1707360638,00","1673022301,00","-2,01","4,17"
ONN,AKTİF PORTFÖY AKTİF ONİKS SERBEST (TL) FON,Serbest Fon,"1300039865,47","1256860197,12","-3,32","209172591,00","195169455,00","-6,69","3,62"
ONS,İŞ PORTFÖY ONİKİNCİ SERBEST (DÖVİZ) FON,Serbest Fon,"157765640285,36","160241435502,64","1,57","2970274215,00","2957970209,00","-0,41","1,99"
OPB,OSMANLI PORTFÖY BİRİNCİ DEĞİŞKEN FON,Değişken Fon,"48462338,34","50500088,47","4,2","3701034,00","3697906,00","-0,08","4,29"
OPD,OSMANLI PORTFÖY ANKA SERBEST FON,Serbest Fon,"65756893,07","67787917,59","3,09","7957673,00","7946114,00","-0,15","3,24"
OPF,OSMANLI PORTFÖY AGRESİF DEĞİŞKEN FON,Değişken Fon,"446195518,74","452761253,79","1,47","144133842,00","141724678,00","-1,67","3,20"
OPH,OSMANLI PORTFÖY BİRİNCİ HİSSE SENEDİ FONU(HİSSE SENEDİ YOĞUN FON),Hisse Senedi Fonu,"958397481,50","934440479,71","-2,5","36369914,00","35409957,00","-2,64","0,14"
OPI,OSMANLI PORTFÖY KAR PAYI ÖDEYEN HİSSE SENEDİ (TL) FONU (HİSSE SENEDİ YOĞUN FON),Hisse Senedi Fonu,"219763120,02","222005351,02","1,02","9499519,00","9633989,00","1,42","-0,39"
OPL,OSMANLI PORTFÖY İKİNCİ DEĞİŞKEN FON,Değişken Fon,"42393151,20","35810031,47","-15,53","4644060,00","3658298,00","-21,23","7,23"
ORC,ASTRA PORTFÖY ALFA SERBEST FON,Serbest Fon,"1169252864,50","1251704929,80","7,05","805363888,00","807856207,00","0,31","6,72"
OSD,OSMANLI PORTFÖY ÖZEL SEKTÖR BORÇLANMA ARAÇLARI FONU,Borçlanma Araçları Fonu,"626243485,71","611742264,98","-2,32","45492538,00","42951708,00","-5,59","3,46"
OSL,OSMANLI PORTFÖY KISA VADELİ BORÇLANMA ARAÇLARI (TL) FONU,Borçlanma Araçları Fonu,"1559047030,23","1353286056,59","-13,2","10339063246,00","8681394714,00","-16,03","3,38"
OTJ,OYAK PORTFÖY KIYMETLİ MADENLER KATILIM FON SEPETİ FONU,Fon Sepeti Fonu,"3058986371,47","0,00",-100,"476063719,00","0,00",-100,"-100,00"
OTK,OYAK PORTFÖY BİRİNCİ KATILIM SERBEST FON,Serbest Fon,"4831839,00","4919718,03","1,82","593004,00","585679,00","-1,24","3,09"
OTM,AZİMUT PORTFÖY OTOMOTİV SEKTÖRÜ DEĞİŞKEN FON,Değişken Fon,"13722744,82","13555748,15","-1,22","10612507,00","10493911,00","-1,12","-0,10"
OUD,OSMANLI PORTFÖY ATLANTİK SERBEST (DÖVİZ) FON,Serbest Fon,"145047806,03","147922466,06","1,98","2209715,00","2208256,00","-0,07","2,05"
OVD,QNB PORTFÖY EMTİA FON SEPETİ FONU,Fon Sepeti Fonu,"675714532,51","729575407,25","7,97","211279811,00","210814398,00","-0,22","8,21"
P1A,A1 CAPİTAL PORTFÖY PARA PİYASASI (TL) SERBEST FON,Serbest Fon,"779098032,57","482632547,52","-38,05","528536936,00","315439639,00","-40,32","3,80"
PA2,PUSULA PORTFÖY ALTIN KATILIM FONU,Katılım Fonu,"25639323,92","43741895,35","70,6","25468200,00","39084213,00","53,46","11,17"
PAB,A1 CAPİTAL PORTFÖY PARA PİYASASI (TL) FONU,Para Piyasası Fonu,"86434199,91","128898281,20","49,13","63490848,00","91372934,00","43,92","3,62"
PAF,PARDUS PORTFÖY ALTIN FONU,Altın Ve Diğer Kıymetli Madenler Fonu,"277361778,61","295145159,17","6,41","86210450,00","81090940,00","-5,94","13,13"
PAL,AK PORTFÖY ALTINCI SERBEST(DÖVİZ) FON,Serbest Fon,"162580986522,35","154230097494,33","-5,14","2904910822,00","2702485081,00","-6,97","1,97"
PAO,PARDUS PORTFÖY ANADOLU HİSSE SENEDİ SERBEST FON (HİSSE SENEDİ YOĞUN FON),Serbest Fon,"6517365,23","24632872,86","277,96","5694908,00","22635638,00","297,47","-4,91"
PBI,PARDUS PORTFÖY BİRİNCİ FON SEPETİ FONU,Fon Sepeti Fonu,"106956315,21","112484211,58","5,17","48375930,00","48421812,00","0,09","5,07"
PBK,ASTRA PORTFÖY BİRİNCİ KATILIM SERBEST (DÖVİZ) FON,Serbest Fon,"125094274,75","106903145,29","-14,54","2185869,00","1834788,00","-16,06","1,81"
PBN,PİRAMİT PORTFÖY BİRİNCİ HİSSE SENEDİ SERBEST FON (HİSSE SENEDİ YOĞUN FON),Serbest Fon,"417060265,11","496953052,92","19,16","311724760,00","303905543,00","-2,51","22,22"
PBR,PUSULA PORTFÖY BİRİNCİ DEĞİŞKEN FON,Değişken Fon,"38577377114,38","0,00",-100,"7062489396,00","0,00",-100,"-100,00"
PCE,PARDUS PORTFÖY İNCİ SERBEST FON,Serbest Fon,"222402855,47","99379317,75","-55,32","178131791,00","76616416,00","-56,99","3,89"
PDD,ASTRA PORTFÖY KATILIM FONU,Katılım Fonu,"848964707,97","860437132,19","1,35","146330891,00","144318749,00","-1,38","2,76"
PDF,ASTRA PORTFÖY BİRİNCİ SERBEST (DÖVİZ) FON,Serbest Fon,"466972298,11","482391654,51","3,3","7880336,00","7967822,00","1,11","2,17"
PEA,PERFORM PORTFÖY ALTIN FONU,Altın Ve Diğer Kıymetli Madenler Fonu,"63072148,92","70982105,01","12,54","47225142,00","47232287,00","0,02","12,52"
PFO,PHİLLİP PORTFÖY FON SEPETİ FONU,Fon Sepeti Fonu,"75052008,93","75416211,75","0,49","32674679,00","32109863,00","-1,73","2,25"
PFS,ATLAS PORTFÖY FON SEPETİ FONU,Fon Sepeti Fonu,"15647952,17","15995161,14","2,22","5482288,00","5402557,00","-1,45","3,73"
PGD,ASTRA PORTFÖY AGRESİF DEĞİŞKEN FON,Değişken Fon,"171120314,77","184588279,28","7,87","99022797,00","102586243,00","3,6","4,12"
PGS,AZİMUT PORTFÖY PAY GERİ ALIMI YAPAN ŞİRKETLER HİSSE SENEDİ FONU (HİSSE SENEDİ YOĞUN FON),Hisse Senedi Fonu,"196972093,88","171937284,60","-12,71","147661368,00","130791756,00","-11,42","-1,45"
PHE,PUSULA PORTFÖY HİSSE SENEDİ FONU (HİSSE SENEDİ YOĞUN FON),Hisse Senedi Fonu,"75887885115,62","0,00",-100,"19550361622,00","0,00",-100,"-100,00"
PHI,PİRAMİT PORTFÖY HİSSE SENEDİ FONU (HİSSE SENEDİ YOĞUN FON),Hisse Senedi Fonu,"72460253,06","76137490,13","5,07","46281791,00","47004554,00","1,56","3,46"
PHK,PHİLLİP PORTFÖY KATILIM HİSSE SENEDİ FONU (HİSSE SENEDİ YOĞUN FON),Hisse Senedi Fonu,"81235752,69","83208161,71","2,43","50355520,00","52622798,00","4,5","-1,99"
PID,PİRAMİT PORTFÖY DEĞİŞKEN FON,Değişken Fon,"51425783,09","55204043,16","7,35","28143669,00","29046127,00","3,21","4,01"
PIL,ROTA PORTFÖY PİL TEKNOLOJİLERİ VE ENERJİ FON SEPETİ FONU,Fon Sepeti Fonu,"521376381,30","489165460,17","-6,18","140232149,00","123583115,00","-11,87","6,46"
PIP,GARANTİ PORTFÖY İKİNCİ PARA PİYASASI SERBEST (TL) FON,Serbest Fon,"26935062987,50","25334367686,11","-5,94","16535578459,00","15046896957,00",-9,"3,36"
PIR,PİRAMİT PORTFÖY ALTIN FONU,Altın Ve Diğer Kıymetli Madenler Fonu,"110586723,07","116644669,89","5,48","72713889,00","67937191,00","-6,57","12,89"
PIS,PARDUS PORTFÖY İKİNCİ KISA VADELİ SERBEST (TL) FON,Serbest Fon,"1093632684,44","989674032,44","-9,51","777225610,00","678173170,00","-12,74","3,71"
PJL,PHİLLİP PORTFÖY PARA PİYASASI FONU,Para Piyasası Fonu,"1398820663,00","1158933063,72","-17,15","277998789,00","222871522,00","-19,83","3,34"
PJP,PERFORM PORTFÖY BİRİNCİ SERBEST (DÖVİZ) FON,Serbest Fon,"435607447,93","401858767,51","-7,75","8908727,00","8054920,00","-9,58","2,03"
PK1,AHLATCI PORTFÖY PARA PİYASASI KATILIM (TL) FONU,Katılım Fonu,"8891712,42","11631010,41","30,81","8766037,00","11109906,00","26,74","3,21"
PKD,PUSULA PORTFÖY İKİNCİ KATILIM HİSSE SENEDİ SERBEST FON (HİSSE SENEDİ YOĞUN FON),Serbest Fon,"15351395,26","26311423,51","71,39","17206866,00","26902491,00","56,35","9,62"
PKF,ATA PORTFÖY ALTIN KATILIM FONU,Katılım Fonu,"394149949,89","405842861,05","2,97","91913345,00","84080399,00","-8,52","12,56"
PKM,PUSULA PORTFÖY PARA PİYASASI KATILIM (TL) FONU,Katılım Fonu,"258715797,02","476717297,00","84,26","250087057,00","445864734,00","78,28","3,35"
PKP,ATA PORTFÖY PARA PİYASASI KATILIM SERBEST FON,Serbest Fon,"433306451,75","441523859,37","1,9","356259796,00","351155186,00","-1,43","3,38"
PKR,ROTA PORTFÖY PARA PİYASASI KATILIM FONU,Katılım Fonu,"737959852,83","669647053,68","-9,26","487771237,00","435390296,00","-10,74","1,66"
PKT,YAPI KREDİ PORTFÖY PARA PİYASASI KATILIM SERBEST (TL) FON,Serbest Fon,"11644969521,92","12311705692,10","5,73","7547609407,00","7721636093,00","2,31","3,34"
PKV,PARDUS PORTFÖY KISA VADELİ SERBEST (TL) FON,Serbest Fon,"13906484397,81","13651979792,94","-1,83","7017622226,00","6635879587,00","-5,44","3,82"
PLR,OSMANLI PORTFÖY PARA PİYASASI FONU,Para Piyasası Fonu,"663933352,78","884790429,02","33,26","410926209,00","529348297,00","28,82","3,45"
PMP,PARDUS PORTFÖY MODEL PORTFÖY HİSSE SENEDİ SERBEST FON (HİSSE SENEDİ YOĞUN FON),Serbest Fon,"22458921,52","18021463,54","-19,76","22451684,00","21044559,00","-6,27","-14,39"
PNU,PUSULA PORTFÖY İKİNCİ PARA PİYASASI (TL) FONU,Para Piyasası Fonu,"21965716825,76","35690031573,21","62,48","18530795625,00","28899331117,00","55,95","4,19"
PO9,PARDUS PORTFÖY ONDOKUZUNCU HİSSE SENEDİ SERBEST FON (HİSSE SENEDİ YOĞUN FON),Serbest Fon,"74165550,96","211773163,10","185,54","101435191,00","268283024,00","164,49","7,96"
POS,PARDUS PORTFÖY ONBEŞİNCİ HİSSE SENEDİ SERBEST (TL) FON (HİSSE SENEDİ YOĞUN FON),Serbest Fon,"74058387,74","85053087,96","14,85","64088879,00","69547584,00","8,52","5,83"
PP1,PARDUS PORTFÖY BİRİNCİ KATILIM FONU,Katılım Fonu,"35409996,25","34123668,65","-3,63","20908075,00","20157562,00","-3,59","-0,04"
PPB,PHİLLİP PORTFÖY BİRİNCİ HİSSE SENEDİ FONU (HİSSE SENEDİ YOĞUN FON),Hisse Senedi Fonu,"404947691,20","376296702,86","-7,08","38857303,00","37417726,00","-3,7","-3,50"
PPD,PERFORM PORTFÖY HİSSE SENEDİ SERBEST FON (HİSSE SENEDİ YOĞUN FON),Serbest Fon,"2284221971,14","2270975677,72","-0,58","67023538,00","64604410,00","-3,61","3,14"
PPE,PHİLLİP PORTFÖY SERBEST (DÖVİZ) FON,Serbest Fon,"775147563,67","751855224,13",-3,"12619725,00","11960374,00","-5,22","2,34"
PPG,ALBARAKA PORTFÖY PARA PİYASASI KATILIM FONU,Katılım Fonu,"2493641967,47","2441707735,28","-2,08","1769257926,00","1678493994,00","-5,13","3,21"
PPH,PARDUS PORTFÖY BIST 100 DIŞI ŞİRKETLER HİSSE SENEDİ (TL) FONU (HİSSE SENEDİ YOĞUN FON),Hisse Senedi Fonu,"76285183,18","66184028,92","-13,24","45895403,00","39456044,00","-14,03","0,92"
PPI,YAPI KREDİ PORTFÖY ÜÇÜNCÜ PARA PİYASASI (TL) FONU,Para Piyasası Fonu,"4148623202,47","8080207633,36","94,77","1877602397,00","3539098291,00","88,49","3,33"
PPJ,AK PORTFÖY İKİNCİ PARA PİYASASI SERBEST (TL) FON,Serbest Fon,"68711318253,20","94648763029,11","37,75","38384391409,00","51116888437,00","33,17","3,44"
PPK,QNB PORTFÖY PARA PİYASASI KATILIM (TL) FONU,Katılım Fonu,"5359411176,69","5970976609,95","11,41","2460427789,00","2653569373,00","7,85","3,30"
PPM,PİRAMİT PORTFÖY MUTLAK GETİRİ HEDEFLİ HİSSE SENEDİ SERBEST FON (HİSSE SENEDİ YOĞUN FON),Serbest Fon,"143260540,75","132123140,52","-7,77","67557399,00","60521751,00","-10,41","2,95"
PPN,NUROL PORTFÖY PARA PİYASASI (TL) FONU,Para Piyasası Fonu,"11863248528,69","12233457784,27","3,12","2126746870,00","2119426882,00","-0,34","3,48"
PPP,PERFORM PORTFÖY PARA PİYASASI (TL) FONU,Para Piyasası Fonu,"8118230780,55","8200814281,05","1,02","2686929744,00","2624641643,00","-2,32","3,41"
PPS,PHİLLİP PORTFÖY BİRİNCİ SERBEST FON,Serbest Fon,"1062125724,80","1122272994,14","5,66","306646155,00","300912306,00","-1,87","7,68"
PPT,ATLAS PORTFÖY PARA PİYASASI (TL) FONU,Para Piyasası Fonu,"1758933178,53","2496468310,53","41,93","556530520,00","760939786,00","36,73","3,80"
PPV,AKTİF PORTFÖY PARA PİYASASI SERBEST (TL) FON,Serbest Fon,"7376268946,88","9119777150,64","23,64","6624155628,00","7922366305,00","19,6","3,38"
PPZ,AZİMUT PORTFÖY PARA PİYASASI (TL) FONU,Para Piyasası Fonu,"13355405951,75","12823034929,73","-3,99","2095622565,00","1946317412,00","-7,12","3,38"
PRD,PİRAMİT PORTFÖY PARA PİYASASI (TL) FONU,Para Piyasası Fonu,"365163050,47","421942414,84","15,55","161591626,00","180193297,00","11,51","3,62"
PRH,AURA PORTFÖY PARA PİYASASI (TL) FONU,Para Piyasası Fonu,"596930758,12","611550171,63","2,45","281766910,00","279188490,00","-0,92","3,40"
PRR,INVEO PORTFÖY PARA PİYASASI KATILIM (TL) FONU,Katılım Fonu,"781164176,45","859298394,82",10,"604639224,00","643867421,00","6,49","3,30"
PRU,ALLBATROSS PORTFÖY KISA VADELİ SERBEST (TL) FON,Serbest Fon,"3027823472,54","0,00",-100,"859245094,00","0,00",-100,"-100,00"
PRV,ASTRA PORTFÖY PARA PİYASASI SERBEST FON,Serbest Fon,"4699018383,07","4330322420,23","-7,85","3608819321,00","3219838179,00","-10,78","3,29"
PRY,PUSULA PORTFÖY PARA PİYASASI (TL) FONU,Para Piyasası Fonu,"117816394931,98","110355075275,96","-6,33","38704941796,00","34818452499,00","-10,04","4,12"
PSE,ATLAS PORTFÖY PARA PİYASASI SERBEST FON,Serbest Fon,"27437361875,27","25291711922,91","-7,82","15213209351,00","13494502762,00","-11,3","3,92"
PSH,DENİZ PORTFÖY PERAKENDE SEKTÖRÜ HİSSE SENEDİ (TL) FONU (HİSSE SENEDİ YOĞUN FON),Hisse Senedi Fonu,"19671361,39","16470680,92","-16,27","18487332,00","15652003,00","-15,34","-1,10"
PSL,AZİMUT PORTFÖY 8.0 SERBEST FON,Serbest Fon,"381939656,67","234922956,95","-38,49","46108533,00","27664172,00",-40,"2,52"
PTE,TEB PORTFÖY BİRİNCİ PARA PİYASASI SERBEST (TL) FON,Serbest Fon,"46222085113,44","50164109944,15","8,53","28111522107,92","29508847936,92","4,97","3,39"
PTF,QNB PORTFÖY TREND SERBEST FON,Serbest Fon,"922258746,36","762839889,76","-17,29","662164726,00","527089442,00","-20,4","3,91"
PTN,PHİLLİP PORTFÖY ALTIN FONU,Altın Ve Diğer Kıymetli Madenler Fonu,"555715203,91","716094286,95","28,86","377353360,00","431824879,00","14,44","12,61"
PTO,PARDUS PORTFÖY TEMETTÜ ÖDEYEN ŞİRKETLER HİSSE SENEDİ FONU (HİSSE SENEDİ YOĞUN FON),Hisse Senedi Fonu,"481033547,09","321078402,36","-33,25","279635745,00","174729495,00","-37,52","6,82"
PTP,AHLATCI PORTFÖY PARA PİYASASI (TL) FONU,Para Piyasası Fonu,"77297721,76","75846830,15","-1,88","66807669,00","63458373,00","-5,01","3,30"
PTS,QNB PORTFÖY PARA PİYASASI SERBEST (TL) FON,Serbest Fon,"10865265500,36","8793098508,26","-19,07","7010868127,00","5489582515,00","-21,7","3,36"
PUC,AK PORTFÖY BİRİNCİ KISA VADELİ SERBEST (TL)  FON,Serbest Fon,"785713910,64","797039447,90","1,44","109994263,00","107880425,00","-1,92","3,43"
PUH,PERFORM PORTFÖY ÜÇÜNCÜ HİSSE SENEDİ SERBEST (TL) FON (HİSSE SENEDİ YOĞUN FON),Serbest Fon,"364912755,91","347789413,22","-4,69","230021168,00","212832098,00","-7,47","3,00"
PUK,PUSULA PORTFÖY KATILIM HİSSE SENEDİ (TL) FONU (HİSSE SENEDİ YOĞUN FON),Hisse Senedi Fonu,"1356044914,70","1210547963,78","-10,73","1145768325,00","957600534,00","-16,42","6,81"
PVK,ALBARAKA PORTFÖY KISA VADELİ KATILIM SERBEST (TL) FON,Serbest Fon,"40893498534,75","36667149823,32","-10,34","7309664358,00","6353589387,00","-13,08","3,16"
PYR,PARDUS PORTFÖY YİRMİNCİ HİSSE SENEDİ SERBEST FON (HİSSE SENEDİ YOĞUN FON),Serbest Fon,"90878008,11","72474785,76","-20,25","54876154,00","50622044,00","-7,75","-13,55"
RAF,ROTA PORTFÖY ALTINCI SERBEST FON,Serbest Fon,"195176360,60","158748639,10","-18,66","53054502,00","41758590,00","-21,29","3,34"
RBA,ALBARAKA PORTFÖY BEREKET VAKFI NA DESTEK ALTIN KATILIM FONU,Katılım Fonu,"1755490070,92","1934436394,71","10,19","90255244,00","88189195,00","-2,29","12,78"
RBB,RE-PIE PORTFÖY BİRİNCİ BORÇLANMA ARAÇLARI (TL) FONU,Borçlanma Araçları Fonu,"24153794,39","15942640,89",-34,"15025350,00","9611221,00","-36,03","3,19"
RBF,ROTA PORTFÖY BİRİNCİ BORÇLANMA ARAÇLARI FONU,Borçlanma Araçları Fonu,"17363317,63","19387267,75","11,66","10154981,00","10944381,00","7,77","3,60"
RBH,ALBARAKA PORTFÖY KATILIM HİSSE SENEDİ FONU (HİSSE SENEDİ YOĞUN FON),Hisse Senedi Yoğun,"1027566294,78","1008601510,43","-1,85","30834424,00","29006265,00","-5,93","4,34"
RBI,RE-PIE PORTFÖY BİRİNCİ SERBEST (DÖVİZ) FON,Serbest Fon,"110437052,87","68851240,87","-37,66","1981171,00","1224039,00","-38,22","0,91"
RBK,ALBARAKA PORTFÖY KATILIM FONU,Katılım Fonu,"53733629,61","48865900,49","-9,06","6268174,00","5558398,00","-11,32","2,55"
RBL,QNB PORTFÖY ROBOTİK VE BLOCKCHAİN TEKNOLOJİLERİ SERBEST FON,Serbest Fon,"329754418,74","319417468,74","-3,13","190955284,00","173642175,00","-9,07","6,52"
RBN,RE-PIE PORTFÖY BEŞİNCİ HİSSE SENEDİ SERBEST (TL) FON (HİSSE SENEDİ YOĞUN FON),Serbest Fon,"44013862,42","41577725,32","-5,53","28977531,00","27456148,00","-5,25","-0,30"
RBP,RE-PIE PORTFÖY BİRİNCİ PARA PİYASASI (TL) FONU,Para Piyasası Fonu,"2455157333,88","2499342883,57","1,8","1103364127,00","1067394397,00","-3,26","3,71"
RBR,RE-PIE  PORTFÖY BİRİNCİ KATILIM SERBEST FON,Serbest Fon,"25084867,26","101717162,83","305,49","8240295,00","26909827,00","226,56","24,17"
RBT,ALBARAKA PORTFÖY KİRA SERTİFİKALARI  KATILIM FONU,Kira Sertifikası Fonu,"992919128,14","1344387013,70","35,4","156276315,00","204464672,00","30,84","3,49"
RBV,ALBARAKA PORTFÖY KISA VADELİ KİRA SERTİFİKALARI KATILIM (TL) FONU,Kisa Vadeli Kira Sertifikalari Katilim Fonu,"6395686547,16","7902081714,28","23,55","955633990,00","1144100521,00","19,72","3,20"
RCV,AZİMUT PORTFÖY BİRİNCİ ÇOKLU VARLIK KATILIM FONU,Katılım Fonu,"59146659,45","65186592,25","10,21","35081245,00","36151492,00","3,05","6,95"
RD1,ROTA PORTFÖY BİRİNCİ DEĞİŞKEN FON,Değişken Fon,"62813623,44","66388114,90","5,69","34341876,00","34394057,00","0,15","5,53"
RDF,ROTA PORTFÖY DOKUZUNCU HİSSE SENEDİ SERBEST FON (HİSSE SENEDİ YOĞUN FON),Serbest Fon,"418825766,22","397181611,75","-5,17","259960121,00","246694652,00","-5,1","-0,07"
RDT,PHİLLİP PORTFÖY RODOSTO SERBEST FON,Serbest Fon,"66999029,21","73487349,40","9,68","75070456,00","81372715,00","8,4","1,19"
RFM,ROTA PORTFÖY ENERJİ VE METAL FON SEPETİ FONU,Fon Sepeti Fonu,"14245471,50","25192484,98","76,85","13833498,00","22507597,00","62,7","8,69"
RGD,RE-PIE PORTFÖY AGRESİF DEĞİŞKEN FON,Değişken Fon,"28097903,94","28461260,08","1,29","26009966,00","24900063,00","-4,27","5,81"
RGH,RE-PIE PORTFÖY MUTLAK GETİRİ HEDEFLİ HİSSE SENEDİ SERBEST FON (HİSSE SENEDİ YOĞUN FON),Serbest Fon,"39030845,09","39521202,16","1,26","34418619,00","34407479,00","-0,03","1,29"
RHI,RE-PIE PORTFÖY BİRİNCİ HİSSE SENEDİ (TL) FONU (HİSSE SENEDİ YOĞUN FON),Hisse Senedi Fonu,"41541084,31","38854618,37","-6,47","25680659,00","22999613,00","-10,44","4,44"
RHS,ROTA PORTFÖY HİSSE SENEDİ (TL) FON (HİSSE SENEDİ YOĞUN FON),Hisse Senedi Fonu,"852766745,24","808588373,16","-5,18","113025779,00","108262365,00","-4,21","-1,01"
RIA,ROTA PORTFÖY İSTATİSTİKSEL ARBİTRAJ HİSSE SENEDİ SERBEST FON (HİSSE SENEDİ YOĞUN FON),Serbest Fon,"20004073,22","20237290,13","1,17","14836875,00","14663399,00","-1,17","2,36"
RIH,RE-PIE PORTFÖY İKİNCİ HİSSE SENEDİ SERBEST FON (HİSSE SENEDİ YOĞUN FON),Serbest Fon,"132438662,19","150266937,18","13,46","13262091,00","13635042,00","2,81","10,36"
RIK,RE-PIE PORTFÖY İKİNCİ DEĞİŞKEN FON,Değişken Fon,"932897073,32","620810204,65","-33,45","164118943,00","112883347,00","-31,22","-3,25"
RJG,RE-PIE PORTFÖY ALTIN KATILIM FONU,Katılım Fonu,"93193697,69","90050260,41","-3,37","29726522,00","25487271,00","-14,26","12,70"
RKC,ROTA PORTFÖY İKİNCİ DEĞİŞKEN FON,Değişken Fon,"42484731,36","30342366,17","-28,58","25306990,00","17291641,00","-31,67","4,53"
RKH,RE-PIE PORTFÖY KATILIM HİSSE SENEDİ SERBEST (TL) FON (HİSSE SENEDİ YOĞUN FON),Serbest Fon,"8733639,69","8984169,62","2,87","8261055,00","8272167,00","0,13","2,73"
RKS,ROTA PORTFÖY KİRA SERTİFİKALARI KATILIM FONU,Katılım Fonu,"90203179,21","90804801,66","0,67","43872721,00","44541885,00","1,53","-0,85"
RKV,RE-PIE PORTFÖY KISA VADELİ KATILIM SERBEST (TL) FON,Serbest Fon,"1304358425,13","512629310,30","-60,7","518031694,00","197011274,00","-61,97","3,34"
RLH,ROTA PORTFÖY YİRMİNCİ SERBEST FON,Serbest Fon,"257253118,72","275977246,26","7,28","157474627,00","163018205,00","3,52","3,63"
ROF,ROTA PORTFÖY ONUNCU HİSSE SENEDİ SERBEST FON (HİSSE SENEDİ YOĞUN FON),Serbest Fon,"428232464,59","509408521,91","18,96","131958428,00","155048445,00","17,5","1,24"
RPC,ROTA PORTFÖY İKLİM DEĞİŞİKLİĞİ ÇÖZÜMLERİ DEĞİŞKEN FON,Değişken Fon,"26609332,08","23330882,19","-12,32","5221730,00","4406082,00","-15,62","3,91"
RPD,RE-PIE PORTFÖY BİRİNCİ DEĞİŞKEN FON,Değişken Fon,"298168509,27","274020215,41","-8,1","20432769,00","18643295,00","-8,76","0,72"
RPG,ROTA PORTFÖY ALTIN FONU,Altın Fonu,"872507014,65","933788099,52","7,02","156402173,00","145890731,00","-6,72","14,73"
RPI,ROTA PORTFÖY KATILIM HİSSE SENEDİ FONU (HİSSE SENEDİ YOĞUN FON),Hisse Senedi Fonu,"14993203,32","14214179,92","-5,2","10055674,00","9562182,00","-4,91","-0,30"
RPL,RE-PIE PORTFÖY ALGORİTMİK STRATEJİLER SERBEST FON,Serbest Fon,"122177037,86","125055229,32","2,36","72140019,00","71895223,00","-0,34","2,70"
RPM,ROTA PORTFÖY İLAÇ VE MEDİKAL TEKNOLOJİLERİ DEĞİŞKEN FON,Değişken Fon,"81474846,87","87973210,35","7,98","19561600,00","19153730,00","-2,09","10,28"
RPN,ROTA PORTFÖY NEV SERBEST FON,Serbest Fon,"873184151,36","820288231,64","-6,06","159059117,00","159059117,00",0,"-6,06"
RPP,ROTA PORTFÖY PARA PİYASASI (TL) FONU,Para Piyasası Fonu,"6514706390,81","6572125069,55","0,88","1357149089,00","1323973250,00","-2,44","3,41"
RPS,ROTA PORTFÖY BİRİNCİ SERBEST (DÖVİZ) FON,Serbest Fon,"174322611,81","174473378,09","0,09","2789060,00","2745407,00","-1,57","1,68"
RPT,ROTA PORTFÖY İKİNCİ SERBEST (TL) FON,Serbest Fon,"1193503777,56","1222565465,38","2,43","238562825,00","236461348,00","-0,88","3,35"
RPX,ROTA PORTFÖY ÜÇÜNCÜ SERBEST (DÖVİZ) FON,Serbest Fon,"636553699,10","614664832,06","-3,44","10296716,00","9756442,00","-5,25","1,91"
RRA,ROTA PORTFÖY PARA PİYASASI SERBEST FON,Serbest Fon,"3077551396,85","1444363611,27","-53,07","2108500378,00","960948053,00","-54,43","2,98"
RRP,RE-PIE PORTFÖY PARA PİYASASI KATILIM (TL) FON,Katılım Fonu,"734921706,25","820981129,82","11,71","460948729,00","498945660,00","8,24","3,20"
RS1,ROTA PORTFÖY BİRİNCİ KISA VADELİ SERBEST FON,Serbest Fon,"851745360,22","0,00",-100,"545472013,00","0,00",-100,"-100,00"
RSK,ROTA PORTFÖY ONSEKİZİNCİ SERBEST FON,Serbest Fon,"242769261,46","311750873,37","28,41","125204538,00","161702696,00","29,15","-0,57"
RTD,RE-PIE PORTFÖY TEKNOLOJİ DEĞİŞKEN FON,Değişken Fon,"26001867,57","27848725,85","7,1","13344810,00","13301590,00","-0,32","7,45"
RTG,ATA PORTFÖY ROBOTİK TEKNOLOJİLERİ DEĞİŞKEN FON,Değişken Fon,"262307143,76","258172684,00","-1,58","47164459,00","44561347,00","-5,52","4,17"
RTH,RE-PIE PORTFÖY BİRİNCİ HİSSE SENEDİ SERBEST FON (HİSSE SENEDİ YOĞUN FON),Serbest Fon,"24661837,44","19146579,32","-22,36","4085105,00","3191887,00","-21,87","-0,64"
RTP,RE-PIE PORTFÖY BİRİNCİ SERBEST FON,Serbest Fon,"364024534,68","304558739,19","-16,34","27547020,00","24930018,00","-9,5","-7,55"
RUT,BV PORTFÖY ROBOTİK VE UZAY TEKNOLOJİLERİ DEĞİŞKEN FON,Değişken Fon,"167399446,11","201466819,16","20,35","70406970,00","78899946,00","12,06","7,40"
RYF,ROTA PORTFÖY YEDİNCİ HİSSE SENEDİ SERBEST (TL) FON (HİSSE SENEDİ YOĞUN FON),Serbest Fon,"364060786,07","426825293,94","17,24","32621647,00","35206434,00","7,92","8,63"
SAS,AK PORTFÖY SABANCI TOPLULUĞU ŞİRKETLERİ ENDEKSİ HİSSE SENEDİ (TL) FONU (HİSSE SENEDİ YOĞUN FON),Hisse Senedi Fonu,"986039192,02","934990612,64","-5,18","626594440,00","593599591,00","-5,27","0,09"
SBH,SPARTA PORTFÖY BİRİNCİ HİSSE SENEDİ SERBEST (TL) FON (HİSSE SENEDİ YOĞUN FON),Serbest Fon,"330474487,50","0,00",-100,"169991889,00","0,00",-100,"-100,00"
SD1,SPARTA PORTFÖY BİRİNCİ DEĞİŞKEN FON,Değişken Fon,"0,00","0,00",0,"0,00","0,00",0,"0,00"
SFS,AZİMUT PORTFÖY AGRESİF FON SEPETİ FONU,Fon Sepeti Fonu,"31327409,01","31373147,84","0,15","22792611,00","22214442,00","-2,54","2,75"
SGK,EMAA BLUE PORTFÖY BİYOTEKNOLOJİ VE SAĞLIK SEKTÖRÜ DEĞİŞKEN FON,Değişken Fon,"0,00","202132138,21",0,"0,00","200047601,00",0,"0,00"
SGT,GARANTİ PORTFÖY SİBER GÜVENLİK TEKNOLOJİLERİ DEĞİŞKEN FON,Değişken Fon,"185859565,09","0,00",-100,"99267495,00","0,00",-100,"-100,00"
SHC,STRATEJİ PORTFÖY İKİNCİ HİSSE SENEDİ FONU (HİSSE SENEDİ YOĞUN FON),Hisse Senedi Fonu,"0,00","67179616,35",0,"0,00","66015901,00",0,"0,00"
SHE,TEB PORTFÖY ÖNCE KADIN DEĞİŞKEN FON,Değişken Fon,"54128179,95","59233322,36","9,43","15203778,00","16554423,00","8,88","0,50"
SHU,SPARTA PORTFÖY ÜÇÜNCÜ HİSSE SENEDİ SERBEST (TL) FON (HİSSE SENEDİ YOĞUN FON),Serbest Fon,"240245128,00","0,00",-100,"171284263,00","0,00",-100,"-100,00"
SKO,STRATEJİ PORTFÖY KAR PAYI ÖDEYEN HİSSE SENEDİ FONU (HİSSE SENEDİ YOĞUN FON),Hisse Senedi Fonu,"256108291,38","217275379,19","-15,16","152334839,00","127667348,00","-16,19","1,23"
SKZ,NEO PORTFÖY SEKİZİNCİ SERBEST FON,Serbest Fon,"126506559,90","123157630,24","-2,65","127359034,00","120456197,00","-5,42","2,93"
SLG,QNB PORTFÖY ALGORİTMİK STRATEJİLER HİSSE SENEDİ FONU (HİSSE SENEDİ YOĞUN FON),Hisse Senedi Fonu,"512408234,99","491822479,44","-4,02","365715951,00","352185360,00","-3,7","-0,33"
SNY,ATLAS PORTFÖY SANAYİ SEKTÖRÜ HİSSE SENEDİ SERBEST FON (HİSSE SENEDİ YOĞUN FON),Serbest Fon,"551116442,39","522264090,12","-5,24","362486203,00","347115089,00","-4,24","-1,04"
SOS,HEDEF PORTFÖY SAĞLIK SEKTÖRÜ DEĞİŞKEN FON,Değişken Fon,"18114114,28","22343111,75","23,35","11869963,00","13132676,00","10,64","11,49"
SPE,AZIMUT PORTFÖY 5.0 SERBEST (DÖVIZ) FON,Serbest Fon,"4380820559,33","4112160190,95","-6,13","41458819,00","38003054,00","-8,34","2,40"
SPN,AZİMUT PORTFÖY İSTATİSTİKSEL ARBİTRAJ HİSSE SENEDİ SERBEST FON (HİSSE SENEDİ YOĞUN FON),Serbest Fon,"1841438245,22","1526393205,46","-17,11","189300857,00","152563912,00","-19,41","2,85"
SPP,SPARTA PORTFÖY BİRİNCİ PARA PİYASASI (TL) FONU,Para Piyasası Fonu,"526032547,57","569928840,69","8,34","340817155,00","356779989,00","4,68","3,50"
SPR,BV PORTFÖY SPOR ENDÜSTRİSİ DEĞİŞKEN FON,Değişken Fon,"10107792,21","8835791,06","-12,58","7490888,00","6590860,00","-12,01","-0,65"
SPT,AKTİF PORTFÖY KATILIM FON SEPETİ FONU,Fon Sepeti Fonu,"101055434,05","94782588,73","-6,21","48662455,00","43265213,00","-11,09","5,49"
SRL,PARDUS PORTFÖY SÜRDÜRÜLEBİLİRLİK HİSSE SENEDİ (TL) FONU (HİSSE SENEDİ YOĞUN FON),Hisse Senedi Fonu,"463817536,55","90930076,75","-80,4","267537272,00","51145473,00","-80,88","2,55"
SSK,DENİZ PORTFÖY SAĞLIK SEKTÖRÜ DEĞİŞKEN FON,Değişken Fon,"44606910,69","49671413,73","11,35","26762469,00","27803746,00","3,89","7,18"
SSS,YAPI KREDİ PORTFÖY SAVUNMA SANAYİİ ŞİRKETLERİ ENDEKSİ HİSSE SENEDİ FONU (HİSSE SENEDİ YOĞUN FON),Hisse Senedi Fonu,"276285100,24","261734940,46","-5,27","192960029,00","181856628,00","-5,75","0,52"
ST1,STRATEJİ PORTFÖY BİRİNCİ HİSSE SENEDİ FONU (HİSSE SENEDİ YOĞUN FON),Hisse Senedi Fonu,"649928663,87","650913243,76","0,15","3497645,66","3448015,66","-1,42","1,59"
STI,ATLAS PORTFÖY SENTİMENT SERBEST FON,Serbest Fon,"176909890,32","183451770,47","3,7","145288195,00","144484522,00","-0,55","4,27"
SUA,ÜNLÜ PORTFÖY BİRİNCİ DEĞİŞKEN FON,Değişken Fon,"2390175850,75","2243763584,14","-6,13","4167187001,00","3770425796,00","-9,52","3,75"
SUB,ÜNLÜ PORTFÖY İKİNCİ DEĞİŞKEN FON,Değişken Fon,"112347973,51","109890382,29","-2,19","285959545,00","277972101,00","-2,79","0,62"
SUC,ÜNLÜ PORTFÖY ÜÇÜNCÜ DEĞIŞKEN FON,Değişken Fon,"530562200,38","587597560,61","10,75","24563541,00","25871819,00","5,33","5,15"
SUR,EMAA BLUE PORTFÖY SÜRDÜRÜLEBİLİRLİK HİSSE SENEDİ FONU (HİSSE SENEDİ YOĞUN FON),Hisse Senedi Fonu,"214498148,11","215786207,13","0,6","187668042,00","187692307,00","0,01","0,59"
SVB,STRATEJİ PORTFÖY AGRESİF DEĞİŞKEN FON,Değişken Fon,"259235663,25","249799778,15","-3,64","27751209,00","26555639,00","-4,31","0,70"
TAL,ATLAS PORTFÖY ALTIN KATILIM FONU,Altın Ve Diğer Kıymetli Madenler Fonu,"32066085,96","35820612,91","11,71","12926230,00","12744840,00","-1,4","13,30"
TAR,AK PORTFÖY TARIM VE GIDA TEKNOLOJİLERİ DEĞİŞKEN FON,Değişken Fon,"138802300,77","133996437,18","-3,46","54317400,00","52001686,00","-4,26","0,84"
TAU,İŞ PORTFÖY BIST BANKA ENDEKSİ HİSSE SENEDİ (TL) FONU (HİSSE SENEDİ YOĞUN FON),Hisse Senedi Fonu,"2346632581,76","2331160998,10","-0,66","3789381100,00","3809632382,00","0,53","-1,19"
TBT,TEB PORTFÖY BORÇLANMA ARAÇLARI FONU,Borçlanma Araçları Fonu,"389192998,26","382101545,21","-1,82","7576291,52","7131238,52","-5,87","4,31"
TBV,İŞ PORTFÖY ÖZEL SEKTÖR BORÇLANMA ARAÇLARI (TL) FONU,Borçlanma Araçları Fonu,"1172553690,40","1233556153,23","5,2","2952653847,00","3005286026,00","1,78","3,36"
TCA,ZİRAAT PORTFÖY ALTIN KATILIM FONU,Katılım Fonu,"12820910708,97","14176457668,37","10,57","18105538541,44","17749260041,44","-1,97","12,79"
TCB,TACİRLER PORTFÖY PARA PİYASASI FONU,Para Piyasası Fonu,"3336243343,25","3128471921,97","-6,23","14692684904,00","13321186894,00","-9,33","3,43"
TCC,TACİRLER PORTFÖY SERBEST ( DÖVİZ ) FON,Serbest Fon,"412457955,30","475234585,04","15,22","5507435463,00","5862479281,00","6,45","8,24"
TCD,TACİRLER PORTFÖY DEĞIŞKEN FON,Değişken Fon,"1471991272,93","1465318319,60","-0,45","30757405,00","29952012,00","-2,62","2,22"
TCF,TEB PORTFÖY ÜÇÜNCÜ FON SEPETİ FONU,Fon Sepeti Fonu,"3585455422,95","0,00",-100,"815548727,00","0,00",-100,"-100,00"
TDG,İŞ PORTFÖY YABANCI BORÇLANMA ARAÇLARI FONU,Borçlanma Araçları Fonu,"724426705,46","728976323,40","0,63","1394502030,00","1380963531,00","-0,97","1,61"
TE3,TEB PORTFÖY MUTLAK GETİRİ HEDEFLİ DEĞİŞKEN FON,Değişken Fon,"1159602274,86","1137466850,21","-1,91","29779429,00","27819008,00","-6,58","5,00"
TE4,TEB PORTFÖY BİRİNCİ DEĞİŞKEN FON,Değişken Fon,"2264540142,05","1733187130,46","-23,46","357985197,00","264959625,00","-25,99","3,41"
TEJ,AZİMUT PORTFÖY TEKNOLOJİ FON SEPETİ FONU,Fon Sepeti Fonu,"672537509,31","733511591,20","9,07","258498000,00","265894828,00","2,86","6,03"
TFF,TEB PORTFÖY AMERİKA TEKNOLOJİ YABANCI BYF FON SEPETİ FONU,Yabancı Fon Sepeti Fonu,"1359025595,51","1339268425,73","-1,45","33080530,00","31131965,00","-5,89","4,71"
TFU,İŞ PORTFÖY TÜFEYE ENDEKSLİ BORÇLANMA ARAÇLARI (TL) FONU,Borçlanma Araçları Fonu,"556520401,46","476776682,77","-14,33","441080725,00","370660890,00","-15,97","1,95"
TGA,GARANTİ PORTFÖY AGRESİF DEĞİŞKEN FON,Değişken Fon,"832897817,59","823294256,39","-1,15","1765700727,00","1710277878,00","-3,14","2,05"
TGE,İŞ PORTFÖY EMTİA YABANCI BYF FON SEPETİ FONU,Yabancı Fon Sepeti Fonu,"3078971992,99","3133435203,47","1,77","11117176787,00","10611125896,00","-4,55","6,62"
TGR,AK PORTFÖY TURİZM VE SEYAHAT SEKTÖRÜ DEĞİŞKEN FON,Değişken Fon,"120760559,40","114282735,86","-5,36","18035317,00","16318908,00","-9,52","4,59"
THD,TRIVE PORTFÖY BİRİNCİ HİSSE SENEDİ (TL) FON (HİSSE SENEDİ YOĞUN FON),Hisse Senedi Fonu,"8880009,99","8712470,27","-1,89","3226620,00","3167644,00","-1,83","-0,06"
THF,TERA PORTFÖY HİSSE SENEDİ (TL) FONU (HİSSE SENEDİ YOĞUN FON),Hisse Senedi Fonu,"970788161,21","28574640154,07","2843,45","447751662,00","11215003130,00","2404,74","17,52"
THT,TRİVE PORTFÖY HİSSE SENEDİ SERBEST FON (HİSSE SENEDİ YOĞUN FON),Serbest Fon,"6072090,15","8294103,85","36,59","32505514,00","39358816,00","21,08","12,81"
THV,ATA PORTFÖY BARBAROS HİSSE SENEDİ SERBEST (TL) FON (HİSSE SENEDİ YOĞUN FON),Serbest Fon,"2837033647,21","0,00",-100,"45097993,00","0,00",-100,"-100,00"
TI2,İŞ PORTFÖY HİSSE SENEDİ (TL) FONU (HİSSE SENEDİ YOĞUN FON),Hisse Senedi Fonu,"3569804868,65","3391513387,46","-4,99","27960410537,00","26626099351,00","-4,77","-0,23"
TI3,İŞ PORTFÖY İŞ BANKASI İŞTİRAKLERİ ENDEKSİ HİSSE SENEDİ (TL) FONU (HİSSE SENEDİ YOĞUN FON),Hisse Senedi Fonu,"2175346856,95","1990000921,24","-8,52","18558110703,00","17922104086,00","-3,43","-5,27"
TI4,İŞ PORTFÖY TEMKİNLİ DEĞİŞKEN FON,Değişken Fon,"1827822644,15","1948723412,66","6,61","28985648728,00","30039581923,00","3,64","2,87"
TI6,İŞ PORTFÖY BORÇLANMA ARAÇLARI (TL) FONU,Borçlanma Araçları Fonu,"665361227,96","529420621,88","-20,43","12853333142,00","9857018653,00","-23,31","3,76"
TI7,İŞ PORTFÖY DENGELİ DEĞİŞKEN FON,Değişken Fon,"1170911325,27","1181650735,59","0,92","15381834,00","15050882,00","-2,15","3,14"
TIE,İŞ PORTFÖY BIST 30 ENDEKSİ HİSSE SENEDİ (TL) FONU (HİSSE SENEDİ YOĞUN FON),Hisse Senedi Fonu,"1924880112,74","1728158596,70","-10,22","2598992964,00","2274417956,00","-12,49","2,59"
TIL,İŞ PORTFÖY KATILIM HİSSE SENEDİ (TL) FONU (HİSSE SENEDİ YOĞUN FON),Hisse Senedi Fonu,"94353745,07","89985525,96","-4,63","66857813,00","64152956,00","-4,05","-0,61"
TJF,TEB PORTFÖY SÜRDÜRÜLEBİLİRLİK FON SEPETİ FONU,Fon Sepeti Fonu,"54559062,07","0,00",-100,"10413962,00","0,00",-100,"-100,00"
TJI,TEB PORTFÖY İKİNCİ FON SEPETİ FONU,Fon Sepeti Fonu,"637305320,17","0,00",-100,"102974859,00","0,00",-100,"-100,00"
TJT,TEB PORTFÖY ALTINCI SERBEST (DÖVİZ-AVRO) FON,Serbest Fon,"2263820396,17","2274115119,92","0,45","34242149,00","33046864,00","-3,49","4,09"
TKF,TACİRLER PORTFÖY HİSSE SENEDİ FONU (HİSSE SENEDİ YOĞUN FON),Hisse Senedi Fonu,"985282135,24","986181288,36","0,09","14522724,00","14289192,00","-1,61","1,73"
TLE,AURA PORTFÖY YABANCI BORÇLANMA ARAÇLARI FONU,Borçlanma Araçları Fonu,"533702171,59","532005082,47","-0,32","19139446,00","18758858,00","-1,99","1,70"
TLH,AURA PORTFÖY HİSSE SENEDİ FONU (HİSSE SENEDİ YOĞUN FON),Hisse Senedi Fonu,"139359897,82","128844982,31","-7,55","4832862,00","4675817,00","-3,25","-4,44"
TLK,AKTİF PORTFÖY PARA PİYASASI KATILIM (TL) FONU,Katılım Fonu,"3225559634,18","3601374858,07","11,65","1884914806,00","2037074137,00","8,07","3,31"
TLV,TERA PORTFÖY PARA PİYASASI KATILIM (TL) FONU,Katılım Fonu,"3633002894,54","3952452775,63","8,79","2753800355,00","2895332021,00","5,14","3,47"
TLY,TERA PORTFÖY BİRİNCİ SERBEST FON,Serbest Fon,"232632714064,00","280003755377,04","20,36","30973723,00","31584133,00","1,97","18,04"
TLZ,ATA PORTFÖY KATILIM HİSSE SENEDİ (TL) FONU (HİSSE SENEDİ YOĞUN FON),Hisse Senedi Fonu,"64965989,16","73725784,94","13,48","3387946,00","3662069,00","8,09","4,99"
TMC,İŞ PORTFÖY TEMA DEĞİŞKEN FON,Değişken Fon,"100145835,89","163588884,43","63,35","621698530,00","1004580864,00","61,59","1,09"
TMG,İŞ PORTFÖY YABANCI HİSSE SENEDİ FONU,Hisse Senedi Fonu,"4657386432,35","5007866227,90","7,53","3391570423,00","3462280281,00","2,08","5,33"
TMM,TERA PORTFÖY İKİNCİ SERBEST (DÖVİZ) FON,Serbest Fon,"928332571,80","1011458779,00","8,95","13207612,00","13883196,00","5,12","3,65"
TMU,AZİMUT PORTFÖY TEMKİNLİ FON SEPETİ FONU,Fon Sepeti Fonu,"64764030,85","58828850,64","-9,16","46715690,00","41251729,00","-11,7","2,87"
TMZ,İŞ PORTFÖY SÜRDÜRÜLEBİLİRLİK VE TARIM FON SEPETİ FONU,Fon Sepeti Fonu,"49752812,79","51277623,32","3,06","25733170,00","25810823,00","0,3","2,75"
TND,İŞ PORTFÖY TTF TENİSE DESTEK DEĞİŞKEN FON,Değişken Fon,"172992115,77","191658109,93","10,79","118913263,00","127522568,00","7,24","3,31"
TOT,TEB PORTFÖY ÖZEL SEKTÖR BORÇLANMA ARAÇLARI FONU,Borçlanma Araçları Fonu,"115445355,79","117188273,89","1,51","125132,00","122981,00","-1,72","3,29"
TP2,TERA PORTFÖY PARA PİYASASI (TL) FONU,Para Piyasası Fonu,"171839851712,21","203044493374,93","18,16","82423195169,00","93548920565,00","13,5","4,11"
TPC,TEB PORTFÖY KIYMETLİ MADENLER FON SEPETİ FONU,Fon Sepeti Fonu,"5466014447,88","0,00",-100,"462876622,00","0,00",-100,"-100,00"
TPF,TACİRLER PORTFÖY BORÇLANMA ARAÇLARI FONU,Borçlanma Araçları Fonu,"130650570,64","123804599,32","-5,24","12179783,00","11178344,00","-8,22","3,25"
TPJ,TEB PORTFÖY BİRİNCİ SERBEST (DÖVİZ) FON,Serbest Fon,"2432609867,95","2254595408,44","-7,32","31746638,00","28754987,00","-9,42","2,32"
TPL,TEB PORTFÖY EUROBOND (DÖVİZ) BORÇLANMA ARAÇLARI FONU,Borçlanma Araçları Fonu,"494653541,73","0,00",-100,"23833865,01","0,00",-100,"-100,00"
TPP,TEB PORTFÖY PUSULA SERBEST FON,Serbest Fon,"1787746382,09","0,00",-100,"24012000,00","0,00",-100,"-100,00"
TPV,AURA PORTFÖY İKİNCİ DEĞİŞKEN FON,Değişken Fon,"7575391,10","8070878,88","6,54","711820,00","759789,00","6,74","-0,19"
TPZ,TEB PORTFÖY KİRA SERTİFİKALARI (DÖVİZ) KATILIM FONU,Katılım Fonu,"121230724,70","139296175,86","14,9","4352317,00","4895227,00","12,47","2,16"
TRJ,TERA PORTFÖY BİRİNCİ BORÇLANMA ARAÇLARI (TL) FONU,Borçlanma Araçları Fonu,"1998799000,16","2231259778,85","11,63","959987108,00","1030705088,00","7,37","3,97"
TRO,TRIVE PORTFÖY ALTIN FONU,Altın Ve Diğer Kıymetli Madenler Fonu,"27871357,29","29835909,73","7,05","12100711,00","11582777,00","-4,28","11,84"
TRU,TERA PORTFÖY KATILIM SERBEST (DÖVİZ) FON,Serbest Fon,"300432422,56","344652047,62","14,72","203007697,00","227789977,00","12,21","2,24"
TTA,İŞ PORTFÖY ALTIN FONU,Altın Fonu,"24671958910,57","27196913126,18","10,23","43539274347,00","42688092887,00","-1,95","12,43"
TTE,İŞ PORTFÖY BIST TEKNOLOJİ AĞIRLIK SINIRLAMALI ENDEKSİ HİSSE SENEDİ (TL) FONU (HİSSE SENEDİ YOĞUN FON),Hisse Senedi Fonu,"3993766301,55","4116013511,48","3,06","2379465007,00","2328217390,00","-2,15","5,33"
TTL,TACİRLER PORTFÖY KARTOPU SERBEST FON,Serbest Fon,"304796076,13","304137469,26","-0,22","7935302,00","7875478,00","-0,75","0,54"
TTV,TACİRLER PORTFÖY VEGA SERBEST (TL)  FON,Serbest Fon,"2851268303,97","2821850682,99","-1,03","331354403,00","321165670,00","-3,07","2,11"
TUA,TEB PORTFÖY ALTIN FONU,Altın Fonu,"14181076688,68","15653681001,92","10,38","10769907173,21","10499006660,21","-2,52","13,23"
TVE,EMAA BLUE PORTFÖY TARIM VE GIDA SEKTÖRÜ KATILIM FONU,Katılım Fonu,"224552753,81","217346906,44","-3,21","195739096,00","190220191,00","-2,82","-0,40"
TVN,TRIVE PORTFÖY BİRİNCİ FON SEPETİ FONU,Fon Sepeti Fonu,"8078427,41","9936504,60",23,"2896298,00","3383022,00","16,81","5,30"
TYH,TEB PORTFÖY HİSSE SENEDİ FONU (HİSSE SENEDİ YOĞUN FON),Hisse Senedi Fonu,"1194801693,87","1153080402,67","-3,49","582412840,84","551625336,84","-5,29","1,89"
TZD,ZİRAAT PORTFÖY HİSSE SENEDİ FONU (HİSSE SENEDİ YOĞUN FON),Hisse Senedi Fonu,"673970836,42","675586685,24","0,24","269928199,05","266522999,05","-1,26","1,52"
TZT,ZİRAAT PORTFÖY BORÇLANMA ARAÇLARI (TL) FONU,Borçlanma Araçları Fonu,"311581802,05","306781487,17","-1,54","1905405545,04","1819480026,04","-4,51","3,11"
ULH,ÜNLÜ PORTFÖY ONUNCU SERBEST FON,Serbest Fon,"1299153530,39","1266490580,19","-2,51","200069219,00","194926333,00","-2,57","0,06"
UNT,İŞ PORTFÖY ÜÇÜNCÜ SERBEST (TL) FON,Serbest Fon,"19798864790,80","20471912755,69","3,4","13076686491,00","13084257180,00","0,06","3,34"
UP1,ÜNLÜ PORTFÖY ALTIN FONU,Altın Ve Diğer Kıymetli Madenler Fonu,"1190556615,84","1411904300,38","18,59","209285547,00","221601346,00","5,88","12,00"
UP2,ÜNLÜ PORTFÖY PARA PİYASASI SERBEST FON,Serbest Fon,"2597055112,69","2695586790,33","3,79","636319387,14","638899381,14","0,41","3,37"
UPD,ÜNLÜ PORTFÖY DÖRDÜNCÜ SERBEST (DÖVIZ) FON,Serbest Fon,"2547754740,47","2532221573,45","-0,61","118608616,00","114664347,00","-3,33","2,81"
UPH,ÜNLÜ PORTFÖY HİSSE SENEDİ (TL) FONU(HİSSE SENEDİ YOĞUN FON),Hisse Senedi Fonu,"268324684,84","179625265,76","-33,06","8786009,00","5899647,00","-32,85","-0,31"
UPP,ÜNLÜ PORTFÖY PARA PİYASASI (TL) FONU,Para Piyasası Fonu,"2645612421,64","2502634436,78","-5,4","388893329,00","355799666,00","-8,51","3,39"
URA,ATA PORTFÖY ENERJİ DEĞİŞKEN FON,Değişken Fon,"714144350,89","681243568,17","-4,61","409430223,00","359323921,00","-12,24","8,70"
USY,ÜNLÜ PORTFÖY DEĞER YATIRIMLARI SERBEST FON,Serbest Fon,"1407884559,88","1329954746,14","-5,54","5594981494,00","5097458268,00","-8,89","3,68"
VAY,AK PORTFÖY DEĞER ODAKLI 100 ŞİRKETLERİ HİSSE SENEDİ (TL) FONU (HİSSE SENEDİ YOĞUN FON),Hisse Senedi Fonu,"41422064,12","40787770,71","-1,53","26486587,00","26042732,00","-1,68","0,15"
VCY,AK PORTFÖY ELEKTRİKLİ VE OTONOM ARAÇ TEKNOLOJİLERİ DEĞİŞKEN FON,Değişken Fon,"176167122,10","164309419,19","-6,73","51755373,00","47272702,00","-8,66","2,11"
VFK,ZİRAAT PORTFÖY İKİNCİ KISA VADELİ KİRA SERTİFİKALARI KATILIM (TL) FONU,Kisa Vadeli Kira Sertifikalari Katilim Fonu,"2945337743,55","3069219051,02","4,21","556260630,00","561659450,00","0,97","3,20"
VFO,V PORTFÖY ALTIN KATILIM FONU,Katılım Fonu,"47250062,76","0,00",-100,"51434117,00","0,00",-100,"-100,00"
VHS,VAKIF KATILIM PORTFÖY KATILIM HİSSE SENEDİ FONU (HİSSE SENEDİ YOĞUN FON),Hisse Senedi Yoğun,"48217101,15","51410993,82","6,62","47789789,00","51962401,00","8,73","-1,94"
VKK,VAKIF KATILIM PORTFÖY KİRA SERTİFİKALARI KATILIM FONU,Katılım Fonu,"46438757,69","65446765,51","40,93","44254519,00","60399848,00","36,48","3,26"
VKV,VAKIF KATILIM PORTFÖY KISA VADELİ KİRA SERTİFİKALARI KATILIM FONU,Katılım Fonu,"200429809,93","415975434,49","107,54","190989694,00","383810778,00","100,96","3,28"
VLT,VAKIF KATILIM PORTFÖY ALTIN KATILIM FONU,Katılım Fonu,"52364516,61","63273292,09","20,83","56625935,00","60848949,00","7,46","12,45"
VMV,VEGA PORTFÖY MAVİ SERBEST FON,Serbest Fon,"7332607764,71","7301272308,66","-0,43","2721487142,00","2621240821,00","-3,68","3,38"
VNK,VEGA PORTFÖY ANKA SERBEST FON,Serbest Fon,"4690392611,94","3917456063,74","-16,48","1985442660,00","1607016373,00","-19,06","3,19"
VPA,VAKIF KATILIM PORTFÖY PARA PİYASASI KATILIM FONU,Katılım Fonu,"10157703725,46","8975362533,63","-11,64","9450425837,00","8084230418,00","-14,46","3,29"
VPP,VEGA PORTFÖY PARLA SERBEST (DÖVİZ) FON,Serbest Fon,"1463599473,81","1511180067,05","3,25","28166711,00","28046904,00","-0,43","3,69"
VPS,VEGA PORTFÖY SALUR HİSSE SENEDİ SERBEST (TL) FON (HİSSE SENEDİ YOĞUN FON),Serbest Fon,"2820485006,69","1320115157,15","-53,2","2366947015,00","1472437326,00","-37,79","-24,76"
VRK,DENİZ PORTFÖY ÇOKLU VARLIK KATILIM FONU,Katılım Fonu,"49572716,14","47175229,10","-4,84","39014197,00","35436557,00","-9,17","4,77"
YAC,YAPI KREDİ PORTFÖY İKİNCİ FON SEPETİ FONU,Fon Sepeti Fonu,"5360351854,66","0,00",-100,"383229713,00","0,00",-100,"-100,00"
YAE,YAPI KREDİ PORTFÖY TLREF'E ENDEKSLİ BORÇLANMA ARAÇLARI (TL) FONU,Borçlanma Araçları Fonu,"139694990,28","68753866,59","-50,78","122118634,00","58116208,00","-52,41","3,42"
YAK,YAPI KREDİ PORTFÖY KARMA FON,Karma Fon,"1114343927,66","1128932177,70","1,31","221227015,41","217374797,41","-1,74","3,10"
YAN,YAPI KREDİ PORTFÖY BİRİNCİ FON SEPETİ FONU,Fon Sepeti Fonu,"1822619499,99","0,00",-100,"129511387,00","0,00",-100,"-100,00"
YAS,YAPI KREDİ PORTFÖY KOÇ HOLDİNG İŞTİRAK VE HİSSE SENEDİ FONU(HİSSE SENEDİ YOĞUN FON),Hisse Senedi Fonu,"6568068940,94","6552102675,87","-0,24","453628678,00","436613666,00","-3,75","3,64"
YAY,YAPI KREDİ PORTFÖY YABANCI TEKNOLOJİ SEKTÖRÜ HİSSE SENEDİ FONU,Hisse Senedi Fonu,"12897495006,78","13303318692,60","3,15","7328775,00","7243266,00","-1,17","4,36"
YBE,YAPI KREDİ PORTFÖY EUROBOND (DOLAR) BORÇLANMA ARAÇLARI FONU,Borçlanma Araçları Fonu,"5169890861,47","5041036098,24","-2,49","2861414966,00","2725634922,00","-4,75","2,37"
YBH,YAPI KREDİ PORTFÖY 5-15 YIL VADELİ SERBEST (DÖVİZ) FON,Serbest Fon,"683197456,02","643258429,35","-5,85","12940062,00","11887054,00","-8,14","2,49"
YBR,İŞ PORTFÖY YİRMİBİRİNCİ SERBEST (DÖVİZ) FON,Serbest Fon,"6268603370,22","6193735035,76","-1,19","115517805,00","111427922,00","-3,54","2,43"
YBS,YAPI KREDİ PORTFÖY ÖZEL SEKTÖR BORÇLANMA ARAÇLARI FONU,Borçlanma Araçları Fonu,"1924507827,43","2026809488,88","5,32","13661178223,00","13927092283,00","1,95","3,31"
YCK,YAPI KREDİ PORTFÖY CİHANGİR SERBEST FON,Serbest Fon,"436607765,15","422411388,69","-3,25","99006348,00","90097215,00",-9,"6,32"
YCP,YAPI KREDİ PORTFÖY BANKACILIK SEKTÖRÜ HİSSE SENEDİ SERBEST FON (HİSSE SENEDİ YOĞUN FON),Serbest Fon,"988137922,40","956157653,74","-3,24","119530534,00","117173159,00","-1,97","-1,29"
YCY,İSTANBUL PORTFÖY KATILIM FON SEPETİ FONU,Fon Sepeti Fonu,"398271591,35","0,00",-100,"100305617,00","0,00",-100,"-100,00"
YDI,YAPI KREDİ PORTFÖY MODEL PORTFÖY HİSSE SENEDİ FONU (HİSSE SENEDİ YOĞUN FON),Hisse Senedi Fonu,"1121198275,47","1159960041,79","3,46","2461653919,00","2420844729,00","-1,66","5,20"
YDP,YAPI KREDİ PORTFÖY BİRİNCİ DEĞİŞKEN FON,Değişken Fon,"365917519,60","378620487,33","3,47","171630894,00","165814446,00","-3,39","7,10"
YEF,YAPI KREDİ PORTFÖY BIST 30 ENDEKSİ HİSSE SENEDİ FONU (HİSSE SENEDİ YOĞUN FON),Hisse Senedi Fonu,"1918982717,62","1826129932,87","-4,84","2040898727,01","1862382120,01","-8,75","4,28"
YFV,YAPI KREDİ PORTFÖY KİRA SERTİFİKALARI KATILIM FONU,Katılım Fonu,"866500314,85","888984006,70","2,59","8442106082,00","8454274009,00","0,14","2,45"
YGM,YAPI KREDİ PORTFÖY EMTİA SERBEST FON,Serbest Fon,"543483604,52","538000215,45","-1,01","175092520,00","159961649,00","-8,64","8,35"
YHB,YAPI KREDİ PORTFÖY BIST 100 DIŞI ŞİRKETLER HİSSE SENEDİ FONU (HİSSE SENEDİ YOĞUN FON),Hisse Senedi Fonu,"273275293,50","295238650,04","8,04","121000565,00","118711682,00","-1,89","10,12"
YHI,YAPI KREDİ PORTFÖY İNŞAAT SEKTÖRÜ HİSSE SENEDİ SERBEST (TL) FON (HİSSE SENEDİ YOĞUN FON),Serbest Fon,"60507458,24","58549063,66","-3,24","39525310,00","38907481,00","-1,56","-1,70"
YHK,YAPI KREDİ PORTFÖY KATILIM HİSSE SENEDİ FONU (HİSSE SENEDİ YOĞUN FON),Hisse Senedi Fonu,"1527146678,97","1332708196,92","-12,73","747583773,00","630719043,00","-15,63","3,44"
YHP,YAPI KREDİ PORTFÖY KADIKÖY SERBEST FON,Serbest Fon,"1779240367,79","1812533445,60","1,87","400000000,00","390000000,00","-2,5","4,48"
YHS,YAPI KREDİ PORTFÖY BİRİNCİ HİSSE SENEDİ FONU (HİSSE SENEDİ YOĞUN FON),Hisse Senedi Fonu,"3089046442,77","3114393241,63","0,82","120178821,00","115502776,00","-3,89","4,90"
YHT,YAPI KREDİ PORTFÖY KISA VADELİ BORÇLANMA ARAÇLARI (TL) FONU,Borçlanma Araçları Fonu,"1974903851,19","2239503670,13","13,4","4934193297,89","5419133242,89","9,83","3,25"
YHZ,YAPI KREDİ PORTFÖY BIST TEKNOLOJİ AĞIRLIK SINIRLAMALI ENDEKSİ HİSSE SENEDİ FONU ( HİSSE SENEDİ YOĞUN FON),Hisse Senedi Fonu,"1297301664,41","1535665176,35","18,37","141027653,00","152205995,00","7,93","9,68"
YIK,YAPI KREDİ PORTFÖY İKİNCİ PARA PİYASASI SERBEST (TL) FON,Serbest Fon,"23265885039,32","24104566319,69","3,6","15657445813,00","15694733572,00","0,24","3,36"
YIT,GARANTİ PORTFÖY YARI İLETKEN TEKNOLOJİLERİ DEĞİŞKEN FON,Değişken Fon,"2708795260,97","0,00",-100,"1012796456,00","0,00",-100,"-100,00"
YJH,YAPI KREDİ PORTFÖY TEMİZ ENERJİ DEĞİŞKEN FONU,Değişken Fon,"205056586,57","193734817,26","-5,52","53935029,00","50433799,00","-6,49","1,04"
YJK,YAPI KREDİ PORTFÖY ROBOTİK VE YARI İLETKEN TEKNOLOJİLERİ FON SEPETİ FONU,Fon Sepeti Fonu,"1042668252,64","0,00",-100,"189875304,00","0,00",-100,"-100,00"
YJY,YAPI KREDİ PORTFÖY YENİKÖY SERBEST (DÖVİZ) FON,Serbest Fon,"73811538576,60","77433546922,94","4,91","1299282840,00","1336700096,00","2,88","1,97"
YKS,YAPI KREDİ PORTFÖY İSTANBUL SERBEST FON,Serbest Fon,"381735960,05","596011563,68","56,13","1137134149,00","1714372966,00","50,76","3,56"
YKT,YAPI KREDİ PORTFÖY ALTIN FONU,Altın Fonu,"30893993679,16","34134858352,88","10,49","38620415159,00","37695847325,00","-2,39","13,20"
YLC,ATA PORTFÖY TARIM VE GIDA DEĞİŞKEN FON,Değişken Fon,"84352353,23","75440243,61","-10,57","21615633,00","19028391,00","-11,97","1,59"
YLE,YAPI KREDİ PORTFÖY BIST SÜRDÜRÜLEBİLİRLİK ENDEKSİ HİSSE SENEDİ FONU (HİSSE SENEDİ YOĞUN FON),Hisse Senedi Fonu,"320474586,08","240569556,86","-24,93","37679354,00","27397218,00","-27,29","3,24"
YLO,YAPI KREDİ PORTFÖY ELEKTRİKLİ ARAÇLAR DEĞİŞKEN FON,Değişken Fon,"259664194,25","248525247,21","-4,29","47706940,00","45351648,00","-4,94","0,68"
YLY,YAPI KREDİ PORTFÖY KAR PAYI ÖDEYEN HİSSE SENEDİ (TL) FON (HİSSE SENEDİ YOĞUN FON),Hisse Senedi Fonu,"35984331,91","31849609,44","-11,49","15858110,00","14005893,00","-11,68","0,21"
YMD,YAPI KREDİ PORTFÖY MASLAK SERBEST (DÖVİZ- ABD DOLARI) FON,Serbest Fon,"7539170988,08","7721825998,08","2,42","135570662,00","136222489,00","0,48","1,93"
YMH,YAPI KREDİ PORTFÖY MUTLAK GETİRİ HEDEFLİ HİSSE SENEDİ SERBEST FON (HİSSE SENEDİ YOĞUN FON),Serbest Fon,"461802068,13","423396618,42","-8,32","298500197,00","266201769,00","-10,82","2,81"
YNK,YAPI KREDİ PORTFÖY NİŞANTAŞI KAR PAYI ÖDEYEN SERBEST (DÖVİZ) FON,Serbest Fon,"19430585176,20","20027162796,27","3,07","406068822,00","415918110,00","2,43","0,63"
YOT,YAPI KREDİ PORTFÖY BORÇLANMA ARAÇLARI FONU,Borçlanma Araçları Fonu,"1769030324,90","1806001308,88","2,09","45781996,06","44886825,06","-1,96","4,13"
YOZ,DENİZ PORTFÖY YAKAMOZ SERBEST (DÖVİZ) FON,Serbest Fon,"35230338998,49","47721668135,10","35,46","724597203,00","961948694,00","32,76","2,03"
YP4,YAPI KREDİ PORTFÖY FERİKÖY SERBEST (DÖVİZ) FON,Serbest Fon,"132639776288,01","133804677948,02","0,88","2481644365,00","2455383228,00","-1,06","1,96"
YPC,YAPI KREDİ PORTFÖY SÜRDÜRÜLEBİLİRLİK DEĞİŞKEN FON,Değişken Fon,"53862788,60","51916765,39","-3,61","9863976,00","9326251,00","-5,45","1,94"
YPF,YAPI KREDİ PORTFÖY ALFA SERBEST FON,Serbest Fon,"1438065295,12","1384811430,31","-3,7","147032380,00","134319895,00","-8,65","5,41"
YPK,YAPI KREDİ PORTFÖY GALATA SERBEST FON,Serbest Fon,"203097681,56","204759564,70","0,82","14720308,00","14192621,00","-3,58","4,57"
YPL,YAPI KREDİ PORTFÖY BALAT SERBEST (DÖVİZ) FON,Serbest Fon,"13409483137,24","13582637561,82","1,29","185841229,00","184294940,00","-0,83","2,14"
YPR,AZİMUT PORTFÖY YILDIZ PAZAR ŞİRKETLERİ HİSSE SENEDİ FONU (HİSSE SENEDİ YOĞUN FON),Hisse Senedi Fonu,"111745355,63","80672407,18","-27,81","66807506,00","47157554,00","-29,41","2,28"
YPV,YAPI KREDİ PORTFÖY ÜÇÜNCÜ FON SEPETİ FONU,Fon Sepeti Fonu,"6348593254,52","0,00",-100,"847078961,00","0,00",-100,"-100,00"
YSA,YAPI KREDİ PORTFÖY SUADİYE SERBEST (DÖVİZ) FON,Serbest Fon,"332864865,20","329234503,12","-1,09","6959657,00","6693320,00","-3,83","2,85"
YSH,YAPI KREDİ PORTFÖY BÜYÜK ÖLÇEKLİ ŞİRKETLER DEĞİŞKEN FON,Değişken Fon,"46566265,15","61542617,41","32,16","49852652,00","62595248,00","25,56","5,26"
YSL,YAPI KREDİ PORTFÖY KAR PAYI ÖDEYEN KİRA SERTİFİKALARI KATILIM SERBEST (DÖVİZ) FON,Serbest Fon,"689035043,98","680266906,70","-1,27","16058822,00","15543706,00","-3,21","2,00"
YSO,YAPI KREDİ PORTFÖY SAĞLIK SEKTÖRÜ SERBEST FON,Serbest Fon,"82221030,54","83722608,34","1,83","54642669,00","50848279,00","-6,94","9,42"
YSU,YAPI KREDİ PORTFÖY ÜÇÜNCÜ DEĞİŞKEN FON,Değişken Fon,"242177508,01","245602801,79","1,41","1432439397,00","1401743003,00","-2,14","3,64"
YTD,YAPI KREDİ PORTFÖY YABANCI FON SEPETİ FONU,Yabancı Fon Sepeti Fonu,"1662460998,99","0,00",-100,"1862308510,00","0,00",-100,"-100,00"
YTV,YAPI KREDİ PORTFÖY TARIM DEĞİŞKEN FON,Değişken Fon,"238805175,02","198463625,93","-16,89","78056872,00","63711265,00","-18,38","1,82"
YTY,YAPI KREDİ PORTFÖY TARABYA SERBEST (DÖVİZ-AVRO) FON,Serbest Fon,"104831001005,87","117246710815,48","11,84","1827479870,00","1961800218,00","7,35","4,19"
YUB,YAPI KREDİ PORTFÖY KARAKÖY HİSSE SENEDİ SERBEST FON (HİSSE SENEDİ YOĞUN FON),Serbest Fon,"398110377,63","392963058,00","-1,29","76362335,00","72380265,00","-5,21","4,14"
YUI,YAPI KREDİ PORTFÖY BEYKOZ SERBEST FON,Serbest Fon,"921035221,45","945884635,73","2,7","479200096,00","479200096,00",0,"2,70"
YUN,YAPI KREDİ PORTFÖY İSTİNYE SERBEST (DÖVİZ) FON,Serbest Fon,"3006721509,09","3213202263,94","6,87","52391923,00","54868694,00","4,73","2,04"
YVB,YAPI KREDİ PORTFÖY UZUN VADELİ BORÇLANMA ARAÇLARI FONU,Borçlanma Araçları Fonu,"119361216,54","89166356,76","-25,3","90988801,00","65252937,00","-28,28","4,17"
YVG,YAPI KREDİ PORTFÖY SARIYER SERBEST (DÖVİZ-AVRO) FON,Serbest Fon,"5847667945,79","6068471849,85","3,78","95291823,00","94909843,00","-0,4","4,19"
YZC,YAPI KREDİ PORTFÖY FİNTECH VE BLOCKCHAİN TEKNOLOJİLERİ DEĞİŞKEN FON,Değişken Fon,"610820097,13","646558509,38","5,85","127116957,00","126601742,00","-0,41","6,28"
YZG,YAPI KREDİ PORTFÖY GÜMÜŞ FON SEPETİ FONU,Fon Sepeti Fonu,"9802160427,79","0,00",-100,"867365176,00","0,00",-100,"-100,00"
YZH,TEB PORTFÖY BIST BANKA ENDEKSİ HİSSE SENEDİ FONU (HİSSE SENEDİ YOĞUN),Hisse Senedi Fonu,"628903158,70","621061753,00","-1,25","58946680,00","59133989,00","0,32","-1,56"
YZK,YAPI KREDİ PORTFÖY KALAMIŞ SERBEST FON,Serbest Fon,"210416723,73","211880716,29","0,7","27209279,00","26905915,00","-1,11","1,83"
YZT,AK PORTFÖY YAPAY ZEKA TEKNOLOJİLERİ ŞİRKETLERİ DEĞİŞKEN FON,Değişken Fon,"235108035,31","392169279,94","66,8","261999405,00","394327756,00","50,51","10,83"
ZBD,ZİRAAT PORTFÖY DENGELİ DEĞİŞKEN FON,Değişken Fon,"914533562,23","925861052,31","1,24","1376068,39","1373505,39","-0,19","1,43"
ZBI,ZİRAAT PORTFÖY TEMKİNLİ KATILIM FONU,Katılım Fonu,"205151899,99","183773845,03","-10,42","92782479,00","80275445,00","-13,48","3,54"
ZBJ,ZİRAAT PORTFÖY BAŞAK PARA PİYASASI (TL) FONU,Para Piyasası Fonu,"54359445745,09","68263517898,15","25,58","10857613271,58","13181203234,58","21,4","3,44"
ZBO,ZİRAAT PORTFÖY MUTLAK GETİRİ HEDEFLİ HİSSE SENEDİ SERBEST FON (HİSSE SENEDİ YOĞUN FON),Serbest Fon,"457204886,42","455647034,25","-0,34","141586545,00","139899845,00","-1,19","0,86"
ZCD,ZİRAAT PORTFÖY ALTINCI SERBEST (TL) FON,Serbest Fon,"1330227936,42","1326322018,90","-0,29","294515369,00","283626369,00","-3,7","3,53"
ZCK,ZİRAAT PORTFÖY AGRESİF KATILIM FONU,Katılım Fonu,"394325219,68","388986876,55","-1,35","221672427,00","208378247,00",-6,"4,94"
ZCN,ZİRAAT PORTFÖY EMTİA FON SEPETİ FONU,Fon Sepeti Fonu,"556972708,58","579787252,72","4,1","149132925,00","143808100,00","-3,57","7,95"
ZDD,ZİRAAT PORTFÖY TEMKİNLİ DEĞİŞKEN FON,Değişken Fon,"496115283,13","511499710,10","3,1","68502850,00","68272402,00","-0,34","3,45"
ZDZ,ZİRAAT PORTFÖY AGRESİF DEĞİŞKEN FON,Değişken Fon,"1052822697,09","986411337,17","-6,31","80714714,00","78582287,00","-2,64","-3,77"
ZFB,AK PORTFÖY FİNTEK VE BLOKZİNCİRİ TEKNOLOJİLERİ DEĞİŞKEN FON,Değişken Fon,"1048902859,95","1044515347,83","-0,42","149304913,00","143613059,00","-3,81","3,53"
ZHH,ZİRAAT PORTFÖY HALKBANK SÜRDÜRÜLEBİLİRLİK 30 ŞİRKETLERİ HİSSE SENEDİ FONU (HİSSE SENEDİ YOĞUN FON),Hisse Senedi Fonu,"82882586,03","87943701,74","6,11","58001651,00","60267550,00","3,91","2,12"
ZIH,ZİRAAT PORTFÖY HAVACILIK VE SAVUNMA TEKNOLOJİLERİ DEĞİŞKEN FON,Değişken Fon,"0,00","613899671,95",0,"0,00","615579440,00",0,"0,00"
ZJB,ZİRAAT PORTFÖY BİRİNCİ SERBEST (TL) FON,Serbest Fon,"8327378979,90","8516259666,70","2,27","839267751,00","808604786,00","-3,65","6,15"
ZJI,ZİRAAT PORTFÖY İKİNCİ SERBEST (TL) FON,Serbest Fon,"6783450286,62","6910227096,15","1,87","654301123,00","633395025,00","-3,2","5,23"
ZJL,ZİRAAT PORTFÖY BIST 100 DIŞI ŞİRKETLER HİSSE SENEDİ FONU (HİSSE SENEDİ YOĞUN FON),Hisse Senedi Fonu,"423540935,23","410063152,32","-3,18","27797200,00","27323600,00","-1,7","-1,50"
ZJV,ZİRAAT PORTFÖY BIST 30 DIŞI YILDIZ PAZAR ŞİRKETLERİ HİSSE SENEDİ FONU (HİSSE SENEDİ YOĞUN FON),Hisse Senedi Fonu,"676835540,10","674796879,68","-0,3","62357000,00","62836300,00","0,77","-1,06"
ZLH,ZİRAAT PORTFÖY BIST 100-30 ŞİRKETLERİ HİSSE SENEDİ FONU ( HİSSE SENEDİ YOĞUN FON),Hisse Senedi Fonu,"447694121,28","453835414,53","1,37","37932300,00","39215400,00","3,38","-1,95"
ZMT,AZİMUT PORTFÖY 22.0 SERBEST (DÖVİZ-AVRO) FON,Serbest Fon,"1617549738,57","1711916898,90","5,83","26471027,00","26873895,00","1,52","4,25"
ZMY,ZİRAAT PORTFÖY METAVERSE VE YENİ TEKNOLOJİLER DEĞİŞKEN FON,Değişken Fon,"186317654,65","192594738,81","3,37","30064100,00","29494700,00","-1,89","5,36"
ZP6,ZİRAAT PORTFÖY SEDEF KATILIM SERBEST (DÖVİZ - AMERİKAN DOLARI) FON,Serbest Fon,"6428460896,41","6285502373,19","-2,22","111939062,00","107330234,00","-4,12","1,97"
ZP8,ZİRAAT PORTFÖY KEHRİBAR PARA PİYASASI KATILIM SERBEST (TL) FON,Serbest Fon,"58877375066,82","61072313549,01","3,73","14921623403,00","14978787285,00","0,38","3,33"
ZP9,ZİRAAT PORTFÖY AKİK KATILIM SERBEST (DÖVİZ-AVRO) FON,Serbest Fon,"1841397418,44","2201698226,45","19,57","31312769,00","35942817,00","14,79","4,16"
ZPA,ZİRAAT PORTFÖY SERBEST (DÖVİZ) FON,Serbest Fon,"3469946802,52","3827591044,26","10,31","52812722,00","57094189,00","8,11","2,04"
ZPC,ZİRAAT PORTFÖY FON SEPETİ FONU,Fon Sepeti Fonu,"3143665783,49","3212072580,40","2,18","165663897,00","165082992,00","-0,35","2,54"
ZPE,ZİRAAT PORTFÖY KATILIM HİSSE SENEDİ FONU (HİSSE SENEDİ YOĞUN FON),Hisse Senedi Fonu,"1241547514,54","1276024391,46","2,78","36175633,84","35959309,84","-0,6","3,40"
ZPF,ZİRAAT PORTFÖY KATILIM FONU (DÖVİZ),Katılım Fonu,"714222583,66","751717693,84","5,25","31420932,00","32392919,00","3,09","2,09"
ZPG,ZİRAAT PORTFÖY KİRA SERTİFİKALARI (SUKUK) KATILIM FONU,Katılım Fonu,"1507911818,09","1627419732,09","7,93","145625490,43","152568649,43","4,77","3,01"
ZPO,ZİRAAT PORTFÖY PARA PİYASASI KATILIM FONU,Katılım Fonu,"7129879,52","1227436862,16","17115,39","7096922,00","1180234896,00","16530,24","3,52"
ZPR,ZİRAAT PORTFÖY PARA PİYASASI SERBEST FON,Serbest Fon,"29471139226,18","32539926967,00","10,41","19752260178,00","21083942072,00","6,74","3,44"
ZSF,ZİRAAT PORTFÖY S&P/OIC COMCEC (İSEDAK) 50 SHARİAH ŞİRKETLERİ YABANCI HİSSE SENEDİ FONU,Yabancı Hisse Senedi Fonu,"40391592,45","40722617,77","0,82","793946,00","773534,00","-2,57","3,48"
ZSG,ZİRAAT PORTFÖY ESG SÜRDÜRÜLEBİLİRLİK FON SEPETİ FONU,Fon Sepeti Fonu,"49586258,09","49264690,29","-0,65","11750300,00","11370200,00","-3,23","2,67"
ZTG,ZİRAAT PORTFÖY TARIM VE GIDA FON SEPETİ FONU,Fon Sepeti Fonu,"33866470,88","38452343,58","13,54","26137505,00","28932679,00","10,69","2,57"
ZTV,ZİRAAT PORTFÖY TÜRKİYE VARLIK FONU İŞTİRAKLERİ HİSSE SENEDİ FONU (HİSSE SENEDİ YOĞUN FON),Hisse Senedi Fonu,"0,00","6716805,29",0,"0,00","6605543,00",0,"0,00"
ZVO,ZİRAAT PORTFÖY ÜÇÜNCÜ SERBEST (TL) FON,Serbest Fon,"882931643,70","798876188,00","-9,52","232404776,00","230252297,00","-0,93","-8,67"