Dışa Aktarım Tarihi:,21.08.2026 08:51:06
Toplam Kayıt Sayısı:,1057

Fon Kodu,Fon Adı,Şemsiye Fon Türü,Fonun Risk Değeri,1 Ay (%),3 Ay (%),6 Ay (%),Yılbaşından İtibaren (%),1 Yıl (%),3 Yıl (%),5 Yıl (%)
AAL,ATA PORTFÖY PARA PİYASASI (TL) FONU,Para Piyasası Şemsiye Fonu,1,"2,0019","7,176","17,1984","23,5863","43,2424","244,7982","394,1157"
AAS,ATA PORTFÖY FON SEPETİ SERBEST FONU,Serbest Şemsiye Fonu,5,"5,2907","6,6156","18,8615","21,1508","38,9248","124,1642","265,6456"
AAV,ATA PORTFÖY İKİNCİ HİSSE SENEDİ (TL) FONU (HİSSE SENEDİ YOĞUN FON),Hisse Senedi Şemsiye Fonu,6,"3,129","1,7198","-0,2909","20,6908","21,7064","109,8996","1250,2497"
AC1,PARDUS PORTFÖY KISA VADELİ KATILIM SERBEST FONU,Serbest Şemsiye Fonu,2,"3,2364","10,0782","20,365","26,5178","45,0824","218,6943",""
AC4,PARDUS PORTFÖY PARA PİYASASI (TL) FON,Para Piyasası Şemsiye Fonu,1,"3,6319","11,0357","22,0539","29,0022","50,5577","269,414",""
AC5,PARDUS PORTFÖY İSTATİSTİKSEL ARBİTRAJ HİSSE SENEDİ SERBEST (TL) FON (HİSSE SENEDİ YOĞUN FON),Serbest Şemsiye Fonu,3,"2,7845","6,9311","15,3625","20,3942","35,9194","172,4697",""
AC6,PARDUS PORTFÖY DÖRDÜNCÜ SERBEST (DÖVİZ) FON,Serbest Şemsiye Fonu,6,"2,4395","4,6216","5,5735","10,321","15,8191","105,6587",""
ACC,İSTANBUL PORTFÖY DÖRDÜNCÜ HİSSE SENEDİ FONU (HİSSE SENEDİ YOĞUN),Hisse Senedi Şemsiye Fonu,6,"3,8348","1,4227","3,3693","31,6923","28,1177","162,3331","1503,2907"
ACD,İSTANBUL PORTFÖY İKİNCİ DEĞİŞKEN FON,Değişken Şemsiye Fonu,5,"1,0704","10,1175","10,4654","25,1641","31,3835","196,8242","1205,5004"
ACU,İSTANBUL PORTFÖY URARTU SERBEST (DÖVİZ) FON,Serbest Şemsiye Fonu,5,"2,0808","6,4038","12,1482","15,1495","24,3442","108,7781","441,313"
ADE,AK PORTFÖY MUTLAK GETİRİ HEDEFLİ DEĞİŞKEN FON,Değişken Şemsiye Fonu,4,"4,3738","2,5429","0,2769","11,5959","26,6829","196,7642","333,2021"
ADP,AK PORTFÖY BIST BANKA ENDEKSİ HİSSE SENEDİ (TL) FONU (HİSSE SENEDİ YOĞUN FON),Hisse Senedi Şemsiye Fonu,"","-0,9562","-4,0966","-18,2469","-2,5158","0,2748","138,6869","1201,9794"
AED,ATA PORTFÖY BİRİNCİ DEĞİŞKEN FON,Değişken Şemsiye Fonu,5,"6,1346","8,0482","8,7377","33,591","40,0133","161,3336","932,3617"
AES,AK PORTFÖY PETROL YABANCI BYF FON SEPETİ FONU,Fon Sepeti Şemsiye Fonu,7,"0,00","0,00","0,00","0,00","0,00","0,00","0,00"
AEV,ALLBATROSS PORTFÖY SANAYİ ŞİRKETLERİ HİSSE SENEDİ (TL) FONU (HİSSE SENEDİ YOĞUN FON),Hisse Senedi Şemsiye Fonu,6,"1,4955","7,9259","14,0866","37,2506","45,9883","126,2812",""
AFA,AK PORTFÖY AMERİKA YABANCI HİSSE SENEDİ FONU,Hisse Senedi Şemsiye Fonu,6,"5,3345","10,1318","27,2443","26,3117","43,3918","214,6092","804,6834"
AFO,AK PORTFÖY ALTIN FONU,Kıymetli Madenler Şemsiye Fonu,6,"12,9707","4,3255","-6,9515","11,1038","53,1105","273,3089","1159,9627"
AFS,AK PORTFÖY SAĞLIK SEKTÖRÜ YABANCI HİSSE SENEDİ FONU,Hisse Senedi Şemsiye Fonu,"","10,5614","17,5816","14,8111","19,6945","40,0652","100,8348","459,6474"
AFT,AK PORTFÖY YENİ TEKNOLOJİLER YABANCI HİSSE SENEDİ FONU,Hisse Senedi Şemsiye Fonu,6,"3,8586","-0,9954","19,1709","14,1041","46,0023","251,0873","873,1668"
AFV,AK PORTFÖY AVRUPA YABANCI HİSSE SENEDİ FONU,Hisse Senedi Şemsiye Fonu,6,"5,6976","13,5567","14,1376","23,4134","38,6744","170,3069","753,3098"
AGC,AK PORTFÖY İKİNCİ DEĞİŞKEN FON,Değişken Şemsiye Fonu,6,"2,316","6,7783","12,858","16,5838","28,0368","123,4327","523,8104"
AHI,ATLAS PORTFÖY BİRİNCİ HİSSE SENEDİ FONU(HİSSE SENEDİ YOĞUN),Hisse Senedi Şemsiye Fonu,6,"-1,7264","-2,4372","-2,3714","16,8186","34,9781","153,8679","1538,1204"
AHN,ATLAS PORTFÖY SERBEST(DÖVİZ)FON,Serbest Şemsiye Fonu,7,"4,5187","4,6704","5,7149","9,0182","17,1629","103,3547","585,2218"
AHU,ATLAS PORTFÖY BİRİNCİ ÖZEL SEKTÖR BORÇLANMA ARAÇLARI FONU,Borçlanma Araçları Şemsiye Fonu,1,"3,6322","9,6131","19,2761","25,898","43,9655","252,3246","472,8673"
AHV,AZİMUT PORTFÖY DENGELİ FON SEPETİ FONU,Fon Sepeti Şemsiye Fonu,4,"2,8024","7,5251","16,7846","28,7149","45,2113","190,3419","821,8804"
AIS,AK PORTFÖY PARA PİYASASI KATILIM FONU,Katılım Şemsiye Fonu,1,"3,2984","10,2514","20,8353","27,4579","47,3532","216,1893","372,9614"
AJ1,A1 CAPİTAL PORTFÖY İSTATİSTİKSEL ARBİTRAJ HİSSE SENEDİ SERBEST FON (HİSSE SENEDİ YOĞUN FON),Serbest Şemsiye Fonu,2,"3,0388","8,5365","15,5227","20,186","","",""
AJK,AK PORTFÖY 0-5 YIL VADELİ SERBEST (DÖVİZ) FON,Serbest Şemsiye Fonu,"","1,9194","5,9948","11,1072","14,0957","21,626","84,2274","513,5219"
AK2,AK PORTFÖY UZUN VADELİ BORÇLANMA ARAÇLARI FONU,Borçlanma Araçları Şemsiye Fonu,5,"4,072","9,8717","5,4526","7,8526","24,5798","70,9957","130,6825"
AK3,AK PORTFÖY HİSSE SENEDİ (TL) FONU (HİSSE SENEDİ YOĞUN FON),Hisse Senedi Şemsiye Fonu,6,"2,9018","0,9015","6,3177","31,3822","39,0499","187,1053","1556,1557"
AKE,AK PORTFÖY EUROBOND (AMERİKAN DOLARI) BORÇLANMA ARAÇLARI FONU,Borçlanma Araçları Şemsiye Fonu,5,"2,1725","7,3222","9,2222","11,9797","22,557","122,8487","597,0334"
AKU,AK PORTFÖY BIST 30 ENDEKSİ HİSSE SENEDİ (TL) FONU (HİSSE SENEDİ YOĞUN FON),Hisse Senedi Şemsiye Fonu,6,"3,901","6,2712","9,8884","37,7029","38,1069","119,4943","1004,3883"
ALC,AK PORTFÖY KAR PAYI ÖDEYEN ŞİRKETLER HİSSE SENEDİ (TL) FONU (HİSSE SENEDİ YOĞUN FON),Hisse Senedi Şemsiye Fonu,6,"4,3723","3,9827","6,6057","32,0447","41,0383","184,9896","1021,9464"
AN1,STRATEJİ PORTFÖY BİRİNCİ DEĞİŞKEN FON,Değişken Şemsiye Fonu,"","1,5486","13,0856","27,185","38,1661","38,109","223,1496","1091,9404"
ANZ,ATA PORTFÖY DÖRDÜNCÜ SERBEST (DÖVİZ) FON,Serbest Şemsiye Fonu,"","2,0836","6,4373","9,4796","13,2405","22,2986","114,957","615,5317"
AOJ,ALLBATROSS PORTFÖY İNŞAAT SEKTÖRÜ HİSSE SENEDİ SERBEST (TL) FON (HİSSE SENEDİ YOĞUN FON),Serbest Şemsiye Fonu,6,"-2,7333","3,0214","6,2676","19,8414","4,3823","72,3393",""
AOY,AK PORTFÖY ALTERNATİF ENERJİ YABANCI HİSSE SENEDİ FONU,Hisse Senedi Şemsiye Fonu,7,"1,4472","-3,6902","7,5745","19,0186","46,9797","73,3134","255,0429"
AP5,ATLAS PORTFÖY BEŞİNCİ HİSSE SENEDİ SERBEST FON (HİSSE SENEDİ YOĞUN FON),Serbest Şemsiye Fonu,6,"-6,3818","-14,0958","-33,6023","-20,5073","","",""
AP7,PARDUS PORTFÖY ALGO ETNA İSTATİSTİKSEL ARBİTRAJ SERBEST FON,Serbest Şemsiye Fonu,3,"3,1582","11,8721","22,9504","28,9126","48,9583","",""
APJ,AK PORTFÖY BIST ŞİRKETLERİ FON SEPETİ FONU,Fon Sepeti Şemsiye Fonu,6,"0,00","0,00","0,00","0,00","0,00","0,00","0,00"
APT,AK PORTFÖY ORTA VADELI BORÇLANMA ARAÇLARI FONU,Borçlanma Araçları Şemsiye Fonu,3,"4,2364","10,8009","9,3322","13,7573","32,287","115,9639","196,7257"
ARE,İSTANBUL PORTFÖY YABANCI HİSSE SENEDİ FONU,Hisse Senedi Şemsiye Fonu,6,"8,8289","13,1312","23,86","30,6682","49,3446","121,6344","397,8675"
ARL,AK PORTFÖY BİRİNCİ FON SEPETİ FONU,Fon Sepeti Şemsiye Fonu,"","0,00","0,00","0,00","0,00","0,00","0,00","0,00"
ARM,AK PORTFÖY İKİNCİ FON SEPETİ FONU,Fon Sepeti Şemsiye Fonu,"","0,00","0,00","0,00","0,00","0,00","0,00","0,00"
AS1,ALLBATROSS PORTFÖY BİRİNCİ SERBEST (DÖVİZ) FON,Serbest Şemsiye Fonu,5,"0,9576","1,3646","1,8172","1,6682","5,9658","",""
ASJ,AKTİF PORTFÖY HİSSE SENEDİ (TL) FONU (HİSSE SENEDİ YOĞUN FON),Hisse Senedi Şemsiye Fonu,6,"0,5947","4,5879","4,9906","31,6966","25,1477","156,5636",""
ATJ,AZİMUT PORTFÖY İKİNCİ DEĞİŞKEN FON,Değişken Şemsiye Fonu,6,"2,8183","3,0172","4,4654","23,2365","33,1409","147,3436","1522,9011"
AU1,A1 CAPİTAL PORTFÖY ALTIN FONU,Kıymetli Madenler Şemsiye Fonu,6,"15,0393","6,6187","-4,1903","15,3988","","",""
AUV,AK PORTFÖY UZUN VADELİ SERBEST (DÖVİZ) FON,Serbest Şemsiye Fonu,"","2,0642","8,2486","8,4791","11,4347","22,9855","",""
AYA,ATA PORTFÖY KAR PAYI ÖDEYEN HİSSE SENEDİ (TL) FONU (HİSSE SENEDİ YOĞUN FON),Hisse Senedi Şemsiye Fonu,6,"1,4849","1,7964","-1,9673","17,738","21,2326","89,7525","661,9514"
AYR,AK PORTFÖY ÖZEL SEKTÖR BORÇLANMA ARAÇLARI (TL) FONU,Borçlanma Araçları Şemsiye Fonu,1,"3,3104","10,1108","20,4639","26,7715","46,2412","236,8389","405,3435"
BAG,BULLS PORTFÖY ATAK DEĞIŞKEN FON,Değişken Şemsiye Fonu,4,"3,587","8,6864","14,1425","","","",""
BAI,BV PORTFÖY ALTIN KATILIM FONU,Katılım Şemsiye Fonu,6,"13,0709","","","","","",""
BBF,PARDUS PORTFÖY BİRİNCİ BORÇLANMA ARAÇLARI (TL) FONU,Borçlanma Araçları Şemsiye Fonu,2,"3,8163","9,9976","19,9192","27,0411","53,0057","",""
BBP,ALLBATROSS PORTFÖY BİRİNCİ BORÇLANMA ARAÇLARI FONU,Borçlanma Araçları Şemsiye Fonu,4,"3,1955","9,9861","13,3391","68,3891","57,9672","",""
BBS,BULLS PORTFÖY BİRİNCİ SERBEST (TL) FON,Serbest Şemsiye Fonu,2,"4,1123","12,7525","26,586","35,7566","","",""
BCK,DENİZ PORTFÖY BLOCKCHAİN VE FINTECH TEKNOLOJİLERİ DEĞİŞKEN FON,Değişken Şemsiye Fonu,6,"3,193","4,4175","26,9182","33,053","50,6923","",""
BCO,BULLS PORTFÖY ÇOKLU VARLIK KATILIM FONU,Katılım Şemsiye Fonu,6,"10,8274","13,26","21,6488","41,3634","68,6391","",""
BDA,YAPI KREDİ PORTFÖY BİRİNCİ KATILIM SERBEST (DÖVİZ-AVRO) FON,Serbest Şemsiye Fonu,"","4,1937","6,8969","10,54","13,2655","","",""
BDC,AURA PORTFÖY BODRUM SERBEST FON,Serbest Şemsiye Fonu,5,"4,2058","0,3003","2,1059","-6,203","4,9533","225,5612",""
BDS,PARDUS PORTFÖY BIST 30 DIŞI ŞİRKETLER HİSSE SENEDİ (TL) FONU (HİSSE SENEDİ YOĞUN FON),Hisse Senedi Şemsiye Fonu,6,"-8,442","-10,4692","-15,4232","-7,7031","-7,1377","",""
BDY,AK PORTFÖY BIST 100 DIŞI ŞİRKETLER HİSSE SENEDİ (TL) FONU (HİSSE SENEDİ YOĞUN FON),Hisse Senedi Şemsiye Fonu,6,"2,9163","6,9568","7,661","22,4937","26,9584","",""
BFE,ALLBATROSS PORTFÖY BİRİNCİ FON SEPETİ FONU,Fon Sepeti Şemsiye Fonu,5,"0,8377","4,2301","4,9841","14,0036","31,3352","",""
BFS,BULLS PORTFÖY EMTİA FON SEPETİ FONU,Fon Sepeti Şemsiye Fonu,6,"12,0322","1,051","0,6545","","","",""
BFT,AZİMUT PORTFÖY BANKA VE FİNANS SEKTÖRÜ HİSSE SENEDİ FONU (HİSSE SENEDİ YOĞUN FON),Hisse Senedi Şemsiye Fonu,6,"1,9778","0,7038","-11,0438","3,2914","6,2065","",""
BGP,AK PORTFÖY ÜÇÜNCÜ PARA PİYASASI (TL) FONU,Para Piyasası Şemsiye Fonu,1,"3,4309","10,3705","20,7907","27,4159","47,375","262,3903","447,6964"
BGR,AK PORTFÖY BIST GYO ENDEKSİ HİSSE SENEDİ (TL) FONU (HİSSE SENEDİ YOĞUN FON),Hisse Senedi Şemsiye Fonu,6,"","","","","","",""
BHA,BULLS PORTFÖY HİSSE SENEDİ (TL) FONU (HİSSE SENEDİ YOĞUN FON),Hisse Senedi Şemsiye Fonu,6,"1,9484","12,6349","10,5641","41,2441","41,9305","",""
BHF,PARDUS PORTFÖY BİRİNCİ DEĞİŞKEN FON,Değişken Şemsiye Fonu,5,"2,3667","1,8426","8,717","44,4966","49,8863","",""
BHI,BV PORTFÖY MUTLAK GETİRİ HEDEFLİ HİSSE SENEDİ SERBEST (TL) FON (HİSSE SENEDİ YOĞUN FON),Serbest Şemsiye Fonu,3,"3,2198","10,0887","21,649","27,8126","44,4948","",""
BHL,İŞ PORTFÖY BİRİNCİ HİSSE SENEDİ SERBEST FON (HİSSE SENEDİ YOĞUN FON),Serbest Şemsiye Fonu,6,"1,5682","3,217","7,9886","30,0911","38,8785","",""
BID,QNB PORTFÖY BIST 100 DIŞI ŞİRKETLER HİSSE SENEDİ (TL) FONU (HİSSE SENEDİ YOĞUN FON),Hisse Senedi Şemsiye Fonu,6,"-0,5756","0,2613","-6,256","7,028","10,9425","100,2657",""
BIG,YAPI KREDİ PORTFÖY ÜÇÜNCÜ HİSSE SENEDİ FONU (HİSSE SENEDİ YOĞUN FON),Hisse Senedi Şemsiye Fonu,6,"1,4825","4,8633","2,8475","23,1037","25,6628","",""
BIH,PARDUS PORTFÖY BİRİNCİ HİSSE SENEDİ (TL) FONU (HİSSE SENEDİ YOĞUN FON),Hisse Senedi Şemsiye Fonu,6,"7,7288","18,0734","21,5815","40,1843","91,8533","",""
BIO,İŞ PORTFÖY SÜRDÜRÜLEBİLİRLİK HİSSE SENEDİ (TL) FONU (HİSSE SENEDİ YOĞUN FON),Hisse Senedi Şemsiye Fonu,6,"-0,0731","-1,4289","-3,7905","16,0817","15,0889","",""
BIP,İSTANBUL PORTFÖY BİRİNCİ PARA PİYASASI SERBEST (TL) FON,Serbest Şemsiye Fonu,2,"3,5153","10,6124","21,5629","28,1258","47,9675","",""
BIS,BV PORTFÖY BİRİNCİ SERBEST FON,Serbest Şemsiye Fonu,5,"2,811","7,502","13,2683","18,3608","27,99","",""
BIY,AZİMUT PORTFÖY BIST 100 DIŞI ŞİRKETLER HİSSE SENEDİ FONU (HİSSE SENEDİ YOĞUN FON),Hisse Senedi Şemsiye Fonu,"","2,0708","10,0998","24,3608","36,3462","","",""
BJD,AZİMUT PORTFÖY 13.0 SERBEST (DÖVİZ) FON,Serbest Şemsiye Fonu,"","1,8744","5,9068","10,9145","13,5703","20,6215","90,034","522,5373"
BKY,YAPI KREDİ PORTFÖY BİRİNCİ KATILIM SERBEST (DÖVİZ) FON,Serbest Şemsiye Fonu,"","2,0495","6,4452","12,2547","15,2223","","",""
BLD,DENİZ PORTFÖY BALEV EĞİTİME DESTEK SERBEST FON,Serbest Şemsiye Fonu,2,"3,3106","10,3203","20,5799","26,809","46,0688","",""
BLT,BULLS PORTFÖY ALTIN FONU,Kıymetli Madenler Şemsiye Fonu,6,"11,4695","12,0434","-1,5629","15,2979","82,2161","",""
BMU,BULLS PORTFÖY MUTLAK GETİRİ HEDEFLİ HİSSE SENEDİ SERBEST FON (HİSSE SENEDİ YOĞUN FON),Serbest Şemsiye Fonu,7,"-6,7153","23,9804","207,7588","301,9392","195,0101","",""
BNC,AK PORTFÖY BEŞİNCİ SERBEST FON,Serbest Şemsiye Fonu,4,"4,3534","11,4773","11,1247","16,9415","35,6011","",""
BNH,İSTANBUL PORTFÖY BANKACILIK SEKTÖRÜ HİSSE SENEDİ SERBEST (TL) FON (HİSSE SENEDİ YOĞUN FON),Serbest Şemsiye Fonu,7,"1,00","-3,5085","-20,1042","-4,5854","-2,8789","",""
BOL,AKTİF PORTFÖY BORÇLANMA ARAÇLARI FONU,Borçlanma Araçları Şemsiye Fonu,3,"3,7312","9,3446","14,5874","18,53","37,0654","",""
BON,A1 CAPİTAL PORTFÖY BORÇLANMA ARAÇLARI FONU,Borçlanma Araçları Şemsiye Fonu,5,"8,9473","13,7966","14,2896","17,1567","","",""
BOS,BULLS PORTFÖY ALTINCI HİSSE SENEDİ SERBEST FON (HİSSE SENEDİ YOĞUN FON),Serbest Şemsiye Fonu,6,"4,2156","12,222","1,5063","8,991","","",""
BPZ,BULLS PORTFÖY PARA PİYASASI (TL) FONU,Para Piyasası Şemsiye Fonu,2,"3,8447","11,7676","23,4338","30,0647","51,0889","",""
BRC,RE-PIE PORTFÖY BİRİNCİ İSTATİSTİKSEL ARBİTRAJ HİSSE SENEDİ SERBEST FON (HİSSE SENEDİ YOĞUN FON),Serbest Şemsiye Fonu,6,"3,0866","8,7119","18,0836","22,2453","35,089","",""
BRF,DENİZ PORTFÖY BİRİNCİ FON SEPETİ FONU,Fon Sepeti Şemsiye Fonu,5,"3,9301","6,0983","13,3029","29,8112","47,235","",""
BRR,AK PORTFÖY İKİNCİ KISA VADELİ BORÇLANMA ARAÇLARI (TL) FONU,Borçlanma Araçları Şemsiye Fonu,1,"3,5612","10,6365","20,4676","27,1561","47,4653","",""
BRT,PARDUS PORTFÖY BEREKET HİSSE SENEDİ SERBEST FON (HİSSE SENEDİ YOĞUN FON),Serbest Şemsiye Fonu,6,"-13,9743","-21,312","-30,0217","-29,8793","-36,8812","",""
BS1,AHLATCI PORTFÖY BİRİNCİ SERBEST (TL) FON,Serbest Şemsiye Fonu,4,"0,3785","5,2246","12,8663","24,4863","","",""
BSD,BV PORTFÖY SERBEST (DÖVİZ) FON,Serbest Şemsiye Fonu,"","1,89","6,2879","11,8558","15,0934","","",""
BSH,ATLAS PORTFÖY BANKACILIK SEKTÖRÜ HİSSE SENEDİ SERBEST FON (HİSSE SENEDİ YOĞUN FON),Serbest Şemsiye Fonu,7,"2,0166","-2,4822","-21,7905","-5,6035","-3,8437","",""
BSM,GLOBAL MD PORTFÖY BERRAK SERBEST FON,Serbest Şemsiye Fonu,7,"4,6845","15,5229","39,0064","53,1412","","",""
BST,PARDUS PORTFÖY BANKACILIK SEKTÖRÜ DIŞI ŞİRKETLER HİSSE SENEDİ SERBEST (TL) FON (HİSSE SENEDİ YOĞUN FON),Serbest Şemsiye Fonu,7,"0,9332","3,3733","7,4609","21,9146","23,0665","201,5728",""
BTE,BV PORTFÖY OYUN VE TEKNOLOJİ DEĞİŞKEN FON,Değişken Şemsiye Fonu,5,"8,3722","18,12","43,2702","34,7079","51,2423","275,3238",""
BTJ,ATLAS PORTFÖY İSTATİSTİKSEL ARBİTRAJ HİSSE SENEDİ SERBEST FON (HİSSE SENEDİ YOĞUN FON),Serbest Şemsiye Fonu,2,"2,3456","7,5969","16,4083","20,4698","36,8799","",""
BTK,BV PORTFÖY TEKNOLOJİ KATILIM FONU,Katılım Şemsiye Fonu,6,"8,3392","11,8784","52,2185","61,4649","","",""
BTZ,ATLAS PORTFÖY BIST 30 DIŞI ŞİRKETLER HİSSE SENEDİ FONU (HİSSE SENEDİ YOĞUN FON),Hisse Senedi Şemsiye Fonu,6,"-0,673","-3,0249","-4,1932","8,5014","15,4113","",""
BUB,BULLS PORTFÖY BİRİNCİ FON SEPETİ FONU,Fon Sepeti Şemsiye Fonu,3,"2,9527","20,191","","","","",""
BUV,BULLS PORTFÖY VOLTRAN SERBEST (TL) FON,Serbest Şemsiye Fonu,6,"-3,2758","-9,037","-8,7601","6,2707","8,0415","",""
BUY,AK PORTFÖY BÜYÜYEN ŞİRKETLER HİSSE SENEDİ (TL) FONU (HİSSE SENEDİ YOĞUN FON),Hisse Senedi Şemsiye Fonu,5,"4,0894","1,1342","2,9183","25,0999","24,2023","40,17",""
BV1,BV PORTFÖY BİRİNCİ HİSSE SENEDİ (TL) FON (HİSSE SENEDİ YOĞUN FON),Hisse Senedi Şemsiye Fonu,6,"5,2764","9,8337","6,5746","29,101","50,7326","",""
BVD,BV PORTFÖY BİRİNCİ DEĞİŞKEN FON,Değişken Şemsiye Fonu,2,"5,7911","13,0404","22,5805","","","",""
BVF,BV PORTFÖY PARA PİYASASI (TL) FON,Para Piyasası Şemsiye Fonu,2,"3,4663","10,7407","21,3731","28,5107","","",""
BVK,BULLS PORTFÖY VOLTRAN KATILIM SERBEST (TL) FON,Serbest Şemsiye Fonu,4,"-6,7167","21,5207","32,2459","","","",""
BVM,ALLBATROSS PORTFÖY BİRİNCİ HİSSE SENEDİ SERBEST (TL) FON (HİSSE SENEDİ YOĞUN FON),Serbest Şemsiye Fonu,6,"-5,1748","-0,3968","1,1505","6,4826","-60,7923","-53,5735",""
BVV,BV PORTFÖY TEKNOLOJİ DEĞİŞKEN FON,Değişken Şemsiye Fonu,6,"3,3138","10,4758","44,9808","54,0508","85,6144","",""
BVZ,BV PORTFÖY İSTATİSTİKSEL ARBİTRAJ SERBEST FON,Serbest Şemsiye Fonu,2,"3,3463","10,3835","21,2174","28,6588","47,8081","290,2479",""
CAH,A1 CAPİTAL PORTFÖY HİSSE SENEDİ SERBEST FON (HİSSE SENEDİ YOĞUN FON),Serbest Şemsiye Fonu,6,"0,00","0,00","0,00","0,00","","",""
CFO,ROTA PORTFÖY İKİNCİ PARA PİYASASI FONU,Para Piyasası Şemsiye Fonu,2,"3,4332","10,464","21,1437","27,7165","47,5772","",""
CIN,AKTİF PORTFÖY BİRİNCİ SERBEST FON,Serbest Şemsiye Fonu,6,"2,7013","5,4796","11,7763","25,6554","34,9168","",""
CKF,ALBARAKA PORTFÖY ÇOKLU VARLIK KATILIM FONU,Katılım Şemsiye Fonu,5,"6,2419","9,5891","28,323","38,8177","63,0502","",""
CKL,YAPI KREDİ PORTFÖY ÇOKLU VARLIK DEĞİŞKEN FON,Değişken Şemsiye Fonu,5,"13,0264","9,485","20,9586","35,7943","46,5845","",""
CKS,İŞ PORTFÖY BİRİNCİ KATILIM SERBEST (DÖVİZ) FON,Serbest Şemsiye Fonu,"","2,0689","6,5391","10,8495","14,1112","24,0558","117,7435",""
CPT,ROTA PORTFÖY ÇİP TEKNOLOJİLERİ DEĞİŞKEN FON,Değişken Şemsiye Fonu,6,"0,7965","5,2867","34,8604","67,1919","121,1554","",""
CPU,AKTİF PORTFÖY TEKNOLOJİ KATILIM FONU,Katılım Şemsiye Fonu,5,"5,8586","10,6105","44,1284","59,5283","91,634","",""
CVK,INVEO PORTFÖY ÇOKLU VARLIK KATILIM FONU,Katılım Şemsiye Fonu,3,"3,2933","8,324","16,1774","25,5805","40,192","223,6613",""
CVL,A1 CAPİTAL PORTFÖY ÇOKLU VARLIK KATILIM FONU,Katılım Şemsiye Fonu,4,"6,9092","10,5077","21,8387","34,8023","","",""
DA1,A1 CAPİTAL PORTFÖY SERBEST (DÖVİZ) FON,Serbest Şemsiye Fonu,5,"1,4907","5,0137","8,7403","11,343","","",""
DAH,DENİZ PORTFÖY HİSSE SENEDİ FONU (HİSSE SENEDİ YOĞUN FON),Hisse Senedi Şemsiye Fonu,6,"0,9608","0,4842","-3,7898","20,4585","22,2213","113,0973","1139,2045"
DAP,DESTEK PORTFÖY PARA PİYASASI FONU,Para Piyasası Şemsiye Fonu,2,"","","","","","",""
DAS,DENİZ PORTFÖY ONİKİNCİ SERBEST (DÖVİZ) FON,Serbest Şemsiye Fonu,5,"1,9938","6,2151","11,5094","14,3566","21,6434","99,7006",""
DBA,DENİZ PORTFÖY ALTIN FONU,Kıymetli Madenler Şemsiye Fonu,6,"12,6563","4,6953","-5,5619","12,9456","55,5122","286,198","1208,7803"
DBB,DENİZ PORTFÖY BORÇLANMA ARAÇLARI FONU,Borçlanma Araçları Şemsiye Fonu,3,"3,9265","10,7137","13,1466","17,4549","35,6717","157,5753","307,357"
DBH,DENİZ PORTFÖY EUROBOND (DÖVİZ) BORÇLANMA ARAÇLARI FONU,Borçlanma Araçları Şemsiye Fonu,6,"2,4055","7,9373","10,7516","14,5543","24,1918","150,7535","737,1764"
DBK,DENİZ PORTFÖY KISA VADELİ BORÇLANMA ARAÇLARI (TL) FONU,Borçlanma Araçları Şemsiye Fonu,1,"3,2892","10,0227","20,0365","26,2863","45,5461","233,1077","383,0533"
DBP,DENİZ PORTFÖY BİRİNCİ DEĞİŞKEN FON,Değişken Şemsiye Fonu,5,"2,7113","6,5254","15,6963","25,8296","38,1382","185,5029","941,4562"
DBZ,DENİZ PORTFÖY ÖZEL SEKTÖR BORÇLANMA ARAÇLARI FONU,Borçlanma Araçları Şemsiye Fonu,2,"3,2952","10,1196","20,5038","26,9463","46,4846","240,9638","394,7844"
DCB,DENİZ PORTFÖY PARA PİYASASI SERBEST (TL) FON,Serbest Şemsiye Fonu,2,"3,3619","10,4754","21,1168","27,5542","47,2176","263,6215",""
DDA,DENİZ PORTFÖY BANKACILIK SEKTÖRÜ HİSSE SENEDİ SERBEST FON (HİSSE SENEDİ YOĞUN FON),Serbest Şemsiye Fonu,7,"-1,1869","-4,0279","-18,7623","-2,8042","-6,7322","112,6539","946,4064"
DDF,DENİZ PORTFÖY DİNAMO HİSSE SENEDİ SERBEST (TL) FON (HİSSE SENEDİ YOĞUN FON),Serbest Şemsiye Fonu,6,"11,2584","18,6451","31,7115","55,3243","42,8581","351,8119","736,749"
DEF,ALLBATROSS PORTFÖY DEFNE SERBEST FON,Serbest Şemsiye Fonu,5,"0,00","0,00","0,00","0,00","0,00","",""
DEH,DESTEK PORTFÖY HİSSE SENEDİ FONU (HİSSE SENEDİ YOĞUN FON),Hisse Senedi Şemsiye Fonu,6,"","","","","","",""
DFC,DENİZ PORTFÖY TARIM VE GIDA DEĞİŞKEN FON,Değişken Şemsiye Fonu,6,"0,1821","1,3262","5,4391","28,076","24,8635","86,5839",""
DFD,DENİZ PORTFÖY EMTİA SERBEST FON,Serbest Şemsiye Fonu,6,"6,5406","2,2461","15,9643","22,9935","43,1775","112,8389",""
DFI,ATLAS PORTFÖY SERBEST FON,Serbest Şemsiye Fonu,7,"8,7805","41,6228","78,1809","106,9996","1258,2006","2105,0503",""
DGF,A1 CAPİTAL PORTFÖY DEĞİŞKEN FON,Değişken Şemsiye Fonu,5,"13,593","10,2916","14,9455","27,2825","","",""
DGH,ATA PORTFÖY PARA PİYASASI SERBEST (TL) FON,Serbest Şemsiye Fonu,1,"3,4359","10,7331","21,7944","28,5352","49,2404","256,8065","455,5005"
DHJ,DENİZ PORTFÖY TEKNOLOJİ ŞİRKETLERİ HİSSE SENEDİ FONU (HİSSE SENEDİ YOĞUN FON),Hisse Senedi Şemsiye Fonu,7,"4,3987","-2,6349","12,9622","30,6766","31,0844","117,1314",""
DHM,DENİZ PORTFÖY ESG-SÜRDÜRÜLEBİLİRLİK FON SEPETİ FONU,Fon Sepeti Şemsiye Fonu,6,"2,9126","3,42","6,6738","21,6422","26,3346","148,8965",""
DHT,DENİZ PORTFÖY HAVACILIK VE SAVUNMA TEKNOLOJİLERİ DEĞİŞKEN FON,Değişken Şemsiye Fonu,6,"9,1234","14,6183","8,9535","19,3808","","",""
DHV,DENİZ PORTFÖY BİRİNCİ HİSSE SENEDİ SERBEST (TL) FON (HİSSE SENEDİ YOĞUN FON),Serbest Şemsiye Fonu,7,"17,3469","17,7413","59,4834","141,3787","","",""
DID,DENİZ PORTFÖY İKİNCİ DEĞİŞKEN FON,Değişken Şemsiye Fonu,5,"4,0023","7,4699","12,033","19,8867","33,2213","",""
DIP,DENİZ PORTFÖY İKİNCİ PARA PİYASASI SERBEST (TL) FON,Serbest Şemsiye Fonu,2,"3,4371","10,6841","21,6324","28,2215","48,4445","",""
DKC,DENİZ PORTFÖY İKİNCİ SERBEST FON,Serbest Şemsiye Fonu,6,"3,1856","-2,7884","-21,7656","","","",""
DKH,DENİZ PORTFÖY KATILIM HİSSE SENEDİ (TL) FONU (HİSSE SENEDİ YOĞUN FON),Hisse Senedi Şemsiye Fonu,5,"1,962","3,0262","15,0089","33,2456","33,1362","143,7643",""
DKL,DENİZ PORTFÖY BİRİNCİ KATILIM SERBEST (DÖVİZ) FON,Serbest Şemsiye Fonu,3,"2,0132","6,226","10,5818","13,5072","21,2785","",""
DKR,DENİZ PORTFÖY ONDÖRDÜNCÜ SERBEST FON,Serbest Şemsiye Fonu,7,"-11,3971","29,1225","35,637","56,0078","29,7096","",""
DL2,DENİZ PORTFÖY İKİNCİ PARA PİYASASI (TL) FONU,Para Piyasası Şemsiye Fonu,1,"3,4378","10,3376","20,6141","27,1658","47,3036","",""
DLD,DENİZ PORTFÖY SÜRDÜRÜLEBİLİRLİK HİSSE SENEDİ FONU (HİSSE SENEDİ YOĞUN FON),Hisse Senedi Şemsiye Fonu,6,"1,9054","7,3836","6,9616","25,9179","26,1115","124,1329",""
DLY,DENİZ PORTFÖY PARA PİYASASI (TL) FONU,Para Piyasası Şemsiye Fonu,1,"3,345","10,1976","20,5109","26,9476","46,6008","252,8338","418,4502"
DLZ,DENİZ PORTFÖY ALİZE HİSSE SENEDİ SERBEST (TL) FON (HİSSE SENEDİ YOĞUN FON),Serbest Şemsiye Fonu,7,"-0,2077","-49,8274","-74,8278","-84,7107","-87,4127","",""
DMG,DENİZ PORTFÖY GÜMÜŞ FON SEPETİ FONU,Fon Sepeti Şemsiye Fonu,7,"18,6871","-6,9118","-8,3114","1,7423","101,0484","365,9804",""
DNF,A1 CAPİTAL PORTFÖY DİNAMİK FON SEPETİ FONU,Fon Sepeti Şemsiye Fonu,4,"7,4879","9,0388","13,3548","25,3754","","",""
DNH,DENİZ PORTFÖY İNŞAAT SEKTÖRÜ HİSSE SENEDİ SERBEST (TL) FON (HİSSE SENEDİ YOĞUN FON),Serbest Şemsiye Fonu,6,"-1,1487","-0,2017","0,6861","15,9572","","",""
DNK,TACİRLER PORTFÖY DENGE KATILIM SERBEST FON,Serbest Şemsiye Fonu,6,"2,7852","-0,6217","25,5958","26,6261","43,8389","",""
DNM,QNB PORTFÖY DİNAMİK DAĞILIMLI SERBEST (DÖVİZ) FON,Serbest Şemsiye Fonu,"","4,4425","8,5234","10,5486","12,9233","25,8967","",""
DNP,DENİZ PORTFÖY PARA PİYASASI KATILIM SERBEST (TL) FON,Serbest Şemsiye Fonu,2,"3,3263","10,2459","20,7252","27,1552","","",""
DOH,TERA PORTFÖY DÖRDÜNCÜ HİSSE SENEDİ SERBEST (TL) FON (HİSSE SENEDİ YOĞUN FON),Serbest Şemsiye Fonu,6,"7,9379","3,7542","18,4698","35,8011","67,9511","",""
DOL,AKTİF PORTFÖY ÜÇÜNCÜ AKTİF SERBEST (DÖVİZ) FON,Serbest Şemsiye Fonu,"","1,9958","6,2143","11,5189","14,336","21,7834","",""
DOV,DENİZ PORTFÖY ONÜÇÜNCÜ SERBEST (DÖVİZ-AVRO) FON,Serbest Şemsiye Fonu,6,"4,1976","6,8088","10,3674","13,2523","20,7362","106,6906",""
DPB,DENİZ PORTFÖY SERBEST (DÖVİZ) FON,Serbest Şemsiye Fonu,6,"2,3173","7,2745","8,5323","13,3179","24,1008","170,2416","790,6269"
DPI,DENİZ PORTFÖY İSTATİSTİKSEL ARBİTRAJ HİSSE SENEDİ SERBEST FON (HİSSE SENEDİ YOĞUN FON),Serbest Şemsiye Fonu,2,"3,1713","9,1773","18,5038","23,9794","40,6805","247,3417","589,066"
DPK,DENİZ PORTFÖY KİRA SERTİFİKALARI KATILIM (TL) FONU,Katılım Şemsiye Fonu,1,"3,1033","9,3891","17,8967","24,1895","42,3682","208,7525","372,1324"
DPT,DENİZ PORTFÖY BİST TEMETTÜ 25 ENDEKSİ HİSSE SENEDİ FONU ( HİSSE SENEDİ YOĞUN FON ),Hisse Senedi Şemsiye Fonu,6,"2,3926","6,0514","6,77","31,2432","33,2844","116,5734","851,8498"
DRA,NEO PORTFÖY DORA SERBEST FON,Serbest Şemsiye Fonu,7,"3,4721","13,1017","-4,4537","9,8479","23,2254","",""
DRT,DENİZ PORTFÖY ROBOTİK TEKNOLOJİLERİ DEĞİŞKEN FON,Değişken Şemsiye Fonu,5,"5,3167","6,2319","23,9794","","","",""
DSD,DENİZ PORTFÖY İKİNCİ SERBEST (DÖVİZ_AVRO) FON,Serbest Şemsiye Fonu,6,"4,2334","8,5261","9,5392","13,6351","24,325","127,9979","571,0455"
DSP,DENİZ PORTFÖY DENGELİ FON SEPETİ FONU,Fon Sepeti Şemsiye Fonu,3,"3,7455","8,2931","12,8805","21,0811","40,3666","181,9025","661,2304"
DTH,EMAA BLUE PORTFÖY DÖNÜŞÜM TEKNOLOJİLERİ HİSSE SENEDİ (TL) FONU (HİSSE SENEDİ YOĞUN FON),Hisse Senedi Şemsiye Fonu,6,"0,5502","1,9487","19,4787","37,9612","","",""
DTL,DENİZ PORTFÖY BIST 100 DIŞI ŞİRKETLER HİSSE SENEDİ (TL) FONU (HİSSE SENEDİ YOĞUN FON),Hisse Senedi Şemsiye Fonu,6,"0,0052","2,3446","9,9425","26,2796","31,0323","129,594",""
DTM,DENİZ PORTFÖY TEMETTÜ ÖDEYEN ŞİRKETLER DEĞİŞKEN FON,Değişken Şemsiye Fonu,6,"2,968","6,847","8,0648","29,6856","31,0688","",""
DTZ,AK PORTFÖY ROBOTİK TEKNOLOJİLER DEĞİŞKEN FON,Değişken Şemsiye Fonu,6,"6,5791","8,7942","38,235","33,2013","43,7128","188,2838",""
DUD,DENİZ PORTFÖY UZUN VADELİ SERBEST (DÖVİZ) FON,Serbest Şemsiye Fonu,6,"2,7812","10,3437","9,9736","13,8147","28,582","",""
DUH,HEDEF PORTFÖY UFUK HİSSE SENEDİ SERBEST FON (HİSSE SENEDİ YOĞUN FON),Serbest Şemsiye Fonu,6,"32,0304","40,0793","25,4821","18,2281","22,2128","",""
DUV,DENİZ PORTFÖY UZUN VADELİ BORÇLANMA ARAÇLARI FONU,Borçlanma Araçları Şemsiye Fonu,5,"4,1225","10,8634","4,8532","5,6177","23,0502","",""
DVS,DENİZ PORTFÖY KISA VADELİ SERBEST (TL) FON,Serbest Şemsiye Fonu,2,"3,4476","10,3537","20,3798","26,8283","47,1822","",""
DVT,DENİZ PORTFÖY METAVERSE VE DİJİTAL YAŞAM TEKNOLOJİLERİ DEĞİŞKEN FON,Değişken Şemsiye Fonu,6,"4,4179","8,0817","39,2503","47,9351","67,2513","327,8322",""
DXP,DENİZ PORTFÖY İHRACATÇI ŞİRKETLER HİSSE SENEDİ FONU (HİSSE SENEDİ YOĞUN FON),Hisse Senedi Şemsiye Fonu,6,"3,0934","5,7893","8,7328","27,9403","28,8525","",""
DYN,DENİZ PORTFÖY ELEKTRİKLİ VE OTONOM ARAÇ TEKNOLOJİLERİ DEĞİŞKEN FON,Değişken Şemsiye Fonu,6,"-0,368","-2,5352","15,83","23,9959","40,6735","136,8491",""
DZE,DENİZ PORTFÖY BIST 100 ENDEKSİ HİSSE SENEDİ FONU(HİSSE SENEDİ YOĞUN FON),Hisse Senedi Şemsiye Fonu,6,"1,7884","2,093","2,7784","24,6885","26,0162","96,5794","959,6376"
DZM,DENİZ PORTFÖY BEŞİNCİ SERBEST (DÖVİZ) FON,Serbest Şemsiye Fonu,6,"2,4856","7,4046","8,7723","13,2168","22,1617","163,8766","782,8875"
EBD,GLOBAL MD PORTFÖY İKİNCİ DEĞİŞKEN FON,Değişken Şemsiye Fonu,"","0,0339","4,3339","24,1564","37,5164","52,2094","204,6156","734,1259"
EBI,EMAA BLUE PORTFÖY İKİNCİ SERBEST (DÖVİZ-AVRO) FON,Serbest Şemsiye Fonu,"","4,1646","7,9207","9,0877","12,6513","","",""
EBS,EMAA BLUE PORTFÖY BİRİNCİ SERBEST (DÖVİZ-ABD DOLARI) FON,Serbest Şemsiye Fonu,"","2,0597","6,7208","10,9182","13,9862","","",""
EC2,GLOBAL MD PORTFÖY BİRİNCİ HİSSE SENEDİ FONU(HİSSE SENEDİ YOĞUN FON),Hisse Senedi Şemsiye Fonu,"","-2,2207","-3,7224","-6,9459","1,9156","-1,3346","96,3979","1159,3398"
ECA,GLOBAL MD PORTFÖY BİRİNCİ DEĞİŞKEN FON,Değişken Şemsiye Fonu,6,"5,7803","18,3952","31,7006","48,8588","66,1634","218,8788","1089,9688"
EDN,EMAA BLUE PORTFÖY DENGELİ DEĞİŞKEN FON,Değişken Şemsiye Fonu,4,"3,3949","","","","","",""
EDP,NEO PORTFÖY KORUNCUK EĞİTİME DESTEK PARA PİYASASI SERBEST FON,Serbest Şemsiye Fonu,2,"3,5559","10,8352","","","","",""
EDT,DENİZ PORTFÖY TED EĞİTİME DESTEK SERBEST FON,Serbest Şemsiye Fonu,2,"3,2913","10,2895","20,6439","26,8893","46,1088","",""
EDU,İŞ PORTFÖY TEV EĞİTİME DESTEK DEĞİŞKEN FON,Değişken Şemsiye Fonu,3,"3,189","9,2698","13,3112","19,375","42,2349","202,904",""
EGR,EMAA BLUE PORTFÖY AGRESİF DEĞİŞKEN FON,Değişken Şemsiye Fonu,6,"4,8425","","","","","",""
EIB,ASTRA PORTFÖY DEĞİŞKEN FON,Değişken Şemsiye Fonu,3,"2,1683","12,1695","24,3303","30,0529","47,3637","245,2019","708,5766"
EID,ASTRA PORTFÖY HİSSE SENEDİ FONU (HİSSE YOĞUN FON),Hisse Senedi Şemsiye Fonu,6,"2,6614","7,6868","3,529","23,3709","24,5668","153,0254","1377,2344"
EIL,ASTRA PORTFÖY PARA PİYASASI (TL) FONU,Para Piyasası Şemsiye Fonu,2,"3,4387","10,4825","21,2782","28,1487","49,2406","262,4835","427,2232"
EKF,ASTRA PORTFÖY KİRA SERTİFİKASI KATILIM (TL) FONU,Katılım Şemsiye Fonu,3,"3,4164","6,332","17,111","23,7488","43,3022","220,7485","537,7982"
ELZ,ASTRA PORTFÖY KATILIM HİSSE SENEDİ FONU (HİSSE SENEDİ YOĞUN FON),Hisse Senedi Şemsiye Fonu,"","-0,1426","-0,9811","7,9175","25,3028","27,4359","131,7182","1053,0029"
EML,AK PORTFÖY EMLAK SEKTÖRÜ DEĞİŞKEN FON,Değişken Şemsiye Fonu,3,"0,7028","5,9604","13,9542","28,1466","","",""
ENJ,AKTİF PORTFÖY ENERJİ ŞİRKETLERİ HİSSE SENEDİ (TL) FONU (HİSSE SENEDİ YOĞUN FON),Hisse Senedi Şemsiye Fonu,6,"-4,4358","0,025","12,4403","21,8195","25,102","",""
EP1,EMLAK KATILIM PORTFÖY PARA PİYASASI KATILIM (TL) FONU,Katılım Şemsiye Fonu,1,"3,2603","","","","","",""
EPA,EMAA BLUE PORTFÖY PARA PİYASASI KATILIM (TL) FONU,Katılım Şemsiye Fonu,1,"3,3663","10,3006","20,6834","26,8769","","",""
EPI,EMAA BLUE PORTFÖY İNŞAAT SEKTÖRÜ KATILIM FONU,Katılım Şemsiye Fonu,5,"-1,6144","-1,6743","0,3811","12,1178","","",""
EPK,EMAA BLUE PORTFÖY KIYMETLİ MADENLER KATILIM FON SEPETİ FONU,Fon Sepeti Şemsiye Fonu,6,"14,8284","-1,4555","-9,4758","6,7995","","",""
EPP,EMAA BLUE PORTFÖY PARA PİYASASI SERBEST FON,Serbest Şemsiye Fonu,2,"3,4148","10,6675","21,4436","28,1195","","",""
EPT,EMAA BLUE PORTFÖY PARA PİYASASI (TL) FONU,Para Piyasası Şemsiye Fonu,1,"3,4167","10,4129","21,0153","27,4612","","",""
ESG,AKTİF PORTFÖY ESG SÜRDÜRÜLEBİLİRLİK SERBEST FON,Serbest Şemsiye Fonu,6,"2,0733","-0,0484","-1,761","9,5222","13,9352","97,5963","242,0046"
ESP,AURA PORTFÖY EMTİA SERBEST FON,Serbest Şemsiye Fonu,7,"-1,4412","-31,645","-29,0503","-56,2129","-67,3801","",""
ETN,EMAA BLUE PORTFÖY TEMKİNLİ DEĞİŞKEN FON,Değişken Şemsiye Fonu,2,"","","","","","",""
EUN,GARANTİ PORTFÖY İKİNCİ SERBEST (DÖVİZ-AVRO) FON,Serbest Şemsiye Fonu,"","4,2274","8,0918","9,9117","13,2718","23,2317","",""
EUZ,GARANTİ PORTFÖY SERBEST (DÖVİZ-AVRO) FON,Serbest Şemsiye Fonu,"","4,1643","6,7166","10,1725","12,9254","20,4342","109,7734","528,7491"
EVM,DENİZ PORTFÖY ENERJİ VE MADENCİLİK SEKTÖRÜ DEĞİŞKEN FON,Değişken Şemsiye Fonu,6,"9,538","6,3479","12,0105","","","",""
EYT,AKTİF PORTFÖY İKİNCİ FON SEPETİ FONU,Fon Sepeti Şemsiye Fonu,3,"5,8827","6,7114","13,0838","26,3677","52,3688","",""
FAK,FONMAP PORTFÖY ALTIN KATILIM FONU,Katılım Şemsiye Fonu,6,"12,7627","-0,5998","-12,9605","-12,2974","","",""
FAL,ONE PORTFÖY ALTIN FONU,Kıymetli Madenler Şemsiye Fonu,6,"12,2431","4,1233","-7,5934","12,5721","","",""
FBC,ONE PORTFÖY KAR PAYI ÖDEYEN KATILIM FONU,Katılım Şemsiye Fonu,6,"-2,7165","-9,8367","1,3318","6,5036","21,3174","83,4628",""
FBI,FİBA PORTFÖY BİRİNCİ SERBEST (DÖVİZ) FON,Serbest Şemsiye Fonu,"","1,9755","6,0997","11,4135","14,1139","21,1021","",""
FBV,İŞ PORTFÖY MODEL SERBEST FON,Serbest Şemsiye Fonu,6,"6,1447","5,7854","11,4044","26,9943","43,2827","229,4242","633,5817"
FBZ,FİBA PORTFÖY TEKNOLOJİ SERBEST FON,Serbest Şemsiye Fonu,6,"6,5655","6,8536","28,5206","28,0105","51,9279","178,1111","322,0206"
FCK,ONE PORTFÖY ÇOKLU VARLIK KATILIM FONU,Katılım Şemsiye Fonu,5,"-3,328","-5,2604","7,5626","20,3512","26,3257","",""
FD1,ONE PORTFÖY BİRİNCİ DEĞİŞKEN FON,Değişken Şemsiye Fonu,4,"4,3624","11,0573","13,0894","26,1693","29,3471","",""
FDG,FONMAP PORTFÖY BİRİNCİ DEĞİŞKEN FON,Değişken Şemsiye Fonu,4,"-1,7846","-5,7559","3,0045","13,8344","31,8378","",""
FDV,AZİMUT PORTFÖY DMR SERBEST FON,Serbest Şemsiye Fonu,4,"3,6806","12,7251","25,5153","42,0741","61,6826","301,5928",""
FFH,QNB PORTFÖY ÇOKLU VARLIK KATILIM FONU,Katılım Şemsiye Fonu,4,"4,5662","8,0764","17,3512","28,5567","51,1016","200,2234","703,3412"
FFP,QNB PORTFÖY FON SEPETİ FONU,Fon Sepeti Şemsiye Fonu,4,"4,6324","5,4347","6,5943","15,6316","39,1862","191,7107","576,3488"
FI3,QNB PORTFÖY BORÇLANMA ARAÇLARI FONU,Borçlanma Araçları Şemsiye Fonu,4,"4,1688","9,0764","10,6135","14,3369","32,2759","136,922","318,8499"
FIB,FİBA PORTFÖY ALTIN FONU,Kıymetli Madenler Şemsiye Fonu,6,"13,2585","4,0626","-7,0492","9,8333","51,6615","288,3681","1188,1568"
FID,FİBA PORTFÖY ÇOKLU VARLIK İKİNCİ DEĞİŞKEN FON,Değişken Şemsiye Fonu,6,"2,7058","6,1694","5,8138","15,9709","19,2713","101,7321","706,2836"
FIL,FİBA PORTFÖY PARA PİYASASI (TL) FONU,Para Piyasası Şemsiye Fonu,1,"3,3865","10,3176","20,6762","27,2018","47,0125","256,514","438,2293"
FIT,FİBA PORTFÖY BORÇLANMA ARAÇLARI (TL) FONU,Borçlanma Araçları Şemsiye Fonu,4,"4,2846","10,5983","3,638","4,8343","21,7572","93,8411","183,386"
FJB,FİBA PORTFÖY BLOK ZİNCİRİ TEKNOLOJİLERİ SERBEST FON,Serbest Şemsiye Fonu,6,"4,7693","4,9681","29,6404","24,7335","43,1002","274,2922","653,2932"
FJZ,FİBA PORTFÖY FIRTINA SERBEST (DÖVİZ) FON,Serbest Şemsiye Fonu,"","2,0722","6,9816","10,4008","14,7678","24,2403","135,6109","675,0997"
FKE,QNB PORTFÖY KRİSTAL SERBEST (DÖVİZ-AVRO) FON,Serbest Şemsiye Fonu,"","4,1431","6,6461","10,0775","12,7741","20,149","102,616",""
FLS,YAPI KREDİ PORTFÖY FLORYA SERBEST (DÖVİZ-AVRO) FON,Serbest Şemsiye Fonu,"","4,7325","8,4542","11,9904","14,9018","27,4157","",""
FLY,AKTİF PORTFÖY HAVACILIK VE SAVUNMA TEKNOLOJİLERİ DEĞİŞKEN FON,Değişken Şemsiye Fonu,5,"9,0796","6,6358","0,8673","16,2113","18,415","",""
FMG,QNB PORTFÖY GÜMÜŞ SERBEST FON,Serbest Şemsiye Fonu,6,"19,5045","-8,0367","-11,7184","0,818","97,9686","",""
FMV,DENİZ PORTFÖY FMV IŞIK ÜNİVERSİTESİ EĞİTİME DESTEK SERBEST FON,Serbest Şemsiye Fonu,2,"3,1632","10,1261","20,3739","26,5036","","",""
FNO,QNB PORTFÖY BİRİNCİ DEĞİŞKEN FON,Değişken Şemsiye Fonu,4,"4,797","8,7998","8,8617","17,0897","38,1989","191,507","629,7551"
FNT,HEDEF PORTFÖY MODEL HİSSE SENEDİ SERBEST (TL) FON (HİSSE SENEDİ YOĞUN FON),Serbest Şemsiye Fonu,6,"7,0213","16,3186","15,9096","42,2796","36,986","",""
FP4,ONE PORTFÖY DÖRDÜNCÜ HİSSE SENEDİ SERBEST FON (HİSSE SENEDİ YOĞUN FON),Serbest Şemsiye Fonu,6,"-27,9362","-37,6032","-35,0323","-26,5786","","",""
FPE,FİBA PORTFÖY EUROBOND BORÇLANMA ARAÇLARI (DÖVİZ) FONU,Borçlanma Araçları Şemsiye Fonu,5,"2,2839","7,3587","9,788","12,8972","22,9672","131,4597","655,4008"
FPG,FİBA PORTFÖY GÜMÜŞ SERBEST FON,Serbest Şemsiye Fonu,6,"19,9858","-7,2286","-10,0234","0,2487","92,5847","",""
FPH,FİBA PORTFÖY HİSSE SENEDİ (TL) FONU (HİSSE SENEDİ YOĞUN FON),Hisse Senedi Şemsiye Fonu,6,"2,1908","5,5854","4,4917","20,6135","20,664","118,0989","1064,8707"
FPI,FONMAP PORTFÖY BİRİNCİ PARA PİYASASI (TL) FONU,Para Piyasası Şemsiye Fonu,1,"3,2148","9,82","20,3073","26,5199","45,3964","",""
FPK,FİBA PORTFÖY KISA VADELİ BORÇLANMA ARAÇLARI (TL) FONU,Borçlanma Araçları Şemsiye Fonu,1,"3,4252","9,7082","18,1072","24,4347","43,4612","224,1963","366,7823"
FPR,STRATEJİ PORTFÖY FOREST HİSSE SENEDİ SERBEST FON (HİSSE SENEDİ YOĞUN FON),Serbest Şemsiye Fonu,6,"1,8922","2,1843","0,4473","24,0055","27,6629","172,6262","934,2376"
FPZ,QNB PORTFÖY BİRİNCİ SERBEST (DÖVİZ) FON,Serbest Şemsiye Fonu,"","1,9254","6,079","11,4261","14,1824","21,4159","101,4278","578,8768"
FRA,AZİMUT PORTFÖY MAB SERBEST FON,Serbest Şemsiye Fonu,6,"-0,9632","-0,8868","-0,7165","12,1894","16,7357","84,0721","748,2622"
FRC,FONMAP PORTFÖY BİRİNCİ HİSSE SENEDİ SERBEST FON (HİSSE SENEDİ YOĞUN FON),Serbest Şemsiye Fonu,6,"-12,2897","-21,9847","-10,7022","3,5671","1,9744","",""
FS5,ONE PORTFÖY BİRİNCİ İSTATİSTİKSEL ARBİTRAJ HİSSE SENEDİ SERBEST FON (HİSSE SENEDİ YOĞUN FON),Serbest Şemsiye Fonu,6,"-4,5117","-14,3101","-14,6578","-11,2962","-0,3412","",""
FS6,ONE PORTFÖY İKİNCİ İSTATİSTİKSEL ARBİTRAJ SERBEST FON,Serbest Şemsiye Fonu,4,"4,4795","13,3638","22,3516","34,7714","65,2286","",""
FSF,FİBA PORTFÖY PARA PİYASASI SERBEST (TL) FON,Serbest Şemsiye Fonu,2,"3,3559","10,4072","20,9091","27,3492","46,9702","261,3992","456,3629"
FSG,FİBA PORTFÖY BİRİNCİ HİSSE SENEDİ SERBEST FON (HİSSE SENEDİ YOĞUN FON),Serbest Şemsiye Fonu,6,"1,3699","4,196","2,9351","20,0996","20,6699","119,2468",""
FSH,FİBA PORTFÖY FON SEPETİ SERBEST FON,Serbest Şemsiye Fonu,6,"3,8481","6,3304","33,3378","33,9635","56,7995","259,6531",""
FSK,QNB PORTFÖY İKİNCİ PARA PİYASASI (TL) FONU,Para Piyasası Şemsiye Fonu,2,"3,4258","10,2185","20,2427","26,819","46,8381","252,9693","420,8146"
FSP,FONMAP PORTFÖY SERBEST (DÖVİZ) FON,Serbest Şemsiye Fonu,6,"-18,9415","-43,2061","-46,8827","-47,2191","","",""
FSR,FİBA PORTFÖY İKİNCİ SERBEST (DÖVİZ-AVRO) FON,Serbest Şemsiye Fonu,"","4,1489","6,6916","10,1224","12,8323","19,9985","",""
FSU,TERA PORTFÖY FON SEPETİ FONU,Fon Sepeti Şemsiye Fonu,6,"0,00","0,00","0,00","0,00","","",""
FTL,ONE PORTFÖY PARA PİYASASI KATILIM FONU,Katılım Şemsiye Fonu,1,"3,3031","10,2245","20,5916","26,8661","45,901","",""
FUA,AK PORTFÖY İHRACATÇI ŞİRKETLER HİSSE SENEDİ (TL) FONU (HİSSE SENEDİ YOĞUN FON),Hisse Senedi Şemsiye Fonu,6,"4,3998","3,8227","6,8895","26,6551","25,0831","69,629",""
FUB,QNB PORTFÖY EUROBOND (DÖVİZ) BORÇLANMA ARAÇLARI FONU,Borçlanma Araçları Şemsiye Fonu,5,"2,476","7,0714","8,3884","12,2316","24,2547","134,0601","627,871"
FYD,QNB PORTFÖY BİRİNCİ HİSSE SENEDİ FONU (HİSSE SENEDİ YOĞUN FON),Hisse Senedi Şemsiye Fonu,6,"4,2554","1,5226","-2,733","14,9901","19,0662","107,6548","1306,1282"
FYI,AZİMUT PORTFÖY 4.0 SERBEST FON,Serbest Şemsiye Fonu,7,"3,7437","9,1049","20,5777","55,4961","34,1887","176,1309","444,8662"
FYO,QNB PORTFÖY ÖZEL SEKTÖR BORÇLANMA ARAÇLARI FONU,Borçlanma Araçları Şemsiye Fonu,1,"3,3182","10,1552","20,596","27,1054","46,6838","234,7789","397,2881"
FZJ,FİBA PORTFÖY BİRİNCİ FON SEPETİ FONU,Fon Sepeti Şemsiye Fonu,4,"3,3732","7,2897","11,9413","20,3289","35,5981","190,0682",""
FZP,FİBA PORTFÖY SERBEST FON,Serbest Şemsiye Fonu,2,"2,6435","8,2802","16,5017","23,5233","40,5014","239,1717","465,7761"
GA1,GARANTİ PORTFÖY BORÇLANMA ARAÇLARI FONU,Borçlanma Araçları Şemsiye Fonu,3,"4,0275","11,2642","12,0835","17,3127","34,5914","178,4557","348,3558"
GAE,GARANTİ PORTFÖY BİST30 ENDEKSİ HİSSE SENEDİ (TL) FONU (HİSSE SENEDİ YOĞUN FON),Hisse Senedi Şemsiye Fonu,6,"1,8794","2,7982","6,9093","33,8302","33,006","116,2915","970,3458"
GAF,INVEO PORTFÖY BİRİNCİ HİSSE SENEDİ FONU (HİSSE SENEDİ YOĞUN FON),Hisse Senedi Şemsiye Fonu,6,"-0,9311","-3,2698","-5,465","16,9054","28,477","157,6312","1355,4022"
GAG,INVEO PORTFÖY BİRİNCİ SERBEST (DÖVIZ)  FON,Serbest Şemsiye Fonu,5,"2,153","6,4059","11,8684","14,7895","22,4793","102,1686","563,6935"
GAH,GARANTİ PORTFÖY MUTLAK GETİRİ HEDEFLİ DEĞİŞKEN FON,Değişken Şemsiye Fonu,3,"0,00","0,00","0,00","0,00","0,00","0,00","0,00"
GAS,GARANTİ PORTFÖY ÜÇÜNCÜ SERBEST(DÖVİZ) FON,Serbest Şemsiye Fonu,"","1,9835","6,2956","10,5679","13,5095","22,2438","108,8947","590,8728"
GBC,AZİMUT PORTFÖY YABANCI HİSSE SENEDİ FONU,Hisse Senedi Şemsiye Fonu,6,"3,1638","6,7936","20,3666","24,50","45,9278","174,9414","634,9266"
GBG,INVEO PORTFÖY G-20 ÜLKELERİ YABANCI HİSSE SENEDİ FONU,Hisse Senedi Şemsiye Fonu,6,"4,6772","9,5378","27,5948","44,0703","62,1813","191,7944","762,3192"
GBH,GARANTİ PORTFÖY BİRİNCİ HİSSE SENEDİ SERBEST FON (HİSSE SENEDİ YOĞUN FON),Serbest Şemsiye Fonu,7,"2,1178","2,8575","2,9418","27,381","28,2401","152,2177",""
GBJ,GARANTİ PORTFÖY BANKACILIK SEKTÖRÜ HİSSE SENEDİ SERBEST FON (HİSSE SENEDİ YOĞUN FON),Serbest Şemsiye Fonu,7,"1,3415","-2,353","-16,6165","0,3165","5,3304","",""
GBL,AZİMUT PYŞ KISA VADELİ BORÇLANMA ARAÇLARI FONU,Borçlanma Araçları Şemsiye Fonu,2,"3,3071","10,0581","20,5067","26,9889","46,5341","249,5191","442,8807"
GBN,GARANTİ PORTFÖY BEŞİNCİ (TL) SERBEST FON,Serbest Şemsiye Fonu,2,"3,2526","10,0547","20,4599","26,6462","45,6157","255,2455","442,9488"
GBV,GARANTİ PORTFÖY BLOCKCHAİN TEKNOLOJİLERİ DEĞİŞKEN FON,Değişken Şemsiye Fonu,6,"0,00","0,00","0,00","0,00","0,00","0,00",""
GBZ,AZİMUT PORTFÖY EMTİA FON SEPETİ FONU,Fon Sepeti Şemsiye Fonu,6,"7,7134","2,2549","15,3658","27,5128","52,1808","156,0785",""
GGK,INVEO PORTFÖY ALTIN FON,Kıymetli Madenler Şemsiye Fonu,6,"12,3076","4,1578","-7,3122","9,6669","51,735","301,8303","1291,8489"
GHS,GARANTİ PORTFÖY HİSSE SENEDİ (TL) FONU (HİSSE SENEDİ YOĞUN FON),Hisse Senedi Şemsiye Fonu,6,"2,8777","2,8286","1,6841","25,0338","27,4645","137,1796","1399,4364"
GID,GARANTİ PORTFÖY İNŞAAT SEKTÖRÜ HİSSE SENEDİ FONU (HİSSE SENEDİ YOĞUN FON),Hisse Senedi Şemsiye Fonu,5,"0,00","0,00","0,00","0,00","0,00","",""
GIE,GARANTİ PORTFÖY GARANTİ BBVA İKLİM ENDEKSİ HİSSE SENEDİ (TL) FONU (HİSSE SENEDİ YOĞUN FON),Hisse Senedi Şemsiye Fonu,6,"2,1007","3,3705","0,6997","24,2634","22,3225","134,6433",""
GIH,ALLBATROSS PORTFÖY GIDA VE İÇECEK SEKTÖRÜ HİSSE SENEDİ FONU (HİSSE SENEDİ YOĞUN FON),Hisse Senedi Şemsiye Fonu,6,"-5,3618","-7,8427","4,5982","29,8243","24,418","43,3505",""
GJB,INVEO PORTFÖY BİRİNCİ FON SEPETİ FONU,Fon Sepeti Şemsiye Fonu,5,"2,6585","1,5198","7,4489","22,1957","50,4561","185,137","922,2103"
GKF,GLOBAL MD PORTFÖY KATILIM FONU,Katılım Şemsiye Fonu,7,"-2,8654","-6,3967","4,6827","16,9091","15,3025","121,9584","352,5787"
GKG,GARANTİ PORTFÖY KAR PAYI ÖDEYEN HİSSE SENEDİ (TL) FONU (HİSSE SENEDİ YOĞUN FON),Hisse Senedi Şemsiye Fonu,6,"2,5273","3,7101","7,2873","32,4353","37,7526","",""
GKH,GARANTİ PORTFÖY PARA PİYASASI KATILIM SERBEST (TL) FON,Serbest Şemsiye Fonu,2,"3,2072","10,0529","20,2442","26,5676","45,6191","238,4761",""
GKV,GARANTİ PORTFÖY KATILIM HİSSE SENEDİ (TL) FONU (HİSSE SENEDİ YOĞUN FON),Hisse Senedi Şemsiye Fonu,6,"4,1084","6,2884","25,6996","51,3585","53,0726","141,2604",""
GL1,AZİMUT PYŞ BİRİNCİ HİSSE SENEDİ FONU (HİSSE SENEDİ YOĞUN FON),Hisse Senedi Şemsiye Fonu,6,"3,8204","7,8148","5,9756","27,8999","38,2858","172,2269","1373,5711"
GLC,AKTİF PORTFÖY ÜÇÜNCÜ FON SEPETİ FONU,Fon Sepeti Şemsiye Fonu,5,"4,3385","3,5833","4,1555","8,2513","21,1095","155,2128",""
GLG,AKTİF PORTFÖY CAPİTAL HİSSE SENEDİ SERBEST FON (HİSSE SENEDİ YOĞUN FON),Serbest Şemsiye Fonu,6,"-0,5895","-4,9129","-4,2652","20,4869","39,7748","156,1959",""
GLL,GOLDEN GLOBAL PORTFÖY ALTIN KATILIM FONU,Katılım Şemsiye Fonu,6,"","","","","","",""
GLS,AZİMUT PORTFÖY  KİRA SERTİFİKALARI (SUKUK) KATILIM FONU,Katılım Şemsiye Fonu,2,"3,4027","9,6015","18,9414","26,1305","44,8153","213,9949","397,1968"
GMA,AZİMUT PORTFÖY BİRİNCİ DEĞİŞKEN FON,Değişken Şemsiye Fonu,5,"3,2541","9,8302","17,5543","29,5489","43,9041","176,4689","904,9787"
GMC,TEB PORTFÖY GÜMÜŞ FON SEPETİ FONU,Fon Sepeti Şemsiye Fonu,7,"0,00","0,00","0,00","0,00","0,00","0,00",""
GMD,GLOBAL MD PORTFÖY BİRİNCİ FON SEPETİ FONU,Fon Sepeti Şemsiye Fonu,5,"1,1054","5,7561","15,0421","20,0316","1,3251","40,3833",""
GMI,AK PORTFÖY GÜMÜŞ SERBEST FON,Serbest Şemsiye Fonu,7,"19,3533","-7,8293","-13,5266","-2,0958","","",""
GMN,GLOBAL MD PORTFÖY BİRİNCİ PARA PİYASASI SERBEST (TL) FON,Serbest Şemsiye Fonu,2,"3,3537","10,1078","20,5863","26,9293","","",""
GMR,INVEO PORTFÖY BIST 30 DIŞI ŞİRKETLER HİSSE SENEDİ FONU (HİSSE SENEDİ YOĞUN FON),Hisse Senedi Şemsiye Fonu,6,"-2,0609","-3,4939","1,1477","13,4708","21,0981","90,983","1055,3666"
GNH,GLOBAL MD PORTFÖY ALGORİTMİK MODEL HİSSE SENEDİ FONU (HİSSE SENEDİ YOĞUN FON),Hisse Senedi Şemsiye Fonu,7,"-1,6424","-2,4668","5,503","18,6007","16,9765","",""
GNS,GARANTİ PORTFÖY ENERJİ ŞİRKETLERİ HİSSE SENEDİ (TL) FONU (HİSSE SENEDİ YOĞUN FON),Hisse Senedi Şemsiye Fonu,6,"-8,7207","-1,3681","8,3745","19,9675","22,4923","",""
GO1,ONE PORTFÖY BİRİNCİ FON SEPETİ FONU,Fon Sepeti Şemsiye Fonu,3,"3,9258","9,8049","17,2448","29,8524","52,4103","276,929",""
GO2,ONE PORTFÖY KATILIM FON SEPETİ FONU,Fon Sepeti Şemsiye Fonu,3,"2,6538","5,8547","13,7301","25,1989","46,7955","235,0782",""
GO3,ONE PORTFÖY ÜÇÜNCÜ FON SEPETİ FONU,Fon Sepeti Şemsiye Fonu,5,"3,6546","3,928","5,2703","22,8265","40,5724","197,5376",""
GO4,ONE PORTFÖY DÖRDÜNCÜ FON SEPETİ FONU,Fon Sepeti Şemsiye Fonu,5,"3,9898","4,4349","4,0427","21,197","40,6382","197,7007",""
GO6,ONE PORTFÖY PARA PİYASASI (TL) FONU,Para Piyasası Şemsiye Fonu,1,"3,5863","11,07","23,0684","30,7189","53,3276","275,0913",""
GO9,ONE PORTFÖY BİRİNCİ HİSSE SENEDİ FONU (HİSSE SENEDİ YOĞUN FON),Hisse Senedi Şemsiye Fonu,6,"0,8766","10,1094","16,8791","49,2389","60,9075","",""
GOH,GARANTİ PORTFÖY BIST 100 DIŞI ŞİRKETLER HİSSE SENEDİ (TL) FONU (HİSSE SENEDİ YOĞUN FON),Hisse Senedi Şemsiye Fonu,6,"1,8508","1,1604","7,6629","23,4326","23,9967","128,7632","1574,5698"
GOL,GARANTİ PORTFÖY ALTIN KATILIM FONU,Katılım Şemsiye Fonu,6,"12,7936","4,3712","-6,8371","10,6111","49,8367","",""
GOP,GOLDEN GLOBAL PORTFÖY PARA PİYASASI KATILIM FONU,Katılım Şemsiye Fonu,1,"3,4852","10,7266","","","","",""
GPA,GARANTİ PORTFÖY EUROBOND BORÇLANMA ARAÇLARI (DÖVİZ) FONU,Borçlanma Araçları Şemsiye Fonu,5,"2,4848","8,2013","10,7809","13,7635","25,6916","135,8143","628,3815"
GPB,GARANTİ PORTFÖY BİRİNCİ DEĞİŞKEN FON,Değişken Şemsiye Fonu,2,"0,00","0,00","0,00","0,00","0,00","0,00","0,00"
GPC,GARANTİ PORTFÖY İKİNCİ SERBEST ( DÖVİZ ) FON,Serbest Şemsiye Fonu,"","0,00","0,00","0,00","0,00","0,00","0,00","0,00"
GPF,GARANTİ PORTFÖY ÇOKLU VARLIK KATILIM FONU,Katılım Şemsiye Fonu,3,"3,8703","8,0117","16,9169","23,4895","42,7304","182,6271","409,7312"
GPG,INVEO PORTFÖY BİRİNCİ DEĞİŞKEN FON,Değişken Şemsiye Fonu,6,"5,0471","25,9806","24,4599","39,4132","51,7132","190,2763","861,8719"
GPI,GARANTİ PORTFÖY İKİNCİ DEĞİŞKEN FON,Değişken Şemsiye Fonu,3,"0,00","0,00","0,00","0,00","0,00","0,00","0,00"
GPL,GARANTİ PORTFÖY BİRİNCİ SERBEST (DÖVİZ) FON,Serbest Şemsiye Fonu,"","1,9306","6,0618","11,2979","13,9794","20,9933","92,892",""
GPN,GARANTİ PORTFÖY PARA PİYASASI KATILIM (TL) FONU,Katılım Şemsiye Fonu,1,"3,3465","10,3292","20,6847","26,9974","","",""
GPT,AKTİF PORTFÖY ROBOTİK TEKNOLOJİLERİ DEĞİŞKEN FON,Değişken Şemsiye Fonu,5,"2,1828","6,1186","28,9419","39,6359","60,5567","",""
GPU,GARANTİ PORTFÖY ÜÇÜNCÜ DEĞİŞKEN FON,Değişken Şemsiye Fonu,4,"0,00","0,00","0,00","0,00","0,00","0,00","0,00"
GPZ,GARANTİ PORTFÖY ÜÇÜNCÜ PARA PİYASASI FONU,Para Piyasası Şemsiye Fonu,1,"3,4693","10,3687","20,7092","27,222","47,2363","28,8388","93,253"
GRL,QNB PORTFÖY AGRESİF SERBEST FON,Serbest Şemsiye Fonu,5,"6,4867","6,3803","9,1288","22,0279","37,9206","",""
GRO,GARANTİ PORTFÖY OTUZUNCU SERBEST (DÖVİZ) FON,Serbest Şemsiye Fonu,"","1,9649","6,1481","11,4324","14,1794","21,5205","98,6144",""
GRT,GARANTİ PORTFÖY TEKNOLOJİ ŞİRKETLERİ HİSSE SENEDİ (TL) FONU (HİSSE SENEDİ YOĞUN FON),Hisse Senedi Şemsiye Fonu,6,"4,5128","0,6241","24,4923","44,6544","40,744","",""
GSP,AZİMUT PYŞ KAR PAYI ÖDEYEN HİSSE SENEDİ FONU (HİSSE SENEDİ YOĞUN FON),Hisse Senedi Şemsiye Fonu,6,"1,0602","4,4211","12,5546","41,2947","47,04","186,2793","1201,004"
GTA,GARANTİ PORTFÖY ALTIN FONU,Kıymetli Madenler Şemsiye Fonu,6,"12,9422","4,4365","-6,2308","11,2209","51,5843","263,1855","1121,7968"
GTF,AZİMUT PYŞ BİRİNCİ BORÇLANMA ARAÇLARI FONU,Borçlanma Araçları Şemsiye Fonu,3,"3,3143","8,4498","12,8988","17,1713","36,4988","176,537","349,0455"
GTH,GARANTİ PORTFÖY İHRACATÇI ŞİRKETLER HİSSE SENEDİ (TL) FONU (HİSSE SENEDİ YOĞUN FON),Hisse Senedi Şemsiye Fonu,6,"2,8337","16,5102","23,2793","43,7215","36,626","",""
GTM,GARANTİ PORTFÖY TEMETTÜ ÖDEYEN ŞİRKETLER HİSSE SENEDİ (TL) FONU (HİSSE SENEDİ YOĞUN FON),Hisse Senedi Şemsiye Fonu,6,"2,1507","1,7049","5,8415","30,7849","37,6206","166,323",""
GTY,GARANTİ PORTFÖY TREND SERBEST FON,Serbest Şemsiye Fonu,6,"0,00","0,00","0,00","0,00","0,00","0,00","0,00"
GTZ,GARANTİ PORTFÖY GÜMÜŞ FON SEPETİ FONU,Fon Sepeti Şemsiye Fonu,7,"0,00","0,00","0,00","0,00","0,00","0,00","0,00"
GUB,GARANTİ PORTFÖY ÖZEL SEKTÖR BORÇLANMA ARAÇLARI FONU,Borçlanma Araçları Şemsiye Fonu,1,"3,3055","10,1146","20,5454","27,0893","46,3071","",""
GUF,İŞ PORTFÖY GÜMÜŞ FON SEPETİ FONU,Fon Sepeti Şemsiye Fonu,7,"18,0955","","","","","",""
GUH,GARANTİ PORTFÖY YABANCI TEKNOLOJİ HİSSE SENEDİ FONU,Hisse Senedi Şemsiye Fonu,6,"0,00","0,00","0,00","0,00","0,00","0,00","0,00"
GUK,GARANTİ PORTFÖY GÜMÜŞ KATILIM SERBEST FON,Serbest Şemsiye Fonu,7,"0,00","0,00","0,00","0,00","","",""
GUM,AK PORTFÖY GÜMÜŞ FON SEPETI FONU,Fon Sepeti Şemsiye Fonu,7,"0,00","0,00","0,00","0,00","0,00","0,00","0,00"
GUV,GARANTİ PORTFÖY UZUN VADELİ BORÇLANMA ARAÇLARI FONU,Borçlanma Araçları Şemsiye Fonu,5,"4,238","10,866","5,2611","7,29","25,4553","",""
GVA,GARANTİ PORTFÖY ELEKTRİKLİ VE OTONOM ARAÇLAR DEĞİŞKEN FON,Değişken Şemsiye Fonu,6,"0,00","0,00","0,00","0,00","0,00","0,00",""
GVI,GARANTİ PORTFÖY ÜÇÜNCÜ FON SEPETİ FONU,Fon Sepeti Şemsiye Fonu,5,"0,00","0,00","0,00","0,00","0,00","0,00",""
GYK,INVEO PORTFÖY BORÇLANMA ARAÇLARI (TL) FONU,Borçlanma Araçları Şemsiye Fonu,1,"3,2965","10,2629","18,3407","24,5682","44,2414","220,1755","424,0979"
GZE,GARANTİ PORTFÖY EMTİA SERBEST FON,Serbest Şemsiye Fonu,6,"0,00","0,00","0,00","0,00","0,00","0,00","0,00"
GZG,GARANTİ PORTFÖY SAĞLIK VE GENETİK TEKNOLOJİLERİ DEĞİŞKEN FON,Değişken Şemsiye Fonu,6,"0,00","0,00","0,00","0,00","0,00","0,00",""
GZH,GARANTİ PORTFÖY TEMİZ ENERJİ DEĞİŞKEN FON,Değişken Şemsiye Fonu,5,"0,00","0,00","0,00","0,00","0,00","0,00","0,00"
GZJ,GARANTİ PORTFÖY İKİNCİ FON SEPETİ FONU,Fon Sepeti Şemsiye Fonu,4,"0,00","0,00","0,00","0,00","0,00","0,00","0,00"
GZL,GARANTİ PORTFÖY TARIM VE GIDA SEKTÖRÜ DEĞİŞKEN FON,Değişken Şemsiye Fonu,5,"0,00","0,00","0,00","0,00","0,00","0,00",""
GZM,GLOBAL MD PORTFÖY DURU SERBEST FON,Serbest Şemsiye Fonu,7,"4,9728","16,3807","47,3312","61,2735","31,2368","56,2263","706,929"
GZN,GLOBAL MD PORTFÖY BOĞAZİÇİ SERBEST FON,Serbest Şemsiye Fonu,7,"1,1131","13,6858","34,3192","44,6995","63,0173","226,4393","2961,8844"
GZP,GARANTİ PORTFÖY BİRİNCİ FON SEPETİ FONU,Fon Sepeti Şemsiye Fonu,3,"0,00","0,00","0,00","0,00","0,00","0,00","0,00"
GZR,GARANTİ PORTFÖY SÜRDÜRÜLEBİLİRLİK HİSSE SENEDİ (TL) FONU (HİSSE SENEDİ YOĞUN FON),Hisse Senedi Şemsiye Fonu,6,"-0,2966","1,2253","2,5358","24,7017","22,5005","116,8763","1062,2822"
GZV,GARANTİ PORTFÖY ESG SÜRDÜRÜLEBİLİRLİK FON SEPETİ FONU,Fon Sepeti Şemsiye Fonu,5,"0,00","0,00","0,00","0,00","0,00","0,00","0,00"
GZY,GARANTİ PORTFÖY TURİZM VE SEYAHAT SEKTÖRÜ DEĞİŞKEN FON,Değişken Şemsiye Fonu,6,"0,00","0,00","0,00","0,00","0,00","0,00",""
GZZ,GARANTİ PORTFÖY FİNANSAL TEKNOLOJİLER DEĞİŞKEN FON,Değişken Şemsiye Fonu,5,"0,00","0,00","0,00","0,00","0,00","0,00",""
HAI,AHLATCI PORTFÖY ALTIN FONU,Kıymetli Madenler Şemsiye Fonu,6,"11,9928","","","","","",""
HAM,HEDEF PORTFÖY ALTIN KATILIM FONU,Katılım Şemsiye Fonu,6,"12,8818","3,9606","-5,1861","12,9666","62,5345","",""
HAR,BV PORTFÖY HARMONY SERBEST FON,Serbest Şemsiye Fonu,7,"5,2948","1,6595","9,1304","21,4746","","",""
HAT,HEDEF PORTFÖY ATLAS İSTATİSTİKSEL ARBİTRAJ HİSSE SENEDİ SERBEST FON (HİSSE SENEDİ YOĞUN FON),Serbest Şemsiye Fonu,2,"0,7013","3,3718","8,6018","12,5221","26,1102","",""
HBF,HSBC PORTFÖY ALTIN FONU,Kıymetli Madenler Şemsiye Fonu,"","12,7339","4,7648","-6,0637","11,8482","56,1679","301,2908","1194,1705"
HBN,HSBC PORTFÖY BİRİNCİ FON SEPETİ FONU,Fon Sepeti Şemsiye Fonu,"","0,00","0,00","0,00","0,00","0,00","0,00",""
HBU,HSBC PORTFÖY BİST 30 ENDEKSİ HİSSE SENEDİ FONU (HİSSE SENEDİ YOĞUN FON),Hisse Senedi Şemsiye Fonu,"","2,7038","3,4364","7,9095","36,905","36,7183","120,2367","1072,357"
HCV,HEDEF PORTFÖY ATAK ÇOKLU VARLIK KATILIM FONU,Katılım Şemsiye Fonu,5,"17,9325","-4,955","","","","",""
HDA,HEDEF PORTFÖY DÖRDÜNCÜ İSTATİSTİKSEL ARBİTRAJ HİSSE SENEDİ SERBEST (TL) FON (HİSSE SENEDİ YOĞUN FON),Serbest Şemsiye Fonu,2,"2,3891","8,3287","16,6625","21,3756","37,3263","",""
HDD,AHLATCI PORTFÖY BİRİNCİ DEĞİŞKEN FON,Değişken Şemsiye Fonu,5,"6,4244","","","","","",""
HDK,HEDEF PORTFÖY VEGA İSTATİSTİKSEL ARBİTRAJ HİSSE SENEDİ SERBEST FON (HİSSE SENEDİ YOĞUN FON),Serbest Şemsiye Fonu,2,"2,2144","5,7639","11,6919","16,4736","28,0249","186,282",""
HEH,HEDEF PORTFÖY ALGO EVEREST İSTATİSTİKSEL ARBİTRAJ HİSSE SENEDİ SERBEST FON (HİSSE SENEDİ YOĞUN FON),Serbest Şemsiye Fonu,3,"2,5046","9,9384","19,087","23,9102","40,2024","270,5281",""
HFI,HEDEF PORTFÖY İKİNCİ KATILIM HİSSE SENEDİ SERBEST FON (HİSSE SENEDİ YOĞUN FON),Serbest Şemsiye Fonu,6,"3,8837","8,1413","25,0714","44,0611","34,3637","",""
HFO,AHLATCI PORTFÖY KATILIM HİSSE SENEDİ (TL) FONU (HİSSE SENEDİ YOĞUN FON),Hisse Senedi Şemsiye Fonu,7,"3,3383","","","","","",""
HFR,A1 CAPİTAL PORTFÖY HİSSE SENEDİ (TL) FONU (HİSSE SENEDİ YOĞUN FON),Hisse Senedi Şemsiye Fonu,6,"0,3246","-3,0178","0,183","21,4996","","",""
HGM,HEDEF PORTFÖY İKİNCİ HİSSE SENEDİ (TL) FONU (HİSSE SENEDİ YOĞUN FON),Hisse Senedi Şemsiye Fonu,6,"6,7264","3,212","16,2016","47,9664","43,1578","190,4271",""
HGR,HEDEF PORTFÖY ALGORİTMİK STRATEJİLER SERBEST FON,Serbest Şemsiye Fonu,5,"4,1572","11,9932","17,7789","31,2329","","",""
HGV,HEDEF PORTFÖY BİRİNCİ SERBEST FON,Serbest Şemsiye Fonu,7,"-1,2588","-6,785","-3,3481","9,3604","-4,6341","152,6102",""
HIA,HEDEF PORTFÖY İSTATİSTİKSEL ARBİTRAJ SERBEST FON,Serbest Şemsiye Fonu,3,"2,8281","9,509","20,0253","26,2133","47,5156","",""
HIF,HEDEF PORTFÖY İKİNCİ SERBEST FON,Serbest Şemsiye Fonu,6,"2,9873","-9,2827","-34,4016","-34,0139","","",""
HIH,GARANTİ  PORTFÖY HOLDİNGLER VE İŞTİRAKLERİ HİSSE SENEDİ (TL) FONU (HİSSE SENEDİ YOĞUN FON),Hisse Senedi Şemsiye Fonu,6,"-0,9027","0,5311","-1,6552","15,518","14,3937","",""
HIM,HEDEF PORTFÖY BİRİNCİ İSTATİSTİKSEL ARBİTRAJ HİSSE SENEDİ SERBEST FON (HİSSE SENEDİ YOĞUN FON),Serbest Şemsiye Fonu,2,"2,4496","8,8167","18,1506","22,996","39,0036","261,0016",""
HIZ,AZİMUT PORTFÖY DİNAMİK DEĞİŞKEN FON,Değişken Şemsiye Fonu,5,"1,0652","4,0111","21,1993","34,9781","56,4579","",""
HJB,HEDEF PORTFÖY BİRİNCİ DEĞİŞKEN FON,Değişken Şemsiye Fonu,6,"9,1567","5,5327","10,3597","33,9651","46,0119","211,4853",""
HKG,ZİRAAT PORTFÖY HALK'IN ÜRETEN KADINLARI DEĞİŞKEN FON,Değişken Şemsiye Fonu,6,"6,5275","10,0778","7,0598","25,2573","32,5279","",""
HKH,HEDEF PORTFÖY KATILIM HİSSE SENEDİ (TL) FONU (HİSSE SENEDİ YOĞUN FON),Hisse Senedi Şemsiye Fonu,6,"-0,1443","-0,6442","-0,5835","9,913","9,2312","101,5888",""
HKJ,HEDEF PORTFÖY PARA PİYASASI SERBEST FON,Serbest Şemsiye Fonu,1,"3,8562","11,578","23,6307","31,7041","","",""
HKM,HEDEF PORTFÖY BAŞAK HİSSE SENEDİ SERBEST (TL) FON (HİSSE SENEDİ YOĞUN FON),Serbest Şemsiye Fonu,7,"-4,5036","-15,384","5,0001","-5,9465","5,6515","68,3381",""
HKR,HSBC PORTFÖY KIRMIZI HİSSE SENEDİ SERBEST (TL) FON (HİSSE SENEDİ YOĞUN FON),Serbest Şemsiye Fonu,"","2,3914","0,629","1,2595","24,9369","17,5675","100,0617",""
HMC,HEDEF PORTFÖY EKİNOKS SERBEST (TL) FON,Serbest Şemsiye Fonu,5,"3,8575","5,6203","8,4407","10,3067","15,0142","94,3777",""
HMG,HSBC PYŞ MUTLAK GETİRİ HEDEFLİ HİSSE SENEDİ SERBEST (TL) FON(HİSSE SENEDİ YOĞUN FON),Serbest Şemsiye Fonu,"","3,1596","9,2981","14,9001","17,5287","28,2607","188,9896","501,8354"
HML,HEDEF PORTFÖY KATILIM SERBEST (DÖVİZ) FON,Serbest Şemsiye Fonu,"","0,9527","2,792","5,6117","7,8873","14,457","",""
HMS,HSBC PORTFÖY SÜRDÜRÜLEBİLİRLİK HİSSE SENEDİ (TL) FONU (HİSSE SENEDİ YOĞUN FON),Hisse Senedi Şemsiye Fonu,"","-1,6487","-4,9658","-7,4154","13,453","11,1593","107,8956",""
HOA,HSBC PORTFÖY TEKNOLOJİ DEĞİŞKEN FON,Değişken Şemsiye Fonu,"","4,9133","5,0321","23,5217","28,113","47,4358","274,732","799,7549"
HOY,HSBC PORTFÖY YABANCI BYF FON SEPETI,Fon Sepeti Şemsiye Fonu,"","3,3109","8,1245","15,1497","22,4663","35,6373","154,6061","642,9179"
HP3,HEDEF PORTFÖY LİDYA SERBEST (DÖVİZ) FON,Serbest Şemsiye Fonu,"","2,1079","6,6113","12,4267","14,4622","19,7917","111,8206",""
HPD,HSBC PORTFÖY İKİNCİ DEĞİŞKEN FON,Değişken Şemsiye Fonu,"","4,1317","2,9611","3,6579","16,3267","14,9268","118,6562","522,0572"
HPH,HEDEF PORTFÖY PARA PİYASASI KATILIM FONU,Katılım Şemsiye Fonu,1,"2,7253","9,6923","20,226","26,5531","45,7254","",""
HPO,HSBC PORTFÖY ÇOKLU VARLIK BİRİNCİ DEĞİŞKEN FON,Değişken Şemsiye Fonu,"","3,8832","9,2233","17,2043","24,6365","41,2299","203,3088","462,1985"
HPT,HSBC PORTFÖY KISA VADELİ BORÇLANMA ARAÇLARI (TL) FONU,Borçlanma Araçları Şemsiye Fonu,"","3,2944","9,7072","18,7054","24,7961","43,7112","220,973","347,8462"
HRZ,AKTİF PORTFÖY BIST HALKA ARZ ŞİRKETLERİ HİSSE SENEDİ (TL) FONU (HİSSE SENEDİ YOĞUN FON),Hisse Senedi Şemsiye Fonu,6,"-2,3392","3,1415","21,5626","54,7049","60,8434","",""
HSA,HSBC PORTFÖY DEĞİŞKEN (TL) FON,Değişken Şemsiye Fonu,"","2,6232","4,6415","8,4859","22,4875","23,4401","130,6449","953,4222"
HSL,HSBC PORTFÖY PARA PİYASASI (TL) FONU,Para Piyasası Şemsiye Fonu,"","3,3326","10,2494","20,6962","27,0936","46,5551","252,1954","384,5557"
HST,HSBC PORTFÖY  BORÇLANMA ARAÇLARI (TL) FONU,Borçlanma Araçları Şemsiye Fonu,"","3,5695","10,0676","9,494","13,2012","29,8517","122,2731","276,5865"
HTF,HSBC PORTFÖY PARA PİYASASI SERBEST (TL) FON,Serbest Şemsiye Fonu,"","3,3393","10,2914","20,8454","27,1793","","",""
HTJ,HEDEF PORTFÖY TEKNOLOJİ DEĞİŞKEN FON,Değişken Şemsiye Fonu,4,"7,0489","5,7495","29,1638","29,4094","44,6428","",""
HTK,QNB PORTFÖY HAVACILIK VE SAVUNMA TEKNOLOJİLERİ FON SEPETİ FONU,Fon Sepeti Şemsiye Fonu,6,"8,0354","","","","","",""
HTS,HSBC PORTFÖY ALTINCI SERBEST (DÖVİZ) FON,Serbest Şemsiye Fonu,"","3,8327","6,5743","22,6302","24,4244","39,7304","",""
HVI,DENİZ PORTFÖY HOLDİNGLER VE İŞTİRAKLERİ HİSSE SENEDİ (TL) FONU (HİSSE SENEDİ YOĞUN FON),Hisse Senedi Şemsiye Fonu,6,"-0,4615","3,2275","3,2976","21,8808","","",""
HVK,HEDEF PORTFÖY BİRİNCİ BORÇLANMA ARAÇLARI (TL) FONU,Borçlanma Araçları Şemsiye Fonu,2,"-4,7393","2,1413","12,1793","18,5762","37,7165","243,7431",""
HVS,HSBC PORTFÖY HİSSE SENEDİ (TL) FONU (HİSSE SENEDİ YOĞUN FON),Hisse Senedi Şemsiye Fonu,"","1,4695","2,3955","3,7487","30,1756","26,7016","130,8031","1583,4093"
HVT,ALLBATROSS PORTFÖY BİRİNCİ PARA PİYASASI (TL) FONU,Para Piyasası Şemsiye Fonu,2,"3,6198","10,8843","22,4122","30,2408","52,2599","273,7188",""
HVU,ALLBATROSS PORTFÖY BİRİNCİ DEĞİŞKEN FON,Değişken Şemsiye Fonu,3,"-0,6609","5,0228","12,5129","18,0898","27,1256","162,1636",""
HVZ,ALLBATROSS PORTFÖY BİRİNCİ HİSSE SENEDİ (TL) FONU (HİSSE SENEDİ YOĞUN FON),Hisse Senedi Şemsiye Fonu,6,"-4,5557","-3,1252","-5,996","10,1103","10,1016","95,9195",""
HYP,AZİMUT PORTFÖY İVME SERBEST FON,Serbest Şemsiye Fonu,6,"3,427","11,7857","29,1128","30,4252","50,222","182,9453","759,0551"
HYU,HSBC PORTFÖY KISA VADELİ SERBEST (TL) FON,Serbest Şemsiye Fonu,"","3,2517","10,0717","20,0519","26,381","45,8684","",""
HYV,HEDEF PORTFÖY PARA PİYASASI (TL) FONU,Para Piyasası Şemsiye Fonu,1,"3,3848","10,2268","20,6087","27,0999","47,8057","265,3468","474,5356"
IAE,İSTANBUL PORTFÖY AGRESİF DEĞİŞKEN FON,Değişken Şemsiye Fonu,5,"4,6335","9,565","17,8516","53,8576","47,3397","",""
IAM,İŞ PORTFÖY AGRESİF FON SEPETİ FONU,Fon Sepeti Şemsiye Fonu,5,"4,425","5,366","6,7564","18,5014","36,1081","",""
IAR,İSTANBUL PORTFÖY DÖRDÜNCÜ SERBEST FON,Serbest Şemsiye Fonu,6,"-0,4983","-0,0536","6,8874","9,0816","11,9995","113,5066","1399,3389"
IAT,İŞ PORTFÖY KİRA SERTİFİKALARI KATILIM (TL) FONU,Katılım Şemsiye Fonu,1,"2,9159","8,4468","17,116","22,8069","40,806","192,4972","357,4558"
IAU,PARDUS PORTFÖY İKİNCİ İSTATİSTİKSEL ARBİTRAJ HİSSE SENEDİ SERBEST (TL) FON (HİSSE SENEDİ YOĞUN FON),Serbest Şemsiye Fonu,3,"2,9496","8,6014","17,849","22,627","39,068","197,6375",""
IAY,INVEO PORTFÖY ALTIN KATILIM FONU,Katılım Şemsiye Fonu,6,"12,6567","3,7263","-7,0048","9,6711","50,4293","",""
IBB,İŞ PORTFÖY ATAK DEĞİŞKEN FON,Değişken Şemsiye Fonu,5,"1,5982","10,4764","12,3251","15,79","37,3089","158,2223","762,9831"
ICA,TEB PORTFÖY ICBC TURKEY ALTIN FONU,Kıymetli Madenler Şemsiye Fonu,6,"12,808","4,4469","-7,4125","9,828","50,077","279,4009","1127,0315"
ICC,TEB PORTFÖY BEŞİNCİ DEĞİŞKEN FON,Değişken Şemsiye Fonu,4,"1,7028","4,5428","9,6272","22,0901","30,5631","190,8094","837,5809"
ICD,TEB PORTFÖY DÖRDÜNCÜ DEĞİŞKEN FON,Değişken Şemsiye Fonu,2,"3,6598","8,6153","15,3524","20,5191","38,4607","215,4285","513,3264"
ICE,TEB PORTFÖY ICBC TURKEY PARA PİYASASI (TL) FONU,Para Piyasası Şemsiye Fonu,1,"3,35","10,0775","20,2993","26,7412","46,2306","247,5952","409,1888"
ICF,TEB PORTFÖY BİRİNCİ HİSSE SENEDİ FONU (HİSSE SENEDİ YOĞUN FON),Hisse Senedi Şemsiye Fonu,6,"0,2263","2,0763","5,4495","25,5475","22,5812","128,7821","1441,0675"
ICH,PARDUS PORTFÖY İKİNCİ DEĞİŞKEN FON,Değişken Şemsiye Fonu,4,"9,114","20,1293","38,0366","60,3675","78,2123","",""
ICS,TEB PORTFÖY SERBEST (DÖVİZ) FON,Serbest Şemsiye Fonu,"","2,1083","3,852","4,9792","11,0403","13,2415","70,6943","424,8887"
ICV,TEB PORTFÖY ONDOKUZUNCU SERBEST FON,Serbest Şemsiye Fonu,2,"2,8225","6,2235","10,7779","18,2367","31,7741","208,7829","447,2329"
ICZ,AK PORTFÖY TEKNOLOJİ ŞİRKETLERİ HİSSE SENEDİ (TL) FONU (HİSSE SENEDİ YOĞUN FON),Hisse Senedi Şemsiye Fonu,7,"10,1473","15,0546","41,4362","62,7585","65,4882","283,3809","931,3472"
IDD,LOGOS PORTFÖY DİNAMİK DAĞIMLI SERBEST FON,Serbest Şemsiye Fonu,4,"-1,1501","3,5252","2,6144","12,9297","25,9787","111,9262","355,4549"
IDF,İŞ PORTFÖY SERBEST (DÖVİZ) FON,Serbest Şemsiye Fonu,"","2,1283","6,6192","10,9431","14,5262","24,1663","123,3871","661,2627"
IDH,İŞ PORTFÖY BIST 100 DIŞI ŞİRKETLER HİSSE SENEDİ (TL) FONU (HİSSE SENEDİ YOĞUN FON),Hisse Senedi Şemsiye Fonu,6,"1,0892","2,3368","9,9564","21,526","27,8298","154,1484","1228,5148"
IDI,AZİMUT PORTFÖY İNŞAAT SEKTÖRÜ HİSSE SENEDİ FONU (HİSSE SENEDİ YOĞUN FON),Hisse Senedi Şemsiye Fonu,6,"5,9889","8,9963","24,691","45,1256","48,7886","",""
IDL,AKTİF PORTFÖY PARA PİYASASI (TL) FONU,Para Piyasası Şemsiye Fonu,1,"3,4503","10,3945","20,8161","27,3176","46,6215","254,7352","435,1924"
IDO,İŞ PORTFÖY ONDOKUZUNCU SERBEST (DÖVİZ-AVRO) FON,Serbest Şemsiye Fonu,"","4,1838","6,7522","10,2124","12,9626","20,4353","",""
IDY,TEB PORTFÖY İKİNCİ DEĞİŞKEN FON,Değişken Şemsiye Fonu,4,"3,2331","8,5135","16,0367","29,6144","51,963","239,1025","604,7735"
IED,İŞ PORTFÖY AGRESİF DEĞİŞKEN FON,Değişken Şemsiye Fonu,6,"3,2469","4,3874","","","","",""
IEN,İSTANBUL PORTFÖY İNŞAAT SEKTÖRÜ HİSSE SENEDİ SERBEST (TL) FON (HİSSE SENEDİ YOĞUN FON),Serbest Şemsiye Fonu,6,"-4,5777","-4,0646","-0,2446","20,1869","","",""
IEV,İŞ PORTFÖY HAVACILIK VE SAVUNMA TEKNOLOJİLERİ DEĞİŞKEN FON,Değişken Şemsiye Fonu,6,"6,9152","13,3594","16,5135","28,5088","35,1713","148,4157",""
IFN,TEB PORTFÖY SÜRDÜRÜLEBİLİRLİK HİSSE SENEDİ FONU (HİSSE SENEDİ YOĞUN FON),Hisse Senedi Şemsiye Fonu,6,"-3,0941","-2,2413","-2,2499","17,528","12,455","109,1055",""
IFV,TEB PORTFÖY BİRİNCİ KISA VADELİ BORÇLANMA ARAÇLARI (TL) FONU,Borçlanma Araçları Şemsiye Fonu,2,"3,5347","10,2175","19,8027","26,6769","46,6133","234,1057",""
IGZ,İŞ PORTFÖY İKİNCİ HİSSE SENEDİ SERBEST FON (HİSSE SENEDİ YOĞUN FON),Serbest Şemsiye Fonu,"","3,0602","8,2248","14,0341","18,6348","33,7935","129,7853",""
IH1,İNCİR PORTFÖY BİRİNCİ HİSSE SENEDİ FONU (HİSSE SENEDİ YOĞUN FON),Hisse Senedi Şemsiye Fonu,6,"2,6259","","","","","",""
IHA,ALLBATROSS PORTFÖY İKİNCİ HİSSE SENEDİ (TL) FONU (HİSSE SENEDİ YOĞUN FON),Hisse Senedi Şemsiye Fonu,6,"-2,4486","-1,6527","-3,9335","20,0704","22,0716","127,1471",""
IHC,INVEO PORTFÖY INTER SERBEST FON,Serbest Şemsiye Fonu,6,"5,986","29,3715","28,3704","45,0769","56,7961","214,3493",""
IHK,İŞ PORTFÖY İŞ'TE KADIN HİSSE SENEDİ (TL) FONU (HİSSE SENEDİ YOĞUN FON),Hisse Senedi Şemsiye Fonu,6,"-0,1409","-1,2768","-4,9386","14,4654","14,0749","143,5381","1566,9843"
IHP,İSTANBUL PORTFÖY İKİNCİ HİSSE SENEDİ SERBEST (TL) FON (HİSSE SENEDİ YOĞUN FON),Serbest Şemsiye Fonu,6,"8,487","8,281","7,1213","31,6397","25,3098","",""
IHT,İŞ PORTFÖY İHRACATÇI ŞİRKETLER HİSSE SENEDİ (TL) FONU (HİSSE SENEDİ YOĞUN FON),Hisse Senedi Şemsiye Fonu,6,"-0,0822","2,4796","4,8564","20,9207","15,1203","70,6309",""
IHV,INVEO PORTFÖY BEŞİNCİ HİSSE SENEDİ SERBEST FON (HİSSE SENEDİ YOĞUN FON),Serbest Şemsiye Fonu,7,"-1,2939","-5,029","-3,4816","6,8671","-2,094","",""
IHZ,ALLBATROSS PORTFÖY İKİNCİ HİSSE SENEDİ SERBEST FON (HİSSE SENEDİ YOĞUN FON),Serbest Şemsiye Fonu,6,"2,6367","-13,4671","-26,3499","-21,9322","-18,5937","",""
IIE,BULLS PORTFÖY İKİNCİ SERBEST FON,Serbest Şemsiye Fonu,7,"-15,0084","-12,4746","-9,774","-7,8006","-32,5231","206,3029",""
IIH,İSTANBUL PORTFÖY ÜÇÜNCÜ HİSSE SENEDİ FONU (HİSSE SENEDİ YOĞUN FON),Hisse Senedi Şemsiye Fonu,6,"1,3958","2,0942","0,4779","21,2527","23,2368","163,8316","1832,6787"
IIN,INVEO PORTFÖY PARA PİYASASI SERBEST (TL) FON,Serbest Şemsiye Fonu,2,"4,0051","11,2941","22,3535","29,2507","","",""
IJA,INVEO PORTFÖY ATAK DEĞİŞKEN FON,Değişken Şemsiye Fonu,5,"-0,0684","3,5146","6,8835","24,6789","41,1763","209,1139",""
IJB,İŞ PORTFÖY DİJİTAL OYUN SEKTÖRÜ KARMA FON,Karma Şemsiye Fonu,6,"8,6378","12,8618","17,2828","12,7231","13,9168","175,8259","598,5386"
IJC,İŞ PORTFÖY YARI İLETKEN TEKNOLOJİLERİ DEĞİŞKEN FON,Değişken Şemsiye Fonu,6,"1,486","-0,6895","46,795","65,1122","92,8417","274,6258","1457,4375"
IJH,TEB PORTFÖY ICBC TURKEY FON SEPETİ FONU,Fon Sepeti Şemsiye Fonu,3,"0,00","0,00","0,00","0,00","0,00","0,00","0,00"
IJI,İSTANBUL PORTFÖY HİSSE SENEDİ SERBEST (TL) FON (HİSSE SENEDİ YOĞUN FON ),Serbest Şemsiye Fonu,7,"5,1344","7,8287","37,9864","57,6275","103,6518","287,9953",""
IJP,İŞ PORTFÖY BLOCKCHAİN TEKNOLOJİLERİ KARMA FON,Karma Şemsiye Fonu,6,"4,2672","9,5604","27,7043","32,5247","51,1911","265,7071","832,1567"
IJT,İŞ PORTFÖY TARIM SERBEST FON,Serbest Şemsiye Fonu,6,"1,7112","6,9066","19,3694","29,1057","30,7205","90,1855","680,1498"
IJV,İSTANBUL PORTFÖY BİRİNCİ PARA PİYASASI (TL) FONU,Para Piyasası Şemsiye Fonu,1,"3,4671","10,3567","20,9643","27,4903","47,8028","262,6021","439,0129"
IJZ,İŞ PORTFÖY SİBER GÜVENLİK TEKNOLOJİLERİ DEĞİŞKEN FON,Değişken Şemsiye Fonu,6,"3,7736","17,7096","52,6457","54,0616","58,5118","285,508","1273,3412"
IKL,İŞ PORTFÖY SAĞLIK ŞİRKETLERİ KARMA FON,Karma Şemsiye Fonu,6,"6,7264","14,849","13,79","19,7411","39,7479","147,96","698,9599"
IKP,İŞ PORTFÖY YENİLENEBİLİR ENERJİ KARMA FON,Karma Şemsiye Fonu,6,"0,9065","2,5613","17,6182","34,0859","56,1041","211,816","734,9401"
IKV,İŞ PORTFÖY İKİNCİ KISA VADELİ BORÇLANMA ARAÇLARI (TL) FONU,Borçlanma Araçları Şemsiye Fonu,1,"3,2872","9,847","18,9249","25,4093","44,516","",""
ILU,İSTANBUL PORTFÖY ONALTINCI SERBEST FON,Serbest Şemsiye Fonu,6,"-2,2991","11,1965","-5,1994","10,8165","61,2447","",""
ILZ,İŞ PORTFÖY TEMKİNLİ FON SEPETİ FONU,Fon Sepeti Şemsiye Fonu,2,"2,9551","8,9451","10,5245","13,6865","38,341","218,5438","664,9172"
IMB,İSTANBUL PORTFÖY ALGORİTMİK MODEL HİSSE SENEDİ FONU (HİSSE SENEDİ YOĞUN FON),Hisse Senedi Şemsiye Fonu,5,"-1,7005","-1,3036","-1,2197","12,2781","14,6679","",""
IMF,İSTANBUL PORTFÖY MAESTRO SERBEST FON,Serbest Şemsiye Fonu,5,"3,3906","7,2517","12,4104","10,2602","27,6727","100,9233","326,5222"
IML,İŞ PORTFÖY MODEL PORTFÖY HİSSE SENEDİ (TL) FONU (HİSSE SENEDİ YOĞUN FON),Hisse Senedi Şemsiye Fonu,6,"0,1374","5,5768","-0,1398","22,4027","30,2783","",""
IOG,İŞ PORTFÖY GÜMÜŞ SERBEST FON,Serbest Şemsiye Fonu,7,"17,692","-6,1247","-10,6952","-1,012","94,6532","390,0655","1289,8055"
IOO,İŞ PORTFÖY İKİNCİ PARA PİYASASI (TL) FONU,Para Piyasası Şemsiye Fonu,2,"3,4224","10,145","20,35","26,7866","46,4841","255,8243",""
IPB,İSTANBUL PORTFÖY BİRİNCİ DEĞİŞKEN FON,Değişken Şemsiye Fonu,6,"4,1361","8,5931","20,1138","35,5967","37,2092","205,973","1788,0202"
IPG,İŞ PORTFÖY ATAK FON SEPETİ FONU,Fon Sepeti Şemsiye Fonu,5,"2,2762","7,6368","6,3719","13,8344","31,9122","160,5932","487,7682"
IPJ,İŞ PORTFÖY ELEKTRİKLİ ARAÇLAR KARMA FON,Karma Şemsiye Fonu,6,"3,6488","0,466","18,689","29,3786","54,4859","162,9163","626,4179"
IPV,İŞ PORTFÖY EUROBOND BORÇLANMA ARAÇLARI (DÖVİZ) FONU,Borçlanma Araçları Şemsiye Fonu,"","2,2761","6,5184","9,8481","13,892","24,1886","122,6255","645,5356"
IRB,İSTANBUL PORTFÖY İSTATİSTİKSEL ARBİTRAJ HİSSE SENEDİ SERBEST FON (HİSSE SENEDİ YOĞUN FON),Serbest Şemsiye Fonu,2,"3,3644","10,2635","24,8096","30,1675","","",""
IRF,İSTANBUL PORTFÖY BİRİNCİ FON SEPETİ FONU,Fon Sepeti Şemsiye Fonu,3,"0,00","0,00","0,00","0,00","0,00","0,00",""
IRO,İSTANBUL PORTFÖY ROBOTİK TEKNOLOJİLERİ SERBEST FON,Serbest Şemsiye Fonu,6,"-0,3257","11,3734","24,5338","24,3948","38,3679","",""
IRT,INVEO PORTFÖY TEKNOLOJİ DEĞİŞKEN FON,Değişken Şemsiye Fonu,6,"5,8314","8,70","35,332","45,8476","77,6943","303,1899",""
IRV,İSTANBUL PORTFÖY İSTATİSTİKSEL ARBİTRAJ SERBEST FON,Serbest Şemsiye Fonu,3,"3,9702","12,4371","17,2419","23,8534","39,7245","205,6141",""
IRY,INVEO PORTFÖY PARA PİYASASI (TL) FONU,Para Piyasası Şemsiye Fonu,1,"3,5248","10,7125","21,533","28,3576","49,0407","265,4858",""
IST,İSTANBUL PORTFÖY KISA VADELİ BORÇLANMA ARAÇLARI (TL) FONU,Borçlanma Araçları Şemsiye Fonu,1,"3,4725","10,4923","21,2064","27,9885","48,4896","256,016","444,9401"
ITC,INVEO PORTFÖY TEMETTÜ ÖDEYEN ŞİRKETLER HİSSE SENEDİ (TL) FONU (HİSSE SENEDİ YOĞUN FON),Hisse Senedi Şemsiye Fonu,6,"-1,1501","-3,365","-4,3601","","","",""
ITP,İŞ PORTFÖY TEKNOLOJİ KARMA FON,Karma Şemsiye Fonu,6,"3,4815","9,1853","29,9044","32,79","51,5389","275,4524","1005,8377"
IUF,İŞ PORTFÖY YEDİNCİ SERBEST (DÖVİZ-AVRO) FON,Serbest Şemsiye Fonu,"","4,4775","9,4691","9,7817","14,0624","24,303","132,4811",""
IUH,INVEO PORTFÖY DÖNÜŞTÜRÜCÜ TEKNOLOJİLER FON SEPETİ FONU,Fon Sepeti Şemsiye Fonu,5,"4,8774","9,8186","35,0594","42,3394","61,2355","237,6044",""
IUV,İŞ PORTFÖY BEŞİNCİ SERBEST (DÖVİZ)  FON,Serbest Şemsiye Fonu,"","2,3766","7,4211","9,9134","14,414","25,061","134,7429",""
IV8,INVEO PORTFÖY KİRA SERTİFİKALARI KATILIM FONU,Katılım Şemsiye Fonu,2,"2,943","8,7835","17,0364","23,2641","40,8373","",""
IVF,İSTANBUL PORTFÖY KATILIM HİSSE SENEDİ (TL) FONU (HİSSE SENEDİ YOĞUN FON),Hisse Senedi Şemsiye Fonu,6,"4,3789","4,621","20,6083","46,5309","47,4521","140,2911",""
IVY,İSTANBUL PORTFÖY BLOCKCHAIN TEKNOLOJİLERİ DEĞİŞKEN FON,Değişken Şemsiye Fonu,6,"2,0196","3,4509","33,6588","28,6988","42,1041","345,2734",""
IYB,AURA PORTFÖY DEĞİŞKEN FONU,Değişken Şemsiye Fonu,4,"-0,5035","1,98","11,936","24,5288","41,7589","201,422","618,3387"
IYV,İSTANBUL PORTFÖY AŞİYAN SERBEST FON,Serbest Şemsiye Fonu,6,"-0,8042","0,2087","-5,4163","7,7566","","",""
IZB,İSTANBUL PORTFÖY BİRİNCİ FON SEPETİ SERBEST FON,Serbest Şemsiye Fonu,5,"3,7915","16,5881","30,5141","40,2193","48,2146","185,9455",""
IZS,İSTANBUL PORTFÖY ALTINCI SERBEST FON,Serbest Şemsiye Fonu,7,"6,587","23,626","13,9423","9,8716","6,8694","124,4862","588,7872"
JET,ATA PORTFÖY HAVACILIK VE SAVUNMA TEKNOLOJİLERİ DEĞİŞKEN FON,Değişken Şemsiye Fonu,6,"11,0281","14,3042","8,3607","25,8359","36,7119","",""
JUP,AURA PORTFÖY JÜPİTER SERBEST (DÖVİZ) FON,Serbest Şemsiye Fonu,6,"1,7556","5,8351","8,9516","10,8364","10,2356","",""
KAV,KUVEYT TÜRK PORTFÖY ALTINCI KATILIM SERBEST (DÖVİZ-AVRO) FON,Serbest Şemsiye Fonu,"","0,00","0,00","0,00","0,00","0,00","0,00",""
KCL,KARE PORTFÖY ÇOKLU VARLIK KATILIM FONU,Katılım Şemsiye Fonu,6,"0,00","0,00","0,00","0,00","0,00","",""
KCR,AK PORTFÖY KÜLÇE ALTIN KATILIM FONU,Katılım Şemsiye Fonu,6,"12,1708","","","","","",""
KCV,KUVEYT TÜRK PORTFÖY ÇOKLU VARLIK KATILIM FONU,Katılım Şemsiye Fonu,2,"0,00","0,00","0,00","0,00","0,00","0,00",""
KDE,KUVEYT TÜRK PORTFÖY DENGELİ KATILIM FONU,Katılım Şemsiye Fonu,3,"0,00","0,00","0,00","0,00","0,00","",""
KDL,KUVEYT TÜRK PORTFÖY BEŞİNCİ KATILIM SERBEST (DÖVİZ) FON,Serbest Şemsiye Fonu,"","0,00","0,00","0,00","0,00","0,00","0,00",""
KDO,İŞ PORTFÖY KATILIM SERBEST (DÖVİZ-AVRO) FON,Serbest Şemsiye Fonu,"","3,8511","6,7106","10,2585","13,0504","","",""
KDT,GARANTİ PORTFÖY KATILIM SERBEST (DÖVİZ) FON,Serbest Şemsiye Fonu,"","2,1071","6,4379","11,2152","13,9252","23,3934","",""
KGM,KUVEYT TÜRK PORTFÖY GÜMÜŞ KATILIM FON SEPETİ FONU,Fon Sepeti Şemsiye Fonu,6,"0,00","0,00","0,00","0,00","0,00","",""
KH1,AK PORTFÖY KATILIM HİSSE SENEDİ FONU (HİSSE SENEDİ YOĞUN FON),Hisse Senedi Şemsiye Fonu,6,"3,8927","5,9528","15,8056","37,7109","","",""
KHA,PARDUS PORTFÖY İKİNCİ HİSSE SENEDİ (TL) FONU (HİSSE SENEDİ YOĞUN FON),Hisse Senedi Şemsiye Fonu,6,"12,9059","36,6289","57,407","92,2578","124,1712","",""
KHB,KARE PORTFÖY BIST 100 DIŞI ŞİRKETLER HİSSE SENEDİ FONU (HİSSE SENEDİ YOĞUN FON),Hisse Senedi Şemsiye Fonu,7,"0,00","0,00","0,00","0,00","0,00","",""
KHC,PARDUS PORTFÖY KATILIM HİSSE SENEDİ (TL) FONU (HİSSE SENEDİ YOĞUN FON),Hisse Senedi Şemsiye Fonu,6,"0,1446","-1,0572","11,8981","32,3846","34,0509","",""
KHJ,ATLAS PORTFÖY KATILIM HİSSE SENEDİ FONU (HİSSE SENEDİ YOĞUN FON),Hisse Senedi Şemsiye Fonu,6,"-0,2575","-2,241","6,9219","30,3823","24,582","",""
KHT,ALLBATROSS PORTFÖY KARTAL HİSSE SENEDİ SERBEST (TL) FON (HİSSE SENEDİ YOĞUN FON),Serbest Şemsiye Fonu,6,"5,9821","-2,3168","-6,349","21,6229","-22,9168","54,1273",""
KIA,TRIVE PORTFÖY MUTLAK GETİRİ HEDEFLİ DEĞİŞKEN FON,Değişken Şemsiye Fonu,5,"2,0475","0,3584","-0,1443","14,5083","26,2025","144,9644",""
KIB,TRIVE PORTFÖY ROBOTİK TEKNOLOJİLERİ DEĞİŞKEN FON,Değişken Şemsiye Fonu,6,"4,3923","6,2381","13,0433","19,4362","30,0327","168,3368",""
KIE,TRIVE PORTFÖY PARA PİYASASI (TL) FONU,Para Piyasası Şemsiye Fonu,1,"3,8739","11,251","21,9383","26,158","45,8279","256,6064",""
KIH,KARE PORTFÖY İSTATİSTİKSEL ARBİTRAJ SERBEST FON,Serbest Şemsiye Fonu,2,"0,00","0,00","0,00","0,00","0,00","",""
KIK,KUVEYT TÜRK PORTFÖY İKİNCİ KATILIM FONU,Katılım Şemsiye Fonu,6,"0,00","0,00","0,00","0,00","0,00","",""
KIS,ASTRA PORTFÖY KİRA SERTİFİKASI KATILIM (DÖVİZ) FONU,Katılım Şemsiye Fonu,6,"1,8045","4,4027","8,7252","11,0661","20,2815","105,6903","558,117"
KKC,KARE PORTFÖY KATILIM SERBEST (DÖVİZ-AVRO) FON,Serbest Şemsiye Fonu,4,"0,00","0,00","0,00","0,00","0,00","",""
KKH,İŞ PORTFÖY DENGELİ FON SEPETİ FONU,Fon Sepeti Şemsiye Fonu,4,"2,3348","7,1774","9,2256","12,1937","37,5274","177,227","490,8879"
KKL,ALLBATROSS PORTFÖY KISA VADELİ KATILIM SERBEST (TL) FON,Serbest Şemsiye Fonu,2,"3,7411","11,6932","24,1283","32,3953","54,7623","",""
KLH,ATLAS PORTFÖY KATILIM HİSSE SENEDİ SERBEST FON (HİSSE SENEDİ YOĞUN FON),Serbest Şemsiye Fonu,7,"-6,2065","-15,3046","14,0956","28,7707","28,6642","",""
KLI,AK PORTFÖY PARA PİYASASI KATILIM SERBEST FON,Serbest Şemsiye Fonu,1,"3,3698","10,3771","20,9471","27,333","","",""
KLS,ALLBATROSS PORTFÖY KATILIM SERBEST (DÖVİZ) FON,Serbest Şemsiye Fonu,6,"0,8594","1,2385","0,1591","-0,7633","2,7132","",""
KLU,KUVEYT TÜRK PORTFÖY PARA PİYASASI KATILIM (TL) FONU,Katılım Şemsiye Fonu,1,"0,00","0,00","0,00","0,00","0,00","0,00","0,00"
KME,KUVEYT TÜRK PORTFÖY TEMKİNLİ KATILIM FONU,Katılım Şemsiye Fonu,2,"0,00","0,00","0,00","0,00","0,00","",""
KMF,AZİMUT PORTFÖY ALTIN KATILIM FONU,Katılım Şemsiye Fonu,6,"11,8223","4,4341","-4,0718","14,4417","55,3752","",""
KMN,YAPI KREDİ PORTFÖY KIYMETLİ MADENLER KATILIM FONU,Kıymetli Madenler Şemsiye Fonu,6,"15,1129","-1,4922","-8,1098","","","",""
KNI,AZİMUT PORTFÖY İKİNCİ PARA PİYASASI SERBEST (TL) FON,Serbest Şemsiye Fonu,2,"3,188","9,8003","19,7776","25,8576","","",""
KNJ,KUVEYT TÜRK PORTFÖY ENERJİ KATILIM FONU,Katılım Şemsiye Fonu,5,"0,00","0,00","0,00","0,00","0,00","",""
KOD,YAPI KREDİ PORTFÖY KÜÇÜK ÖLÇEKLİ ŞİRKETLER DEĞİŞKEN FON,Değişken Şemsiye Fonu,5,"3,6598","4,9089","","","","",""
KOT,AZİMUT PORTFÖY KOÇ TOPLULUĞU ŞİRKETLERİ HİSSE SENEDİ FONU (HİSSE SENEDİ YOĞUN FON),Hisse Senedi Şemsiye Fonu,6,"6,1574","13,0473","5,9761","26,0323","23,9643","",""
KP3,KARE PORTFÖY ÜÇÜNCÜ SERBEST (DÖVİZ) FON,Serbest Şemsiye Fonu,6,"0,00","0,00","0,00","0,00","0,00","",""
KPA,KUVEYT TÜRK PORTFÖY KAR PAYI ÖDEYEN KATILIM HİSSE SENEDİ FONU (HİSSE SENEDİ YOĞUN FON),Hisse Senedi Şemsiye Fonu,6,"0,00","0,00","0,00","0,00","0,00","",""
KPC,KUVEYT TÜRK PORTFÖY KATILIM HİSSE SENEDİ (TL) FONU (HİSSE SENEDİ YOĞUN FON),Hisse Senedi Şemsiye Fonu,6,"0,00","0,00","0,00","0,00","0,00","0,00","0,00"
KPD,KUVEYT TÜRK PORTFÖY KAR PAYI ÖDEYEN KATILIM SERBEST (DÖVİZ) FON,Serbest Şemsiye Fonu,"","0,00","0,00","0,00","0,00","0,00","",""
KPF,NEO PORTFÖY MUTLAK GETİRİ HEDEFLİ HİSSE SENEDİ SERBEST FON (HİSSE SENEDİ YOĞUN FON),Serbest Şemsiye Fonu,5,"2,5536","11,0794","22,227","26,3015","52,7195","",""
KPH,İŞ PORTFÖY KAR PAYI ÖDEYEN HİSSE SENEDİ (TL) FONU (HİSSE SENEDİ YOĞUN FON),Hisse Senedi Şemsiye Fonu,6,"-1,0078","-4,7713","-4,0068","12,4916","16,5766","",""
KPI,İŞ PORTFÖY PARA PİYASASI KATILIM (TL) FONU,Katılım Şemsiye Fonu,1,"3,3009","10,1892","20,4653","26,6934","45,5762","",""
KPP,KARE PORTFÖY PARA PİYASASI FONU,Para Piyasası Şemsiye Fonu,1,"0,00","0,00","0,00","0,00","0,00","",""
KPU,KUVEYT TÜRK PORTFÖY İKİNCİ KATILIM HİSSE SENEDİ (TL) FONU (HİSSE SENEDİ YOĞUN FON),Hisse Senedi Şemsiye Fonu,6,"0,00","0,00","0,00","0,00","0,00","0,00",""
KRC,KARE PORTFÖY BİRİNCİ BORÇLANMA ARAÇLARI FONU,Borçlanma Araçları Şemsiye Fonu,2,"0,00","0,00","0,00","0,00","0,00","0,00","0,00"
KRF,KARE PORTFÖY BİRİNCİ DEĞİŞKEN FON,Değişken Şemsiye Fonu,5,"0,00","0,00","0,00","0,00","0,00","0,00","0,00"
KRR,İŞ PORTFÖY KARMA FON,Karma Şemsiye Fonu,5,"2,9947","4,9206","","","","",""
KRS,KARE PORTFÖY SERBEST (DÖVİZ) FON,Serbest Şemsiye Fonu,5,"0,00","0,00","0,00","0,00","0,00","0,00","0,00"
KRT,KARE PORTFÖY TÜRKİYE ODAKLI SERBEST (DÖVİZ ) FON,Serbest Şemsiye Fonu,3,"0,00","0,00","0,00","0,00","0,00","0,00","0,00"
KSA,HEDEF PORTFÖY KISA VADELİ SERBEST (TL) FON,Serbest Şemsiye Fonu,2,"3,6429","11,1178","22,4134","29,637","51,5252","283,5602",""
KSK,AZİMUT PORTFÖY İKİNCİ PARA PİYASASI KATILIM FONU,Katılım Şemsiye Fonu,2,"3,4108","10,3623","20,9521","27,4755","46,685","",""
KSR,KUVEYT TÜRK PORTFÖY SÜRDÜRÜLEBİLİRLİK KATILIM FONU,Katılım Şemsiye Fonu,5,"0,00","0,00","0,00","0,00","0,00","0,00",""
KST,ALLBATROSS PORTFÖY KATILIM HİSSE SENEDİ (TL) FONU (HİSSE SENEDİ YOĞUN FON),Hisse Senedi Şemsiye Fonu,6,"2,6733","2,8084","15,8398","32,6028","27,2068","",""
KSV,KUVEYT TÜRK PORTFÖY KISA VADELİ KATILIM SERBEST (TL) FON,Serbest Şemsiye Fonu,1,"0,00","0,00","0,00","0,00","0,00","0,00","0,00"
KTI,AZİMUT PORTFÖY KATILIM HİSSE SENEDİ FONU (HİSSE SENEDİ YOĞUN FON),Hisse Senedi Şemsiye Fonu,6,"5,3891","9,2922","22,2595","40,3828","43,9264","",""
KTJ,KUVEYT TÜRK PORTFÖY TEKNOLOJİ KATILIM FONU,Katılım Şemsiye Fonu,6,"0,00","0,00","0,00","0,00","0,00","",""
KTM,KUVEYT TÜRK PORTFÖY BİRİNCİ KATILIM (TL) FONU,Katılım Şemsiye Fonu,3,"0,00","0,00","0,00","0,00","0,00","0,00","0,00"
KTN,KUVEYT TÜRK PORTFÖY KİRA SERTİFİKALARI KATILIM (TL) FONU,Katılım Şemsiye Fonu,2,"0,00","0,00","0,00","0,00","0,00","0,00","0,00"
KTR,KUVEYT TÜRK PORTFÖY BİRİNCİ KATILIM SERBEST (TL) FON,Serbest Şemsiye Fonu,1,"0,00","0,00","0,00","0,00","0,00","0,00","0,00"
KTS,KUVEYT TÜRK PORTFÖY KATILIM HİSSE SENEDİ SERBEST FON (HİSSE SENEDİ YOĞUN FON),Serbest Şemsiye Fonu,5,"0,00","0,00","0,00","0,00","0,00","0,00","0,00"
KTT,KUVEYT TÜRK PORTFÖY DÖRDÜNCÜ KATILIM SERBEST (DÖVİZ) FON,Serbest Şemsiye Fonu,"","0,00","0,00","0,00","0,00","0,00","0,00","0,00"
KTV,KUVEYT TÜRK PORTFÖY KISA VADELİ KİRA SERTİFİKALARI KATILIM (TL) FONU,Katılım Şemsiye Fonu,1,"0,00","0,00","0,00","0,00","0,00","0,00","0,00"
KU3,KUVEYT TÜRK PORTFÖY ÜÇÜNCÜ KATILIM FONU,Katılım Şemsiye Fonu,5,"0,00","0,00","","","","",""
KUA,KUVEYT TÜRK PORTFÖY AGRESİF KATILIM FONU,Katılım Şemsiye Fonu,5,"0,00","0,00","0,00","0,00","0,00","",""
KUB,KARE PORTFÖY DEĞİŞKEN  (DÖVİZ) FONU,Değişken Şemsiye Fonu,6,"0,00","0,00","0,00","0,00","0,00","0,00","0,00"
KUD,KUVEYT TÜRK PORTFÖY DİNAMİK KATILIM FONU,Katılım Şemsiye Fonu,3,"0,00","0,00","0,00","0,00","0,00","",""
KUT,KUVEYT TÜRK PORTFÖY KIYMETLİ MADENLER KATILIM FONU,Katılım Şemsiye Fonu,6,"0,00","0,00","0,00","0,00","0,00","0,00",""
KVK,HEDEF PORTFÖY KATILIM İSTATİSTİKSEL ARBİTRAJ SERBEST FON,Serbest Şemsiye Fonu,2,"2,8037","8,5244","17,5053","22,6024","","",""
KVR,ATLAS PORTFÖY KISA VADELİ KATILIM SERBEST FON,Serbest Şemsiye Fonu,2,"3,3098","10,1909","20,2131","26,3431","","",""
KVS,AZİMUT PORTFÖY KISA VADELİ SERBEST (TL) FON,Serbest Şemsiye Fonu,2,"3,5279","10,8881","21,9254","28,7332","49,4238","251,164",""
KVT,AK PORTFÖY ENERJİ ŞİRKETLERİ HİSSE SENEDİ (TL) FONU (HİSSE SENEDİ YOĞUN FON),Hisse Senedi Şemsiye Fonu,"","-4,6736","1,5875","15,01","23,8037","19,7607","",""
KYA,KARE PORTFÖY HİSSE SENEDİ FONU(HİSSE SENEDİ YOĞUN FON),Hisse Senedi Şemsiye Fonu,6,"0,00","0,00","0,00","0,00","0,00","0,00","0,00"
KYS,KARE PORTFÖY YEDİNCİ SERBEST (DÖVİZ) FON,Serbest Şemsiye Fonu,3,"0,00","0,00","0,00","0,00","0,00","",""
KZL,KUVEYT TÜRK PORTFÖY ALTIN KATILIM FONU,Katılım Şemsiye Fonu,"","0,00","0,00","0,00","0,00","0,00","0,00","0,00"
KZU,KUVEYT TÜRK PORTFÖY İKİNCİ ALTIN KATILIM FONU,Katılım Şemsiye Fonu,6,"0,00","0,00","0,00","0,00","0,00","",""
LKF,İŞ PORTFÖY ALTIN KATILIM FONU,Katılım Şemsiye Fonu,5,"12,1087","","","","","",""
LKT,AKTİF PORTFÖY İKİNCİ PARA PİYASASI (TL) FONU,Para Piyasası Şemsiye Fonu,2,"3,3404","9,8133","19,8966","25,9711","44,2215","",""
LLA,ALLBATROSS PORTFÖY AYDIN HİSSE SENEDİ SERBEST (TL) FON (HİSSE SENEDİ YOĞUN FON),Serbest Şemsiye Fonu,6,"1,3897","-3,6358","-11,6644","-1,9594","-54,814","24,3618",""
LPH,STATECH PORTFÖY İSTATİSTİKSEL ARBİTRAJ HİSSE SENEDİ SERBEST (TL) FON (HİSSE SENEDİ YOĞUN FON),Serbest Şemsiye Fonu,"","3,7778","11,2103","24,8942","37,2704","65,6328","",""
LTL,AHLATCI PORTFÖY HİSSE SENEDİ (TL) FONU (HİSSE SENEDİ YOĞUN FON),Hisse Senedi Şemsiye Fonu,7,"-4,3241","","","","","",""
MAC,MARMARA CAPITAL PORTFÖY HİSSE SENEDİ (TL) FONU (HİSSE SENEDİ YOĞUN FON),Hisse Senedi Şemsiye Fonu,6,"-4,6208","-5,4692","-2,9297","12,852","11,8103","106,317","1202,5451"
MAD,MEKSA PORTFÖY BİRİNCİ DEĞİŞKEN FON,Değişken Şemsiye Fonu,6,"-2,0951","0,1947","2,8138","5,7235","10,4811","123,9924","741,3165"
MAS,MARMARA CAPİTAL PORTFÖY HİSSE SENEDİ SERBEST (TL) FON (HİSSE SENEDİ YOĞUN FON),Serbest Şemsiye Fonu,7,"-8,7146","-8,182","9,616","24,5315","33,3448","147,5368","1161,4752"
MBL,MEKSA PORTFÖY İKİNCİ DEĞİŞKEN FON,Değişken Şemsiye Fonu,2,"3,2152","9,8275","20,0727","25,9523","44,732","233,6288","304,6891"
MBR,MT PORTFÖY BİRİNCİ BORÇLANMA ARAÇLARI FONU,Borçlanma Araçları Şemsiye Fonu,3,"4,0525","17,6232","22,4551","36,6323","54,876","",""
MCU,AZİMUT PORTFÖY MUTLAK GETİRİ HEDEFLİ HİSSE SENEDİ SERBEST FON (HİSSE SENEDİ YOĞUN FON),Serbest Şemsiye Fonu,2,"3,8478","10,4144","21,358","28,9675","35,0174","",""
MD1,MT PORTFÖY BİRİNCİ DEĞİŞKEN FON,Değişken Şemsiye Fonu,5,"5,8452","21,6622","22,2144","51,0088","75,6511","",""
MD2,MT PORTFÖY İKİNCİ DEĞİŞKEN FON,Değişken Şemsiye Fonu,4,"4,4561","21,2382","24,6168","44,1831","71,8872","",""
MDF,FİBA PORTFÖY MODEL EMTİA FON SEPETİ SERBEST FON,Serbest Şemsiye Fonu,6,"8,4718","1,059","9,5569","16,4658","","",""
MET,GARANTİ PORTFÖY METAVERSE VE YENİ TEKNOLOJİLER DEĞİŞKEN FON,Değişken Şemsiye Fonu,6,"0,00","0,00","0,00","0,00","0,00","0,00",""
MGB,İŞ PORTFÖY MUTLAK GETİRİ HEDEFLİ HİSSE SENEDİ SERBEST FON (HİSSE SENEDİ YOĞUN FON),Serbest Şemsiye Fonu,2,"2,9931","3,7785","9,8014","12,1397","23,3754","",""
MGH,TEB PORTFÖY MUTLAK GETİRİ HEDEFLİ HİSSE SENEDİ SERBEST FON (HİSSE SENEDİ YOĞUN FON),Serbest Şemsiye Fonu,2,"4,9009","9,5987","14,5335","18,3843","35,4016","",""
MHF,MT PORTFÖY BIST HALKA ARZ ŞİRKETLERİ HİSSE SENEDİ FONU (HİSSE SENEDİ YOĞUN FON),Hisse Senedi Şemsiye Fonu,6,"1,1271","22,5285","37,1756","60,727","80,5282","",""
MJB,AKTİF PORTFÖY BİRİNCİ FON SEPETİ FONU,Fon Sepeti Şemsiye Fonu,6,"4,1491","5,2905","13,949","29,6401","41,935","182,6417",""
MJG,AKTİF PORTFÖY GÜMÜŞ FON SEPETİ FONU,Fon Sepeti Şemsiye Fonu,7,"13,9568","-10,5447","-13,1379","-4,3652","85,3668","359,5755","1198,5736"
MJH,AKTİF PORTFÖY FORTUNA SERBEST FON,Serbest Şemsiye Fonu,6,"-8,8984","-3,1416","-12,1546","-12,268","-13,354","50,6675","295,3057"
MJL,AKTİF PORTFÖY AKTİF SERBEST (DÖVİZ-AVRO) FON,Serbest Şemsiye Fonu,"","4,2333","6,795","10,1469","12,8159","20,1057","103,548","524,8737"
MKA,MARMARA CAPİTAL PORTFÖY KATILIM HİSSE SENEDİ (TL) FONU (HİSSE SENEDİ YOĞUN FON),Hisse Senedi Şemsiye Fonu,6,"-5,9999","-9,0034","1,5087","14,9604","16,1506","",""
MKG,AKTİF PORTFÖY ALTIN KATILIM FONU,Kıymetli Madenler Şemsiye Fonu,6,"12,8816","4,8173","-4,9026","12,4041","54,1883","317,4934","1355,6284"
MLT,DENİZ PORTFÖY MELTEM HİSSE SENEDİ SERBEST (TL) FON (HİSSE SENEDİ YOĞUN FON),Serbest Şemsiye Fonu,6,"-1,7953","1,9129","-2,1069","22,9543","","",""
MMH,AKTİF PORTFÖY BIST 30 ENDEKSİ HİSSE SENEDİ (TL) FONU (HİSSE SENEDİ YOĞUN FON),Hisse Senedi Şemsiye Fonu,6,"2,1278","3,1758","5,796","32,3752","34,4774","140,1217","1247,9149"
MOZ,EMAA BLUE PORTFÖY MOZAİK SERBEST FON,Serbest Şemsiye Fonu,5,"3,8858","5,2492","14,9261","20,3758","","",""
MPE,MT PORTFÖY PARA PİYASASI KATILIM (TL) FONU,Katılım Şemsiye Fonu,1,"-0,8024","5,6334","15,2876","21,2168","","",""
MPF,AKTİF PORTFÖY KISA VADELİ KİRA SERTİFİKASI KATILIM (TL) FONU,Katılım Şemsiye Fonu,1,"3,2313","9,8348","19,4864","25,5704","44,1044","218,1364","364,6374"
MPI,MEKSA PORTFÖY İSTATİSTİKSEL ARBİTRAJ SERBEST (TL) FON,Serbest Şemsiye Fonu,1,"3,2316","10,2454","20,2806","25,6145","43,9213","",""
MPK,AKTİF PORTFÖY KİRA SERTİFİKASI KATILIM (TL) FONU,Katılım Şemsiye Fonu,2,"3,1884","9,7347","19,3875","25,7791","44,2808","227,2416","435,1999"
MPL,MT PORTFÖY PARA PİYASASI (TL) FONU,Para Piyasası Şemsiye Fonu,2,"2,669","10,5473","19,4333","26,7888","48,6503","",""
MPN,AKTİF PORTFÖY İKİNCİ AKTİF SERBEST (DÖVİZ) FON,Serbest Şemsiye Fonu,"","2,2677","6,514","9,0061","12,6746","21,9244","128,5247",""
MPP,MEKSA PORTFÖY PRİME SERBEST FON,Serbest Şemsiye Fonu,7,"-0,9436","-1,4731","-0,7862","8,6391","17,9833","94,702","531,8637"
MPS,AKTİF PORTFÖY KATILIM HİSSE SENEDİ (TL) FONU (HİSSE SENEDİ YOĞUN FON),Hisse Senedi Şemsiye Fonu,6,"0,3831","0,7797","10,3418","30,9967","32,1381","123,6614","871,2343"
MRI,TEB PORTFÖY MERİDYEN SERBEST FON,Serbest Şemsiye Fonu,"","1,6646","1,798","-3,1202","4,7661","8,0305","",""
MT1,MT PORTFÖY BİRİNCİ SERBEST (DÖVİZ) FON,Serbest Şemsiye Fonu,"","2,5334","6,7997","11,8238","12,5147","21,519","",""
MT2,MT PORTFÖY PARA PİYASASI SERBEST (TL) FON,Serbest Şemsiye Fonu,2,"3,3382","11,5425","24,6706","33,5931","","",""
MTD,BV PORTFÖY MALZEME TEKNOLOJİLERİ DEĞİŞKEN FON,Değişken Şemsiye Fonu,5,"9,8338","2,0447","7,512","22,0632","","",""
MTF,MT PORTFÖY BİRİNCİ İSTATİSTİKSEL ARBİTRAJ HİSSE SENEDİ SERBEST (TL) FON (HİSSE SENEDİ YOĞUN FON),Serbest Şemsiye Fonu,7,"2,7373","7,6205","17,3188","21,3371","33,1923","",""
MTG,DENİZ PORTFÖY MUTLAK GETİRİ HEDEFLİ HİSSE SENEDİ SERBEST FON (HİSSE SENEDİ YOGUN FON),Serbest Şemsiye Fonu,3,"4,5539","14,8397","22,8819","24,6088","39,2112","",""
MTH,MT PORTFÖY BİRİNCİ HİSSE SENEDİ FONU (HİSSE SENEDİ YOĞUN FON),Hisse Senedi Şemsiye Fonu,6,"7,1767","22,0996","18,0084","42,3407","76,7632","",""
MTK,MT PORTFÖY KATILIM HİSSE SENEDİ (TL) FONU (HİSSE SENEDİ YOĞUN FON),Hisse Senedi Şemsiye Fonu,6,"6,5071","17,437","22,9003","51,0163","56,7595","",""
MTS,AKTİF PORTFÖY TARIM VE SÜRDÜRÜLEBİLİRLİK FON SEPETİ FONU,Fon Sepeti Şemsiye Fonu,5,"1,2825","1,7947","5,2225","16,3154","25,0607","106,1865",""
MTV,AK PORTFÖY METAVERSE VE DİJİTAL YAŞAM TEKNOLOJİLERİ DEĞİŞKEN FON,Değişken Şemsiye Fonu,6,"2,294","4,1553","26,0506","25,0311","36,9231","210,6904",""
MTX,TEB PORTFÖY ÜÇÜNCÜ DEĞİŞKEN FON,Değişken Şemsiye Fonu,6,"2,2013","2,443","22,8298","16,1849","31,5182","211,7776",""
MUT,GARANTİ PORTFÖY MUTLAK GETİRİ HEDEFLİ HİSSE SENEDİ SERBEST FON (HİSSE SENEDİ YOĞUN FON),Serbest Şemsiye Fonu,2,"3,8989","9,1312","13,9717","17,6757","34,849","",""
NAK,NEO PORTFÖY ALTIN KATILIM FONU,Kıymetli Madenler Şemsiye Fonu,6,"12,2501","4,2382","-5,4236","","","",""
NAU,NEO PORTFÖY ALTIN FONU,Kıymetli Madenler Şemsiye Fonu,6,"11,3774","2,8174","-8,9322","8,0368","49,0385","",""
NBH,NEO PORTFÖY ALGORİTMİK STRATEJİLER SERBEST FON,Serbest Şemsiye Fonu,7,"4,8379","15,133","29,5716","38,4117","65,455","218,0209","589,1861"
NBO,NEO PORTFÖY BORÇLANMA ARACI FONLARI FON SEPETİ FONU,Fon Sepeti Şemsiye Fonu,5,"0,00","0,00","0,00","0,00","","",""
NBZ,NEO PORTFÖY BİRİNCİ SERBEST (DÖVİZ) FON,Serbest Şemsiye Fonu,6,"1,8892","5,9167","11,5124","14,3271","22,4915","99,8898","609,1892"
NCS,NUROL PORTFÖY ÜÇÜNCÜ SERBEST (DÖVİZ) FON,Serbest Şemsiye Fonu,"","2,0629","6,4264","12,141","15,1287","22,9542","112,9442",""
NFF,NEO PORTFÖY FON SEPETİ SERBEST FON,Serbest Şemsiye Fonu,5,"0,00","0,00","0,00","0,00","0,00","",""
NHP,NEO PORTFÖY BİRİNCİ FON SEPETİ FONU,Fon Sepeti Şemsiye Fonu,3,"0,00","0,00","0,00","0,00","0,00","0,00",""
NHY,NEO PORTFÖY BİRİNCİ HİSSE SENEDİ (TL) FONU (HİSSE SENEDİ YOĞUN FON),Hisse Senedi Şemsiye Fonu,7,"-4,2785","3,7227","8,5016","29,4672","28,3085","106,5413",""
NJF,NUROL PORTFÖY ALTIN KATILIM FONU,Katılım Şemsiye Fonu,6,"11,187","5,509","-1,569","15,5932","57,9557","322,315",""
NJR,NUROL PORTFÖY BİRİNCİ BORÇLANMA ARAÇLARI FONU,Borçlanma Araçları Şemsiye Fonu,2,"3,4797","10,9847","22,788","28,9342","50,4446","273,2042",""
NJY,NUROL PORTFÖY BİRİNCİ KATILIM FONU,Katılım Şemsiye Fonu,1,"3,259","10,0659","20,467","26,6909","45,728","233,3447",""
NKA,NEO PORTFÖY KATILIM SERBEST (DÖVİZ) FON,Serbest Şemsiye Fonu,3,"1,8387","5,7849","10,7772","13,4675","20,042","",""
NKC,NEO PORTFÖY İKİNCİ HİSSE SENEDİ FONU (HİSSE SENEDİ YOĞUN FON),Hisse Senedi Şemsiye Fonu,6,"-4,7287","-2,052","0,4727","18,7933","25,3286","",""
NKM,NEO PORTFÖY KATILIM HİSSE SENEDİ FONU (HİSSE SENEDİ YOĞUN FON),Hisse Senedi Şemsiye Fonu,6,"-0,459","-1,5165","7,6799","","","",""
NKP,NEO PORTFÖY KAR PAYI ÖDEYEN DEĞİŞKEN FON,Değişken Şemsiye Fonu,5,"0,446","-0,999","-2,8403","7,7744","12,2975","",""
NKT,NUROL PORTFÖY BİRİNCİ KATILIM HİSSE SENEDİ FONU (HİSSE SENEDİ YOĞUN FON),Hisse Senedi Şemsiye Fonu,5,"4,0344","10,759","24,8718","48,8353","","",""
NLE,NUROL PORTFÖY EMLAK SEKTÖRÜ HİSSE SENEDİ FONU (HİSSE SENEDİ YOĞUN FON),Hisse Senedi Şemsiye Fonu,6,"-0,5074","5,5985","13,1328","27,6671","24,3974","",""
NLK,NUROL PORTFÖY KISA VADELİ SERBEST FON,Serbest Şemsiye Fonu,1,"3,4867","10,7217","21,9395","28,8652","49,8702","",""
NME,NUROL PORTFÖY MERCAN KATILIM SERBEST (DÖVİZ) FON,Serbest Şemsiye Fonu,"","4,1023","6,5094","9,8522","12,6446","20,3681","",""
NMU,NUROL PORTFÖY MUTLAK GETİRİ HEDEFLİ HİSSE SENEDİ SERBEST FON (HİSSE SENEDİ YOĞUN FON),Serbest Şemsiye Fonu,2,"2,8691","11,7594","19,421","24,8779","","",""
NNF,HEDEF PORTFÖY BİRİNCİ HİSSE SENEDİ (TL) FONU (HİSSE SENEDİ YOĞUN FON),Hisse Senedi Şemsiye Fonu,6,"-0,6031","2,98","-2,8615","13,7749","9,2301","112,3097","1410,2303"
NOI,TACİRLER PORTFÖY NOVA İSTATİSTİKSEL ARBİTRAJ SERBEST FON,Serbest Şemsiye Fonu,1,"3,3947","9,7568","20,6352","26,1363","43,0286","",""
NPH,NUROL PORTFÖY BİRİNCİ HİSSE SENEDİ FONU (HİSSE SENEDİ YOĞUN FON),Hisse Senedi Şemsiye Fonu,6,"1,8435","-10,453","-6,2786","3,0589","2,8276","",""
NRC,NEO PORTFÖY BİRİNCİ DEĞİŞKEN FON,Değişken Şemsiye Fonu,7,"-4,7159","-2,1769","0,6538","19,1422","15,303","94,8445",""
NRG,NEO PORTFÖY BİRİNCİ PARA PİYASASI FONU,Para Piyasası Şemsiye Fonu,1,"3,4057","10,3269","21,0329","27,6776","48,0968","264,8567",""
NSA,NEO PORTFÖY PARA PİYASASI KATILIM SERBEST FON,Serbest Şemsiye Fonu,2,"3,375","10,4916","21,0205","27,6045","47,0414","",""
NSD,NUROL PORTFÖY DÖRDÜNCÜ SERBEST (DÖVİZ) FON,Serbest Şemsiye Fonu,"","1,9911","6,2718","12,6896","15,5825","23,4106","110,5131",""
NSH,NUROL PORTFÖY İSTATİSTİKSEL ARBİTRAJ HİSSE SENEDİ SERBEST FON (HİSSE SENEDİ YOĞUN FON),Serbest Şemsiye Fonu,2,"3,2922","10,1577","20,4789","27,0081","44,4838","",""
NSK,NEO PORTFÖY BİRİNCİ SERBEST FON,Serbest Şemsiye Fonu,3,"3,3199","9,7005","20,9674","28,4288","44,7172","250,6008","504,8808"
NSP,NUROL PORTFÖY PARA PİYASASI KATILIM FONU,Katılım Şemsiye Fonu,1,"3,3335","10,3226","20,9283","27,333","46,8805","",""
NST,İŞ PORTFÖY EMLAK SEKTÖRÜ HİSSE SENEDİ FONU (HİSSE SENEDİ YOĞUN FON),Hisse Senedi Şemsiye Fonu,6,"-2,6704","-2,0887","2,4799","16,3192","16,631","",""
NSY,NEO PORTFÖY YEDİNCİ SERBEST FON,Serbest Şemsiye Fonu,3,"2,363","7,1252","13,9524","25,3956","","",""
NTB,AZİMUT PORTFÖY AVŞAR HİSSE SENEDİ SERBEST FON (HİSSE SENEDİ YOĞUN FON),Serbest Şemsiye Fonu,6,"2,0607","5,2087","2,2357","26,3379","19,977","84,8015",""
NTI,NEO PORTFÖY TEKNOLOJİ VE İNOVASYON DEĞİŞKEN FON,Değişken Şemsiye Fonu,6,"3,3966","3,4559","32,2811","38,2654","59,6393","",""
NUB,NUROL PORTFÖY BEŞİNCİ SERBEST (DÖVİZ) FON,Serbest Şemsiye Fonu,"","4,2243","6,9384","10,6433","13,553","21,5019","",""
NUH,NEO PORTFÖY ÜÇÜNCÜ HİSSE SENEDİ FONU (HİSSE SENEDİ YOĞUN FON),Hisse Senedi Şemsiye Fonu,6,"1,8227","5,0948","15,8971","38,4118","","",""
NVB,NEO PORTFÖY İKİNCİ PARA PİYASASI (TL) FON,Para Piyasası Şemsiye Fonu,"","3,371","10,2443","20,783","27,3372","47,6253","262,7467",""
NVC,NEO PORTFÖY VENTO SERBEST FON,Serbest Şemsiye Fonu,6,"9,2441","-18,2256","-12,3413","-5,3672","12,0164","115,9561",""
NVK,INVEO PORTFÖY KATILIM SERBEST (DÖVİZ) FON,Serbest Şemsiye Fonu,"","1,9628","5,9654","10,4845","12,1792","16,4082","",""
NVT,NEO PORTFÖY ÜÇÜNCÜ SERBEST (TL) FON,Serbest Şemsiye Fonu,3,"2,9731","9,845","19,829","25,7281","44,5625","253,7973",""
NVZ,NEO PORTFÖY ORSA SERBEST (DÖVİZ) FON,Serbest Şemsiye Fonu,5,"4,151","6,7206","11,4447","14,956","23,4073","",""
NZH,NEO PORTFÖY İKİNCİ DEĞİŞKEN FON,Değişken Şemsiye Fonu,6,"3,0701","7,6676","18,095","27,3679","40,1695","106,853","223,1803"
NZT,NEO PORTFÖY PARA PİYASASI SERBEST FON,Serbest Şemsiye Fonu,2,"3,2958","10,1695","20,5954","26,9625","46,6409","259,7366","375,4798"
NZU,NUROL PORTFÖY ZÜMRÜT KATILIM SERBEST (DÖVİZ) FON,Serbest Şemsiye Fonu,"","1,9159","6,0254","11,3485","14,2266","21,8146","",""
OBI,OYAK PORTFÖY İKİNCİ BORÇLANMA ARAÇLARI (TL) FONU,Borçlanma Araçları Şemsiye Fonu,3,"4,2328","10,4004","13,4987","16,3075","35,4289","150,5305",""
OBP,OYAK PORTFÖY İKİNCİ DEĞİŞKEN FON,Değişken Şemsiye Fonu,4,"3,8836","10,5158","10,8233","20,2614","35,1294","194,181","528,4268"
ODD,OYAK PORTFÖY DÖRDÜNCÜ SERBEST FON,Serbest Şemsiye Fonu,"","3,5806","8,2313","14,8415","20,8977","37,226","143,6538","490,8259"
ODG,ONE PORTFÖY İKİNCİ DEĞİŞKEN FON,Değişken Şemsiye Fonu,3,"2,8202","10,3336","","","","",""
ODP,OSMANLI PORTFÖY BİRİNCİ SERBEST FON,Serbest Şemsiye Fonu,6,"5,0502","7,0946","31,0317","31,6157","56,687","248,1604",""
ODS,OYAK PORTFÖY İKİNCİ SERBEST(DÖVİZ) FON,Serbest Şemsiye Fonu,"","2,2141","4,9989","7,0787","9,3959","15,0166","107,0075","583,0436"
ODV,AK PORTFÖY ÜÇÜNCÜ FON SEPETİ FONU,Fon Sepeti Şemsiye Fonu,5,"0,00","0,00","0,00","0,00","0,00","0,00","0,00"
OFI,OYAK PORTFÖY İKİNCİ FON SEPETİ FONU,Fon Sepeti Şemsiye Fonu,"","5,3096","5,7604","11,9074","20,7514","35,6809","140,8783",""
OFS,OYAK PORTFÖY BİRİNCİ FON SEPETİ FONU,Fon Sepeti Şemsiye Fonu,4,"5,2381","5,6021","9,6759","19,1678","36,8416","176,3365","649,8712"
OGD,OYAK PORTFÖY ALTIN KATILIM FONU,Katılım Şemsiye Fonu,6,"12,7722","4,2969","-5,6375","11,8125","52,716","276,8488","1095,9997"
OHB,OYAK PORTFÖY BİRİNCİ HİSSE SENEDİ (TL) FONU (HİSSE SENEDİ YOĞUN FON),Hisse Senedi Şemsiye Fonu,6,"3,2679","5,2655","2,2481","25,5793","27,0468","127,9571","1210,8705"
OHK,OYAK PORTFÖY KATILIM HİSSE SENEDİ (TL) FONU (HİSSE SENEDİ YOĞUN FON),Hisse Senedi Şemsiye Fonu,6,"5,2892","9,7511","24,0926","46,1445","45,8539","122,567",""
OIL,OSMANLI PORTFÖY ALTIN FON SEPETİ FONU,Fon Sepeti Şemsiye Fonu,6,"10,9312","2,698","-2,5657","13,50","16,5693","80,6946",""
OIR,OSMANLI PORTFÖY DENGELİ FON SEPETİ FONU,Fon Sepeti Şemsiye Fonu,3,"3,5721","7,3932","12,5866","23,3544","44,0981","223,6376",""
OJB,QNB PORTFÖY BEŞİNCİ SERBEST (DÖVİZ) FON,Serbest Şemsiye Fonu,"","1,8722","5,9909","11,2944","14,0132","21,1334","94,037","515,8852"
OJK,QNB PORTFÖY ALTIN FONU,Kıymetli Madenler Şemsiye Fonu,6,"12,8127","5,3977","-5,3189","13,551","57,0304","312,0892",""
OJT,QNB PORTFÖY TEKNOLOJİ FON SEPETİ FONU,Fon Sepeti Şemsiye Fonu,6,"4,9816","8,3781","36,8611","40,3947","60,6856","288,3614","1062,0609"
OKD,OYAK PORTFÖY BİRİNCİ DEĞİŞKEN FON,Değişken Şemsiye Fonu,6,"3,7759","8,5964","10,8217","27,4122","38,4551","197,3552","1070,4237"
OKP,OYAK PORTFÖY BİRİNCİ KISA VADELİ BORÇLANMA ARAÇLARI (TL) FONU,Borçlanma Araçları Şemsiye Fonu,2,"3,3546","9,9291","20,0693","26,5625","45,8731","250,7891","402,1462"
OKT,OYAK PORTFÖY BİRİNCİ BORÇLANMA ARAÇLARI FONU,Borçlanma Araçları Şemsiye Fonu,3,"3,3096","10,0476","20,4196","26,8957","45,9902","249,1866","433,849"
OLA,OSMANLI PORTFÖY İKİNCİ SERBEST (DÖVİZ- AVRO) FON,Serbest Şemsiye Fonu,"","3,5857","5,0968","6,5679","8,7259","14,8346","97,1117",""
OLD,QNB PORTFÖY TEMİZ ENERJİ VE SU FON SEPETİ FONU,Fon Sepeti Şemsiye Fonu,6,"1,4711","3,313","7,634","15,7734","27,3103","74,9763",""
OLE,OSMANLI PORTFÖY BİRİNCİ FON SEPETİ FONU,Fon Sepeti Şemsiye Fonu,2,"3,2931","10,3205","21,566","28,3288","48,6183","250,0062",""
OMG,AZİMUT PORTFÖY İKİNCİ HİSSE SENEDİ FONU (HİSSE SENEDİ YOĞUN FON),Hisse Senedi Şemsiye Fonu,6,"1,8647","5,0146","10,9305","37,1445","43,8685","",""
ONE,AKTİF PORTFÖY BİRİNCİ HİSSE SENEDİ SERBEST (TL) FON (HİSSE SENEDİ YOĞUN FON),Serbest Şemsiye Fonu,6,"-0,3139","2,26","5,514","25,6173","25,6257","",""
ONK,AK PORTFÖY ONİKİNCİ SERBEST (DÖVİZ-AVRO) FON,Serbest Şemsiye Fonu,"","4,1684","6,7252","10,1879","12,9554","20,4165","106,5384",""
ONN,AKTİF PORTFÖY AKTİF ONİKS SERBEST (TL) FON,Serbest Şemsiye Fonu,2,"3,6151","10,4076","19,6239","26,0243","46,3097","248,4357","421,4151"
ONS,İŞ PORTFÖY ONİKİNCİ SERBEST (DÖVİZ) FON,Serbest Şemsiye Fonu,"","1,9918","6,1847","11,4999","14,2541","21,5282","97,5237",""
OPB,OSMANLI PORTFÖY BİRİNCİ DEĞİŞKEN FON,Değişken Şemsiye Fonu,4,"4,293","7,9565","15,7554","31,5477","46,2148","176,2707","683,6985"
OPD,OSMANLI PORTFÖY ANKA SERBEST FON,Serbest Şemsiye Fonu,2,"3,2386","9,997","20,0572","26,4517","45,4884","244,1522","486,1981"
OPF,OSMANLI PORTFÖY AGRESİF DEĞİŞKEN FON,Değişken Şemsiye Fonu,5,"3,1964","5,3317","28,3078","36,158","63,4939","",""
OPH,OSMANLI PORTFÖY BİRİNCİ HİSSE SENEDİ FONU(HİSSE SENEDİ YOĞUN FON),Hisse Senedi Şemsiye Fonu,6,"0,1435","3,9497","7,9426","28,2572","35,3858","102,821","1107,2807"
OPI,OSMANLI PORTFÖY KAR PAYI ÖDEYEN HİSSE SENEDİ (TL) FONU (HİSSE SENEDİ YOĞUN FON),Hisse Senedi Şemsiye Fonu,6,"-0,3897","-3,2816","-2,0784","17,7036","22,0617","88,0094","991,6512"
OPL,OSMANLI PORTFÖY İKİNCİ DEĞİŞKEN FON,Değişken Şemsiye Fonu,4,"7,2328","6,468","4,5905","18,7287","46,6407","202,2023","783,2355"
ORC,ASTRA PORTFÖY ALFA SERBEST FON,Serbest Şemsiye Fonu,7,"6,7214","10,8751","8,7711","33,0021","29,0885","",""
OSD,OSMANLI PORTFÖY ÖZEL SEKTÖR BORÇLANMA ARAÇLARI FONU,Borçlanma Araçları Şemsiye Fonu,1,"3,463","10,6259","21,5589","28,5389","49,2969","266,1453","483,1556"
OSL,OSMANLI PORTFÖY KISA VADELİ BORÇLANMA ARAÇLARI (TL) FONU,Borçlanma Araçları Şemsiye Fonu,2,"3,3762","10,1865","20,1716","26,7135","46,7024","234,8362","386,4807"
OTJ,OYAK PORTFÖY KIYMETLİ MADENLER KATILIM FON SEPETİ FONU,Fon Sepeti Şemsiye Fonu,6,"0,00","0,00","0,00","0,00","0,00","0,00",""
OTK,OYAK PORTFÖY BİRİNCİ KATILIM SERBEST FON,Serbest Şemsiye Fonu,"","3,0922","9,3693","19,2842","24,9882","41,9479","162,9286","371,37"
OTM,AZİMUT PORTFÖY OTOMOTİV SEKTÖRÜ DEĞİŞKEN FON,Değişken Şemsiye Fonu,6,"-0,1005","1,1867","-5,3258","2,5021","5,6674","",""
OUD,OSMANLI PORTFÖY ATLANTİK SERBEST (DÖVİZ) FON,Serbest Şemsiye Fonu,"","2,0493","6,6753","10,2861","14,2416","22,9081","123,2815","654,5369"
OVD,QNB PORTFÖY EMTİA FON SEPETİ FONU,Fon Sepeti Şemsiye Fonu,6,"8,2093","3,8371","21,6359","32,9374","62,2063","156,4727",""
P1A,A1 CAPİTAL PORTFÖY PARA PİYASASI (TL) SERBEST FON,Serbest Şemsiye Fonu,2,"3,7967","11,7323","23,0594","30,7153","","",""
PA2,PUSULA PORTFÖY ALTIN KATILIM FONU,Katılım Şemsiye Fonu,6,"11,17","","","","","",""
PAB,A1 CAPİTAL PORTFÖY PARA PİYASASI (TL) FONU,Para Piyasası Şemsiye Fonu,2,"3,6227","11,0301","21,9858","29,3094","","",""
PAF,PARDUS PORTFÖY ALTIN FONU,Kıymetli Madenler Şemsiye Fonu,6,"13,1297","4,7279","-6,3856","7,789","54,241","",""
PAL,AK PORTFÖY ALTINCI SERBEST(DÖVİZ) FON,Serbest Şemsiye Fonu,"","1,9692","6,1671","11,4374","14,2189","21,5857","99,2791","561,3136"
PAO,PARDUS PORTFÖY ANADOLU HİSSE SENEDİ SERBEST FON (HİSSE SENEDİ YOĞUN FON),Serbest Şemsiye Fonu,6,"-4,9096","-17,146","-15,8193","-1,9676","-10,8563","",""
PBI,PARDUS PORTFÖY BİRİNCİ FON SEPETİ FONU,Fon Sepeti Şemsiye Fonu,4,"5,0687","11,6897","24,9752","43,5275","60,1745","",""
PBK,ASTRA PORTFÖY BİRİNCİ KATILIM SERBEST (DÖVİZ) FON,Serbest Şemsiye Fonu,6,"1,8102","5,0925","8,7615","11,706","21,7652","105,6851","590,8961"
PBN,PİRAMİT PORTFÖY BİRİNCİ HİSSE SENEDİ SERBEST FON (HİSSE SENEDİ YOĞUN FON),Serbest Şemsiye Fonu,7,"22,2219","22,6444","14,5791","47,8837","-5,2139","",""
PBR,PUSULA PORTFÖY BİRİNCİ DEĞİŞKEN FON,Değişken Şemsiye Fonu,6,"0,00","0,00","0,00","0,00","0,00","",""
PCE,PARDUS PORTFÖY İNCİ SERBEST FON,Serbest Şemsiye Fonu,4,"3,8903","9,6574","20,4023","25,0884","30,085","",""
PDD,ASTRA PORTFÖY KATILIM FONU,Katılım Şemsiye Fonu,3,"2,7644","8,3042","17,6168","23,2432","38,213","173,0555","438,9843"
PDF,ASTRA PORTFÖY BİRİNCİ SERBEST (DÖVİZ) FON,Serbest Şemsiye Fonu,5,"2,1677","6,9928","10,4177","13,8726","22,9652","108,3083","564,9312"
PEA,PERFORM PORTFÖY ALTIN FONU,Kıymetli Madenler Şemsiye Fonu,6,"12,5241","4,4756","-5,6678","11,9902","48,3642","",""
PFO,PHİLLİP PORTFÖY FON SEPETİ FONU,Fon Sepeti Şemsiye Fonu,4,"2,2528","4,3343","2,8541","18,5697","32,9993","",""
PFS,ATLAS PORTFÖY FON SEPETİ FONU,Fon Sepeti Şemsiye Fonu,4,"3,7274","9,1925","14,7228","25,9378","47,742","197,8545",""
PGD,ASTRA PORTFÖY AGRESİF DEĞİŞKEN FON,Değişken Şemsiye Fonu,2,"4,1235","11,5092","20,6229","26,0835","40,8911","",""
PGS,AZİMUT PORTFÖY PAY GERİ ALIMI YAPAN ŞİRKETLER HİSSE SENEDİ FONU (HİSSE SENEDİ YOĞUN FON),Hisse Senedi Şemsiye Fonu,6,"-1,4511","1,834","-1,4423","22,0431","16,4265","",""
PHE,PUSULA PORTFÖY HİSSE SENEDİ FONU (HİSSE SENEDİ YOĞUN FON),Hisse Senedi Şemsiye Fonu,6,"0,00","0,00","0,00","0,00","0,00","",""
PHI,PİRAMİT PORTFÖY HİSSE SENEDİ FONU (HİSSE SENEDİ YOĞUN FON),Hisse Senedi Şemsiye Fonu,6,"3,4592","7,9508","11,6568","37,2687","30,2564","",""
PHK,PHİLLİP PORTFÖY KATILIM HİSSE SENEDİ FONU (HİSSE SENEDİ YOĞUN FON),Hisse Senedi Şemsiye Fonu,6,"-1,9851","1,618","16,9545","36,8889","33,8944","",""
PID,PİRAMİT PORTFÖY DEĞİŞKEN FON,Değişken Şemsiye Fonu,5,"4,0118","11,8316","20,4002","32,7745","42,4642","",""
PIL,ROTA PORTFÖY PİL TEKNOLOJİLERİ VE ENERJİ FON SEPETİ FONU,Fon Sepeti Şemsiye Fonu,6,"6,4616","-3,3781","9,0675","27,2424","77,3227","217,1853",""
PIP,GARANTİ PORTFÖY İKİNCİ PARA PİYASASI SERBEST (TL) FON,Serbest Şemsiye Fonu,2,"3,3628","10,3347","21,0226","27,4314","47,115","",""
PIR,PİRAMİT PORTFÖY ALTIN FONU,Kıymetli Madenler Şemsiye Fonu,6,"12,8943","4,3823","-5,2214","12,8311","65,8295","",""
PIS,PARDUS PORTFÖY İKİNCİ KISA VADELİ SERBEST (TL) FON,Serbest Şemsiye Fonu,1,"3,7115","11,3104","23,6519","31,8437","","",""
PJL,PHİLLİP PORTFÖY PARA PİYASASI FONU,Para Piyasası Şemsiye Fonu,1,"3,3438","10,1802","20,4994","26,9214","46,543","251,4044",""
PJP,PERFORM PORTFÖY BİRİNCİ SERBEST (DÖVİZ) FON,Serbest Şemsiye Fonu,6,"2,0311","6,414","10,992","15,09","","",""
PK1,AHLATCI PORTFÖY PARA PİYASASI KATILIM (TL) FONU,Katılım Şemsiye Fonu,1,"3,2107","","","","","",""
PKD,PUSULA PORTFÖY İKİNCİ KATILIM HİSSE SENEDİ SERBEST FON (HİSSE SENEDİ YOĞUN FON),Serbest Şemsiye Fonu,6,"9,624","12,7391","15,3359","17,4824","17,9871","",""
PKF,ATA PORTFÖY ALTIN KATILIM FONU,Katılım Şemsiye Fonu,6,"12,559","4,1319","-5,9815","9,966","52,947","288,0536",""
PKM,PUSULA PORTFÖY PARA PİYASASI KATILIM (TL) FONU,Katılım Şemsiye Fonu,1,"3,3537","","","","","",""
PKP,ATA PORTFÖY PARA PİYASASI KATILIM SERBEST FON,Serbest Şemsiye Fonu,1,"3,3777","10,4467","20,7965","","","",""
PKR,ROTA PORTFÖY PARA PİYASASI KATILIM FONU,Katılım Şemsiye Fonu,1,"1,6602","8,4239","18,4207","24,5345","43,3021","",""
PKT,YAPI KREDİ PORTFÖY PARA PİYASASI KATILIM SERBEST (TL) FON,Serbest Şemsiye Fonu,2,"3,3427","10,4276","20,9249","27,3868","46,9411","",""
PKV,PARDUS PORTFÖY KISA VADELİ SERBEST (TL) FON,Serbest Şemsiye Fonu,1,"3,8173","11,7566","24,271","32,501","56,1046","",""
PLR,OSMANLI PORTFÖY PARA PİYASASI FONU,Para Piyasası Şemsiye Fonu,2,"3,4518","10,557","21,3866","28,2067","48,7661","",""
PMP,PARDUS PORTFÖY MODEL PORTFÖY HİSSE SENEDİ SERBEST FON (HİSSE SENEDİ YOĞUN FON),Serbest Şemsiye Fonu,7,"-14,3928","-22,5248","-25,5327","-31,683","-39,8217","",""
PNU,PUSULA PORTFÖY İKİNCİ PARA PİYASASI (TL) FONU,Para Piyasası Şemsiye Fonu,2,"4,1856","12,7621","","","","",""
PO9,PARDUS PORTFÖY ONDOKUZUNCU HİSSE SENEDİ SERBEST FON (HİSSE SENEDİ YOĞUN FON),Serbest Şemsiye Fonu,6,"7,9603","2,7057","-30,1135","-23,7662","-43,5053","",""
POS,PARDUS PORTFÖY ONBEŞİNCİ HİSSE SENEDİ SERBEST (TL) FON (HİSSE SENEDİ YOĞUN FON),Serbest Şemsiye Fonu,6,"5,8318","5,8283","17,5228","23,4358","1,9255","",""
PP1,PARDUS PORTFÖY BİRİNCİ KATILIM FONU,Katılım Şemsiye Fonu,5,"-0,0447","-2,3576","11,7813","27,8378","29,2797","",""
PPB,PHİLLİP PORTFÖY BİRİNCİ HİSSE SENEDİ FONU (HİSSE SENEDİ YOĞUN FON),Hisse Senedi Şemsiye Fonu,7,"-3,5001","-1,777","-7,2377","12,4982","12,7436","121,1317",""
PPD,PERFORM PORTFÖY HİSSE SENEDİ SERBEST FON (HİSSE SENEDİ YOĞUN FON),Serbest Şemsiye Fonu,7,"3,1429","2,8923","7,0257","29,5717","47,5137","179,902","3143,399"
PPE,PHİLLİP PORTFÖY SERBEST (DÖVİZ) FON,Serbest Şemsiye Fonu,"","2,3423","7,5357","9,9175","12,4319","23,9045","",""
PPG,ALBARAKA PORTFÖY PARA PİYASASI KATILIM FONU,Katılım Şemsiye Fonu,1,"3,2122","10,0459","20,2596","26,5807","45,1727","",""
PPH,PARDUS PORTFÖY BIST 100 DIŞI ŞİRKETLER HİSSE SENEDİ (TL) FONU (HİSSE SENEDİ YOĞUN FON),Hisse Senedi Şemsiye Fonu,6,"0,918","-1,2614","8,874","18,7821","16,8196","",""
PPI,YAPI KREDİ PORTFÖY ÜÇÜNCÜ PARA PİYASASI (TL) FONU,Para Piyasası Şemsiye Fonu,1,"3,3308","9,9585","20,1048","26,701","46,8314","",""
PPJ,AK PORTFÖY İKİNCİ PARA PİYASASI SERBEST (TL) FON,Serbest Şemsiye Fonu,1,"3,4372","10,6221","21,5195","28,0618","48,063","",""
PPK,QNB PORTFÖY PARA PİYASASI KATILIM (TL) FONU,Katılım Şemsiye Fonu,1,"3,3019","10,2013","20,6057","26,9192","46,1594","",""
PPM,PİRAMİT PORTFÖY MUTLAK GETİRİ HEDEFLİ HİSSE SENEDİ SERBEST FON (HİSSE SENEDİ YOĞUN FON),Serbest Şemsiye Fonu,3,"2,947","9,7007","19,6353","24,6788","43,307","",""
PPN,NUROL PORTFÖY PARA PİYASASI (TL) FONU,Para Piyasası Şemsiye Fonu,1,"3,4768","10,6305","21,5627","28,0544","48,5984","269,1134","474,3537"
PPP,PERFORM PORTFÖY PARA PİYASASI (TL) FONU,Para Piyasası Şemsiye Fonu,2,"3,4146","10,2821","20,9249","27,3836","47,1733","",""
PPS,PHİLLİP PORTFÖY BİRİNCİ SERBEST FON,Serbest Şemsiye Fonu,7,"7,6763","-3,9682","-12,5001","0,2551","39,4976","184,7968",""
PPT,ATLAS PORTFÖY PARA PİYASASI (TL) FONU,Para Piyasası Şemsiye Fonu,2,"3,8043","11,5001","23,34","30,893","52,937","",""
PPV,AKTİF PORTFÖY PARA PİYASASI SERBEST (TL) FON,Serbest Şemsiye Fonu,2,"3,3768","10,499","","","","",""
PPZ,AZİMUT PORTFÖY PARA PİYASASI (TL) FONU,Para Piyasası Şemsiye Fonu,2,"3,3792","10,3564","20,7382","27,258","46,9654","259,9356","459,557"
PRD,PİRAMİT PORTFÖY PARA PİYASASI (TL) FONU,Para Piyasası Şemsiye Fonu,2,"3,6207","10,9491","22,1014","27,8549","49,2896","",""
PRH,AURA PORTFÖY PARA PİYASASI (TL) FONU,Para Piyasası Şemsiye Fonu,1,"3,3952","10,3558","20,873","27,1447","49,5645","",""
PRR,INVEO PORTFÖY PARA PİYASASI KATILIM (TL) FONU,Katılım Şemsiye Fonu,1,"3,3003","10,2419","20,535","26,6823","","",""
PRU,ALLBATROSS PORTFÖY KISA VADELİ SERBEST (TL) FON,Serbest Şemsiye Fonu,2,"0,00","0,00","0,00","0,00","0,00","0,00",""
PRV,ASTRA PORTFÖY PARA PİYASASI SERBEST FON,Serbest Şemsiye Fonu,2,"3,2866","10,2865","20,9098","27,9083","","",""
PRY,PUSULA PORTFÖY PARA PİYASASI (TL) FONU,Para Piyasası Şemsiye Fonu,2,"4,1222","12,6077","25,8029","34,4377","59,7534","",""
PSE,ATLAS PORTFÖY PARA PİYASASI SERBEST FON,Serbest Şemsiye Fonu,2,"3,9202","12,2624","25,3915","34,3616","58,8372","",""
PSH,DENİZ PORTFÖY PERAKENDE SEKTÖRÜ HİSSE SENEDİ (TL) FONU (HİSSE SENEDİ YOĞUN FON),Hisse Senedi Şemsiye Fonu,6,"-1,1033","2,5081","","","","",""
PSL,AZİMUT PORTFÖY 8.0 SERBEST FON,Serbest Şemsiye Fonu,5,"2,5166","7,3324","13,6699","17,8812","28,9366","130,4325","632,1656"
PTE,TEB PORTFÖY BİRİNCİ PARA PİYASASI SERBEST (TL) FON,Serbest Şemsiye Fonu,"","3,3893","10,3932","21,0109","27,4793","47,0978","",""
PTF,QNB PORTFÖY TREND SERBEST FON,Serbest Şemsiye Fonu,2,"3,9111","8,3893","15,4983","23,1484","43,6024","",""
PTN,PHİLLİP PORTFÖY ALTIN FONU,Kıymetli Madenler Şemsiye Fonu,6,"12,6052","4,455","-4,9421","14,2929","62,224","",""
PTO,PARDUS PORTFÖY TEMETTÜ ÖDEYEN ŞİRKETLER HİSSE SENEDİ FONU (HİSSE SENEDİ YOĞUN FON),Hisse Senedi Şemsiye Fonu,6,"6,8223","24,8965","34,6113","61,9741","67,4168","",""
PTP,AHLATCI PORTFÖY PARA PİYASASI (TL) FONU,Para Piyasası Şemsiye Fonu,1,"3,3018","10,1497","","","","",""
PTS,QNB PORTFÖY PARA PİYASASI SERBEST (TL) FON,Serbest Şemsiye Fonu,2,"3,3556","10,4329","21,0008","27,4139","46,9592","",""
PUC,AK PORTFÖY BİRİNCİ KISA VADELİ SERBEST (TL)  FON,Serbest Şemsiye Fonu,2,"3,4291","10,5463","21,4143","27,944","47,9939","254,3151","398,7663"
PUH,PERFORM PORTFÖY ÜÇÜNCÜ HİSSE SENEDİ SERBEST (TL) FON (HİSSE SENEDİ YOĞUN FON),Serbest Şemsiye Fonu,7,"3,0049","5,5942","8,5136","30,9863","48,7928","",""
PUK,PUSULA PORTFÖY KATILIM HİSSE SENEDİ (TL) FONU (HİSSE SENEDİ YOĞUN FON),Hisse Senedi Şemsiye Fonu,5,"6,812","23,7233","","","","",""
PVK,ALBARAKA PORTFÖY KISA VADELİ KATILIM SERBEST (TL) FON,Serbest Şemsiye Fonu,1,"3,1576","9,6871","19,4804","25,5601","43,8822","230,835","387,4007"
PYR,PARDUS PORTFÖY YİRMİNCİ HİSSE SENEDİ SERBEST FON (HİSSE SENEDİ YOĞUN FON),Serbest Şemsiye Fonu,7,"-13,5486","-19,3169","-23,4057","-24,7464","-28,9534","",""
RAF,ROTA PORTFÖY ALTINCI SERBEST FON,Serbest Şemsiye Fonu,6,"3,3378","1,7661","8,9118","32,3106","57,671","140,6164",""
RBA,ALBARAKA PORTFÖY BEREKET VAKFI NA DESTEK ALTIN KATILIM FONU,Katılım Şemsiye Fonu,6,"12,7751","2,9254","-8,2238","9,7109","53,3289","293,5703","1076,7547"
RBB,RE-PIE PORTFÖY BİRİNCİ BORÇLANMA ARAÇLARI (TL) FONU,Borçlanma Araçları Şemsiye Fonu,4,"3,1861","9,6263","18,0983","23,5647","42,1768","",""
RBF,ROTA PORTFÖY BİRİNCİ BORÇLANMA ARAÇLARI FONU,Borçlanma Araçları Şemsiye Fonu,3,"3,6029","7,8527","8,0232","11,2316","28,2368","",""
RBH,ALBARAKA PORTFÖY KATILIM HİSSE SENEDİ FONU (HİSSE SENEDİ YOĞUN FON),Hisse Senedi Şemsiye Fonu,5,"4,3407","8,2596","20,3331","44,7982","49,1134","163,2184","1204,5117"
RBI,RE-PIE PORTFÖY BİRİNCİ SERBEST (DÖVİZ) FON,Serbest Şemsiye Fonu,5,"0,9076","3,352","7,3676","10,4364","18,1419","",""
RBK,ALBARAKA PORTFÖY KATILIM FONU,Katılım Şemsiye Fonu,4,"2,5537","7,5043","12,7841","16,0454","27,0683","135,0129","487,8164"
RBL,QNB PORTFÖY ROBOTİK VE BLOCKCHAİN TEKNOLOJİLERİ SERBEST FON,Serbest Şemsiye Fonu,6,"6,5233","6,9911","28,8819","30,5644","47,3687","",""
RBN,RE-PIE PORTFÖY BEŞİNCİ HİSSE SENEDİ SERBEST (TL) FON (HİSSE SENEDİ YOĞUN FON),Serbest Şemsiye Fonu,6,"-0,3005","-5,1649","-2,1386","20,2079","8,8535","",""
RBP,RE-PIE PORTFÖY BİRİNCİ PARA PİYASASI (TL) FONU,Para Piyasası Şemsiye Fonu,1,"3,7084","11,2554","22,7625","29,8615","51,1444","",""
RBR,RE-PIE  PORTFÖY BİRİNCİ KATILIM SERBEST FON,Serbest Şemsiye Fonu,4,"24,1693","27,6772","35,5616","47,9771","76,6728","212,0929",""
RBT,ALBARAKA PORTFÖY KİRA SERTİFİKALARI  KATILIM FONU,Katılım Şemsiye Fonu,1,"3,4869","10,5968","20,7249","26,9965","46,2505","217,6074","352,6393"
RBV,ALBARAKA PORTFÖY KISA VADELİ KİRA SERTİFİKALARI KATILIM (TL) FONU,Katılım Şemsiye Fonu,1,"3,2005","9,7823","19,2679","25,341","43,5229","214,4742","363,2795"
RCV,AZİMUT PORTFÖY BİRİNCİ ÇOKLU VARLIK KATILIM FONU,Katılım Şemsiye Fonu,4,"6,949","11,2296","20,1289","34,1833","46,6015","",""
RD1,ROTA PORTFÖY BİRİNCİ DEĞİŞKEN FON,Değişken Şemsiye Fonu,3,"5,5303","11,5546","6,6631","13,4989","33,5568","",""
RDF,ROTA PORTFÖY DOKUZUNCU HİSSE SENEDİ SERBEST FON (HİSSE SENEDİ YOĞUN FON),Serbest Şemsiye Fonu,6,"-0,0684","0,9751","2,5905","25,897","41,7531","",""
RDT,PHİLLİP PORTFÖY RODOSTO SERBEST FON,Serbest Şemsiye Fonu,6,"1,1893","-1,5875","-19,7471","-18,6532","-16,6763","",""
RFM,ROTA PORTFÖY ENERJİ VE METAL FON SEPETİ FONU,Fon Sepeti Şemsiye Fonu,6,"8,6918","","","","","",""
RGD,RE-PIE PORTFÖY AGRESİF DEĞİŞKEN FON,Değişken Şemsiye Fonu,5,"5,8082","8,8124","8,9025","","","",""
RGH,RE-PIE PORTFÖY MUTLAK GETİRİ HEDEFLİ HİSSE SENEDİ SERBEST FON (HİSSE SENEDİ YOĞUN FON),Serbest Şemsiye Fonu,2,"1,2891","6,2979","8,5398","13,4709","","",""
RHI,RE-PIE PORTFÖY BİRİNCİ HİSSE SENEDİ (TL) FONU (HİSSE SENEDİ YOĞUN FON),Hisse Senedi Şemsiye Fonu,6,"4,4361","5,6691","12,9199","44,6846","37,4303","",""
RHS,ROTA PORTFÖY HİSSE SENEDİ (TL) FON (HİSSE SENEDİ YOĞUN FON),Hisse Senedi Şemsiye Fonu,6,"-1,0087","0,8574","3,0041","25,4047","35,4895","184,7434",""
RIA,ROTA PORTFÖY İSTATİSTİKSEL ARBİTRAJ HİSSE SENEDİ SERBEST FON (HİSSE SENEDİ YOĞUN FON),Serbest Şemsiye Fonu,2,"2,3627","7,8667","16,1093","20,6573","35,8009","",""
RIH,RE-PIE PORTFÖY İKİNCİ HİSSE SENEDİ SERBEST FON (HİSSE SENEDİ YOĞUN FON),Serbest Şemsiye Fonu,7,"10,3581","56,0512","-11,6361","-9,717","-2,2283","1028,5631",""
RIK,RE-PIE PORTFÖY İKİNCİ DEĞİŞKEN FON,Değişken Şemsiye Fonu,5,"-3,2493","-3,3639","2,5765","14,1996","36,0376","257,2998",""
RJG,RE-PIE PORTFÖY ALTIN KATILIM FONU,Katılım Şemsiye Fonu,6,"12,6973","4,6806","-6,1327","8,1542","52,8606","",""
RKC,ROTA PORTFÖY İKİNCİ DEĞİŞKEN FON,Değişken Şemsiye Fonu,3,"4,5251","6,9781","14,1759","28,7702","62,5494","",""
RKH,RE-PIE PORTFÖY KATILIM HİSSE SENEDİ SERBEST (TL) FON (HİSSE SENEDİ YOĞUN FON),Serbest Şemsiye Fonu,6,"2,7304","2,9275","13,138","31,3925","29,46","",""
RKS,ROTA PORTFÖY KİRA SERTİFİKALARI KATILIM FONU,Katılım Şemsiye Fonu,2,"-0,8454","5,3868","14,6782","20,5481","38,5323","",""
RKV,RE-PIE PORTFÖY KISA VADELİ KATILIM SERBEST (TL) FON,Serbest Şemsiye Fonu,1,"3,3389","10,0452","20,0016","26,2133","45,4182","",""
RLH,ROTA PORTFÖY YİRMİNCİ SERBEST FON,Serbest Şemsiye Fonu,2,"3,6304","9,0672","20,4528","32,9432","47,7815","",""
ROF,ROTA PORTFÖY ONUNCU HİSSE SENEDİ SERBEST FON (HİSSE SENEDİ YOĞUN FON),Serbest Şemsiye Fonu,7,"1,241","-0,0962","-2,3746","19,9858","71,2649","",""
RPC,ROTA PORTFÖY İKLİM DEĞİŞİKLİĞİ ÇÖZÜMLERİ DEĞİŞKEN FON,Değişken Şemsiye Fonu,6,"3,9104","7,3511","12,5218","31,5677","51,8911","175,352",""
RPD,RE-PIE PORTFÖY BİRİNCİ DEĞİŞKEN FON,Değişken Şemsiye Fonu,5,"0,7222","7,1702","11,0374","22,5759","34,5829","255,6149","1210,3306"
RPG,ROTA PORTFÖY ALTIN FONU,Kıymetli Madenler Şemsiye Fonu,6,"14,7346","6,1196","-4,4331","13,6662","58,2929","285,3895",""
RPI,ROTA PORTFÖY KATILIM HİSSE SENEDİ FONU (HİSSE SENEDİ YOĞUN FON),Hisse Senedi Şemsiye Fonu,6,"-0,3031","7,2606","13,9691","32,5686","34,1929","",""
RPL,RE-PIE PORTFÖY ALGORİTMİK STRATEJİLER SERBEST FON,Serbest Şemsiye Fonu,2,"2,7042","10,562","19,7402","24,5977","37,3115","",""
RPM,ROTA PORTFÖY İLAÇ VE MEDİKAL TEKNOLOJİLERİ DEĞİŞKEN FON,Değişken Şemsiye Fonu,6,"10,2752","21,2776","26,2183","35,4784","66,5882","151,1517",""
RPN,ROTA PORTFÖY NEV SERBEST FON,Serbest Şemsiye Fonu,6,"-6,0578","-0,881","-3,0368","14,7528","13,6576","56,6802",""
RPP,ROTA PORTFÖY PARA PİYASASI (TL) FONU,Para Piyasası Şemsiye Fonu,2,"3,4092","10,4109","21,067","27,642","47,4389","263,2223",""
RPS,ROTA PORTFÖY BİRİNCİ SERBEST (DÖVİZ) FON,Serbest Şemsiye Fonu,"","1,6779","5,0334","8,2614","11,6156","20,9549","115,038",""
RPT,ROTA PORTFÖY İKİNCİ SERBEST (TL) FON,Serbest Şemsiye Fonu,1,"3,3453","10,2603","20,8067","27,1589","46,7685","264,8623",""
RPX,ROTA PORTFÖY ÜÇÜNCÜ SERBEST (DÖVİZ) FON,Serbest Şemsiye Fonu,"","1,9085","5,8568","11,1711","14,0647","21,4941","103,6834",""
RRA,ROTA PORTFÖY PARA PİYASASI SERBEST FON,Serbest Şemsiye Fonu,2,"2,9781","10,2581","21,3297","28,3263","49,0919","",""
RRP,RE-PIE PORTFÖY PARA PİYASASI KATILIM (TL) FON,Katılım Şemsiye Fonu,2,"3,2028","9,9822","20,1048","26,1979","44,8282","",""
RS1,ROTA PORTFÖY BİRİNCİ KISA VADELİ SERBEST FON,Serbest Şemsiye Fonu,2,"0,00","0,00","0,00","0,00","0,00","",""
RSK,ROTA PORTFÖY ONSEKİZİNCİ SERBEST FON,Serbest Şemsiye Fonu,5,"-0,5701","11,7963","27,5357","35,7976","73,9451","",""
RTD,RE-PIE PORTFÖY TEKNOLOJİ DEĞİŞKEN FON,Değişken Şemsiye Fonu,6,"7,4508","10,0211","41,0274","49,9504","67,3429","",""
RTG,ATA PORTFÖY ROBOTİK TEKNOLOJİLERİ DEĞİŞKEN FON,Değişken Şemsiye Fonu,6,"4,1734","7,4777","36,9906","42,2811","64,9959","232,9745",""
RTH,RE-PIE PORTFÖY BİRİNCİ HİSSE SENEDİ SERBEST FON (HİSSE SENEDİ YOĞUN FON),Serbest Şemsiye Fonu,7,"-0,6377","-1,4916","0,4992","21,5132","12,4813","113,6466",""
RTP,RE-PIE PORTFÖY BİRİNCİ SERBEST FON,Serbest Şemsiye Fonu,5,"-7,5531","-3,8277","-6,6591","-2,2003","14,6197","270,1826",""
RUT,BV PORTFÖY ROBOTİK VE UZAY TEKNOLOJİLERİ DEĞİŞKEN FON,Değişken Şemsiye Fonu,5,"7,3961","9,2139","32,3934","36,0635","55,9842","",""
RYF,ROTA PORTFÖY YEDİNCİ HİSSE SENEDİ SERBEST (TL) FON (HİSSE SENEDİ YOĞUN FON),Serbest Şemsiye Fonu,7,"8,6326","-16,3529","-3,7618","38,2251","18,2946","686,5678",""
SAS,AK PORTFÖY SABANCI TOPLULUĞU ŞİRKETLERİ ENDEKSİ HİSSE SENEDİ (TL) FONU (HİSSE SENEDİ YOĞUN FON),Hisse Senedi Şemsiye Fonu,5,"0,0935","-1,9986","-7,3523","10,6351","13,6802","",""
SBH,SPARTA PORTFÖY BİRİNCİ HİSSE SENEDİ SERBEST (TL) FON (HİSSE SENEDİ YOĞUN FON),Serbest Şemsiye Fonu,6,"0,00","0,00","0,00","0,00","0,00","",""
SD1,SPARTA PORTFÖY BİRİNCİ DEĞİŞKEN FON,Değişken Şemsiye Fonu,5,"","","","","","",""
SFS,AZİMUT PORTFÖY AGRESİF FON SEPETİ FONU,Fon Sepeti Şemsiye Fonu,5,"2,7524","5,9903","13,3774","27,7256","","",""
SGK,EMAA BLUE PORTFÖY BİYOTEKNOLOJİ VE SAĞLIK SEKTÖRÜ DEĞİŞKEN FON,Değişken Şemsiye Fonu,5,"","","","","","",""
SGT,GARANTİ PORTFÖY SİBER GÜVENLİK TEKNOLOJİLERİ DEĞİŞKEN FON,Değişken Şemsiye Fonu,5,"0,00","0,00","0,00","0,00","0,00","",""
SHC,STRATEJİ PORTFÖY İKİNCİ HİSSE SENEDİ FONU (HİSSE SENEDİ YOĞUN FON),Hisse Senedi Şemsiye Fonu,7,"","","","","","",""
SHE,TEB PORTFÖY ÖNCE KADIN DEĞİŞKEN FON,Değişken Şemsiye Fonu,6,"0,5032","0,2239","-1,1711","15,3999","16,6043","146,7241",""
SHU,SPARTA PORTFÖY ÜÇÜNCÜ HİSSE SENEDİ SERBEST (TL) FON (HİSSE SENEDİ YOĞUN FON),Serbest Şemsiye Fonu,6,"0,00","0,00","0,00","0,00","","",""
SKO,STRATEJİ PORTFÖY KAR PAYI ÖDEYEN HİSSE SENEDİ FONU (HİSSE SENEDİ YOĞUN FON),Hisse Senedi Şemsiye Fonu,6,"1,2293","1,3902","5,6133","33,7882","53,8191","",""
SKZ,NEO PORTFÖY SEKİZİNCİ SERBEST FON,Serbest Şemsiye Fonu,7,"2,9316","8,6037","44,2879","43,2984","","",""
SLG,QNB PORTFÖY ALGORİTMİK STRATEJİLER HİSSE SENEDİ FONU (HİSSE SENEDİ YOĞUN FON),Hisse Senedi Şemsiye Fonu,6,"-0,3299","6,5444","8,3521","32,2551","","",""
SNY,ATLAS PORTFÖY SANAYİ SEKTÖRÜ HİSSE SENEDİ SERBEST FON (HİSSE SENEDİ YOĞUN FON),Serbest Şemsiye Fonu,7,"-1,0388","-43,1505","-12,2775","2,3432","44,904","",""
SOS,HEDEF PORTFÖY SAĞLIK SEKTÖRÜ DEĞİŞKEN FON,Değişken Şemsiye Fonu,3,"11,4866","22,0407","25,8954","37,6808","46,8092","",""
SPE,AZIMUT PORTFÖY 5.0 SERBEST (DÖVIZ) FON,Serbest Şemsiye Fonu,"","2,4031","7,7925","12,7959","17,5606","29,0051","157,6299","810,2176"
SPN,AZİMUT PORTFÖY İSTATİSTİKSEL ARBİTRAJ HİSSE SENEDİ SERBEST FON (HİSSE SENEDİ YOĞUN FON),Serbest Şemsiye Fonu,2,"2,8514","8,6078","17,3171","22,2686","38,9418","216,0989","527,2861"
SPP,SPARTA PORTFÖY BİRİNCİ PARA PİYASASI (TL) FONU,Para Piyasası Şemsiye Fonu,1,"3,4973","10,9675","22,5663","28,6162","49,4025","",""
SPR,BV PORTFÖY SPOR ENDÜSTRİSİ DEĞİŞKEN FON,Değişken Şemsiye Fonu,5,"-0,6471","8,4982","5,0832","6,7201","1,6713","",""
SPT,AKTİF PORTFÖY KATILIM FON SEPETİ FONU,Fon Sepeti Şemsiye Fonu,4,"5,4931","7,5779","14,8262","26,9616","54,1223","",""
SRL,PARDUS PORTFÖY SÜRDÜRÜLEBİLİRLİK HİSSE SENEDİ (TL) FONU (HİSSE SENEDİ YOĞUN FON),Hisse Senedi Şemsiye Fonu,6,"2,5504","24,6992","22,7571","41,1844","54,9312","",""
SSK,DENİZ PORTFÖY SAĞLIK SEKTÖRÜ DEĞİŞKEN FON,Değişken Şemsiye Fonu,5,"7,1834","18,3025","18,8023","25,9391","46,708","",""
SSS,YAPI KREDİ PORTFÖY SAVUNMA SANAYİİ ŞİRKETLERİ ENDEKSİ HİSSE SENEDİ FONU (HİSSE SENEDİ YOĞUN FON),Hisse Senedi Şemsiye Fonu,6,"0,5177","0,5997","4,3165","23,3439","17,2232","",""
ST1,STRATEJİ PORTFÖY BİRİNCİ HİSSE SENEDİ FONU (HİSSE SENEDİ YOĞUN FON),Hisse Senedi Şemsiye Fonu,"","1,5931","-3,0736","-2,612","16,1474","2,973","48,8801","940,2064"
STI,ATLAS PORTFÖY SENTİMENT SERBEST FON,Serbest Şemsiye Fonu,6,"4,2746","1,9803","12,3448","24,8766","5,7833","",""
SUA,ÜNLÜ PORTFÖY BİRİNCİ DEĞİŞKEN FON,Değişken Şemsiye Fonu,3,"3,7528","9,3798","17,7832","24,0096","50,9308","245,8734","649,7178"
SUB,ÜNLÜ PORTFÖY İKİNCİ DEĞİŞKEN FON,Değişken Şemsiye Fonu,6,"0,6231","1,1853","2,2396","15,4265","26,3331","128,5945","797,8016"
SUC,ÜNLÜ PORTFÖY ÜÇÜNCÜ DEĞIŞKEN FON,Değişken Şemsiye Fonu,5,"5,1496","6,159","21,6459","25,7537","52,066","225,9204","724,8357"
SUR,EMAA BLUE PORTFÖY SÜRDÜRÜLEBİLİRLİK HİSSE SENEDİ FONU (HİSSE SENEDİ YOĞUN FON),Hisse Senedi Şemsiye Fonu,6,"0,5875","-0,8678","-3,7441","15,9253","","",""
SVB,STRATEJİ PORTFÖY AGRESİF DEĞİŞKEN FON,Değişken Şemsiye Fonu,5,"0,6984","3,0385","3,7855","16,3746","27,9722","192,8632",""
TAL,ATLAS PORTFÖY ALTIN KATILIM FONU,Kıymetli Madenler Şemsiye Fonu,6,"13,2986","2,3474","-8,2769","8,9808","47,4477","",""
TAR,AK PORTFÖY TARIM VE GIDA TEKNOLOJİLERİ DEĞİŞKEN FON,Değişken Şemsiye Fonu,5,"0,8366","12,0503","10,2451","23,9484","22,0019","71,0874",""
TAU,İŞ PORTFÖY BIST BANKA ENDEKSİ HİSSE SENEDİ (TL) FONU (HİSSE SENEDİ YOĞUN FON),Hisse Senedi Şemsiye Fonu,7,"-1,1874","-4,4434","-19,291","-3,2155","-1,2209","141,4064","1199,5073"
TBT,TEB PORTFÖY BORÇLANMA ARAÇLARI FONU,Borçlanma Araçları Şemsiye Fonu,3,"4,3051","10,6412","3,654","3,9425","19,1935","76,2117","132,6026"
TBV,İŞ PORTFÖY ÖZEL SEKTÖR BORÇLANMA ARAÇLARI (TL) FONU,Borçlanma Araçları Şemsiye Fonu,1,"3,36","10,2666","20,2949","26,84","46,3526","237,9707","398,7872"
TCA,ZİRAAT PORTFÖY ALTIN KATILIM FONU,Katılım Şemsiye Fonu,6,"12,7924","1,8335","-10,7348","-1,0224","40,029","258,6841","1141,2498"
TCB,TACİRLER PORTFÖY PARA PİYASASI FONU,Para Piyasası Şemsiye Fonu,2,"3,4267","10,4107","20,809","27,2549","47,0112","254,6925","379,6948"
TCC,TACİRLER PORTFÖY SERBEST ( DÖVİZ ) FON,Serbest Şemsiye Fonu,6,"8,2426","6,1075","20,5825","18,9564","27,4671","123,9584","608,2918"
TCD,TACİRLER PORTFÖY DEĞIŞKEN FON,Değişken Şemsiye Fonu,6,"2,2234","5,0578","12,8264","31,6116","37,2445","91,6042","959,4665"
TCF,TEB PORTFÖY ÜÇÜNCÜ FON SEPETİ FONU,Fon Sepeti Şemsiye Fonu,3,"0,00","0,00","0,00","0,00","0,00","0,00",""
TDG,İŞ PORTFÖY YABANCI BORÇLANMA ARAÇLARI FONU,Borçlanma Araçları Şemsiye Fonu,"","1,6145","4,9946","9,5836","12,0644","18,9403","95,5571","449,9844"
TE3,TEB PORTFÖY MUTLAK GETİRİ HEDEFLİ DEĞİŞKEN FON,Değişken Şemsiye Fonu,4,"5,0037","6,0396","13,3131","30,909","51,2084","236,0222","547,5048"
TE4,TEB PORTFÖY BİRİNCİ DEĞİŞKEN FON,Değişken Şemsiye Fonu,3,"3,4072","9,5642","19,627","27,2904","48,6818","188,9782","498,052"
TEJ,AZİMUT PORTFÖY TEKNOLOJİ FON SEPETİ FONU,Fon Sepeti Şemsiye Fonu,6,"6,0322","11,5838","40,3471","46,9478","71,3515","",""
TFF,TEB PORTFÖY AMERİKA TEKNOLOJİ YABANCI BYF FON SEPETİ FONU,Fon Sepeti Şemsiye Fonu,6,"4,7143","9,5425","38,0551","35,4778","52,867","231,5653","788,0157"
TFU,İŞ PORTFÖY TÜFEYE ENDEKSLİ BORÇLANMA ARAÇLARI (TL) FONU,Borçlanma Araçları Şemsiye Fonu,4,"1,9472","8,2086","21,9206","25,0528","","",""
TGA,GARANTİ PORTFÖY AGRESİF DEĞİŞKEN FON,Değişken Şemsiye Fonu,5,"2,05","4,3484","6,4385","20,3282","25,1654","164,2201","1101,6175"
TGE,İŞ PORTFÖY EMTİA YABANCI BYF FON SEPETİ FONU,Fon Sepeti Şemsiye Fonu,6,"6,6224","0,7362","24,5485","35,9945","65,452","157,6133","786,6446"
TGR,AK PORTFÖY TURİZM VE SEYAHAT SEKTÖRÜ DEĞİŞKEN FON,Değişken Şemsiye Fonu,6,"4,5895","13,5616","5,867","11,1974","8,0038","108,2873","693,6202"
THD,TRIVE PORTFÖY BİRİNCİ HİSSE SENEDİ (TL) FON (HİSSE SENEDİ YOĞUN FON),Hisse Senedi Şemsiye Fonu,6,"-0,06","-1,3962","1,233","24,0946","25,0885","117,1969",""
THF,TERA PORTFÖY HİSSE SENEDİ (TL) FONU (HİSSE SENEDİ YOĞUN FON),Hisse Senedi Şemsiye Fonu,"","17,5152","17,3041","32,4838","56,6314","90,1409","",""
THT,TRİVE PORTFÖY HİSSE SENEDİ SERBEST FON (HİSSE SENEDİ YOĞUN FON),Serbest Şemsiye Fonu,7,"12,8098","-8,3969","-12,9121","6,7571","-1,6094","",""
THV,ATA PORTFÖY BARBAROS HİSSE SENEDİ SERBEST (TL) FON (HİSSE SENEDİ YOĞUN FON),Serbest Şemsiye Fonu,7,"0,00","0,00","0,00","0,00","0,00","0,00","0,00"
TI2,İŞ PORTFÖY HİSSE SENEDİ (TL) FONU (HİSSE SENEDİ YOĞUN FON),Hisse Senedi Şemsiye Fonu,6,"-0,2334","-1,3094","-3,4416","15,1953","15,6187","145,3757","1529,0679"
TI3,İŞ PORTFÖY İŞ BANKASI İŞTİRAKLERİ ENDEKSİ HİSSE SENEDİ (TL) FONU (HİSSE SENEDİ YOĞUN FON),Hisse Senedi Şemsiye Fonu,7,"-5,2739","-6,5393","-11,4312","4,5232","-0,0144","62,7524","996,1819"
TI4,İŞ PORTFÖY TEMKİNLİ DEĞİŞKEN FON,Değişken Şemsiye Fonu,2,"2,8735","8,547","13,5376","16,5526","38,4615","216,9117","560,1795"
TI6,İŞ PORTFÖY BORÇLANMA ARAÇLARI (TL) FONU,Borçlanma Araçları Şemsiye Fonu,4,"3,7554","9,6503","8,6016","11,4454","29,4935","141,5119","318,3225"
TI7,İŞ PORTFÖY DENGELİ DEĞİŞKEN FON,Değişken Şemsiye Fonu,4,"3,1362","7,9398","7,6059","11,8081","32,0827","141,2307","588,1363"
TIE,İŞ PORTFÖY BIST 30 ENDEKSİ HİSSE SENEDİ (TL) FONU (HİSSE SENEDİ YOĞUN FON),Hisse Senedi Şemsiye Fonu,6,"2,5924","3,4302","7,807","35,3432","35,5185","119,5525","980,6477"
TIL,İŞ PORTFÖY KATILIM HİSSE SENEDİ (TL) FONU (HİSSE SENEDİ YOĞUN FON),Hisse Senedi Şemsiye Fonu,6,"-0,6085","0,8523","11,3948","28,8684","","",""
TJF,TEB PORTFÖY SÜRDÜRÜLEBİLİRLİK FON SEPETİ FONU,Fon Sepeti Şemsiye Fonu,6,"0,00","0,00","0,00","0,00","0,00","0,00","0,00"
TJI,TEB PORTFÖY İKİNCİ FON SEPETİ FONU,Fon Sepeti Şemsiye Fonu,4,"0,00","0,00","0,00","0,00","0,00","0,00",""
TJT,TEB PORTFÖY ALTINCI SERBEST (DÖVİZ-AVRO) FON,Serbest Şemsiye Fonu,"","4,0881","8,0182","9,3791","13,0915","23,0698","129,3237",""
TKF,TACİRLER PORTFÖY HİSSE SENEDİ FONU (HİSSE SENEDİ YOĞUN FON),Hisse Senedi Şemsiye Fonu,6,"1,7271","6,7316","8,6796","28,4415","31,0993","125,4919","923,1609"
TLE,AURA PORTFÖY YABANCI BORÇLANMA ARAÇLARI FONU,Borçlanma Araçları Şemsiye Fonu,5,"1,7044","6,146","12,4022","18,7234","28,1789","143,7574","637,957"
TLH,AURA PORTFÖY HİSSE SENEDİ FONU (HİSSE SENEDİ YOĞUN FON),Hisse Senedi Şemsiye Fonu,7,"-4,4399","-8,2518","-10,047","12,5256","13,9828","95,6288","1203,4665"
TLK,AKTİF PORTFÖY PARA PİYASASI KATILIM (TL) FONU,Katılım Şemsiye Fonu,1,"3,3113","10,1856","20,2867","26,49","45,6316","",""
TLV,TERA PORTFÖY PARA PİYASASI KATILIM (TL) FONU,Katılım Şemsiye Fonu,1,"3,4749","10,4147","22,3241","29,8406","","",""
TLY,TERA PORTFÖY BİRİNCİ SERBEST FON,Serbest Şemsiye Fonu,7,"18,0368","60,6471","142,9943","198,9306","684,0165","68209,0679","617539,7908"
TLZ,ATA PORTFÖY KATILIM HİSSE SENEDİ (TL) FONU (HİSSE SENEDİ YOĞUN FON),Hisse Senedi Şemsiye Fonu,6,"4,9889","5,8908","21,1358","41,0632","49,8723","124,1512","1271,7813"
TMC,İŞ PORTFÖY TEMA DEĞİŞKEN FON,Değişken Şemsiye Fonu,4,"1,092","9,1397","10,5332","15,4784","28,2935","159,4694","441,4924"
TMG,İŞ PORTFÖY YABANCI HİSSE SENEDİ FONU,Hisse Senedi Şemsiye Fonu,"","5,3293","8,7795","24,1857","24,7986","49,9208","217,3622","870,8798"
TMM,TERA PORTFÖY İKİNCİ SERBEST (DÖVİZ) FON,Serbest Şemsiye Fonu,6,"3,6524","8,5426","16,9304","20,9213","28,3203","207,9783",""
TMU,AZİMUT PORTFÖY TEMKİNLİ FON SEPETİ FONU,Fon Sepeti Şemsiye Fonu,2,"2,8673","7,6359","16,1962","25,0356","","",""
TMZ,İŞ PORTFÖY SÜRDÜRÜLEBİLİRLİK VE TARIM FON SEPETİ FONU,Fon Sepeti Şemsiye Fonu,5,"2,7547","5,5884","15,7788","23,389","33,8963","",""
TND,İŞ PORTFÖY TTF TENİSE DESTEK DEĞİŞKEN FON,Değişken Şemsiye Fonu,2,"3,3104","10,0586","20,3649","26,5903","45,4421","",""
TOT,TEB PORTFÖY ÖZEL SEKTÖR BORÇLANMA ARAÇLARI FONU,Borçlanma Araçları Şemsiye Fonu,1,"3,2852","9,9681","20,1607","26,7537","45,5786","231,6169","371,2581"
TP2,TERA PORTFÖY PARA PİYASASI (TL) FONU,Para Piyasası Şemsiye Fonu,2,"4,1065","12,5388","25,7427","34,486","60,3009","",""
TPC,TEB PORTFÖY KIYMETLİ MADENLER FON SEPETİ FONU,Fon Sepeti Şemsiye Fonu,6,"0,00","0,00","0,00","0,00","0,00","0,00","0,00"
TPF,TACİRLER PORTFÖY BORÇLANMA ARAÇLARI FONU,Borçlanma Araçları Şemsiye Fonu,3,"3,2494","9,9749","21,5107","27,5814","46,6249","165,6225","356,9673"
TPJ,TEB PORTFÖY BİRİNCİ SERBEST (DÖVİZ) FON,Serbest Şemsiye Fonu,"","2,3248","7,5247","11,0997","13,8516","24,1667","124,5973","643,8566"
TPL,TEB PORTFÖY EUROBOND (DÖVİZ) BORÇLANMA ARAÇLARI FONU,Borçlanma Araçları Şemsiye Fonu,6,"0,00","0,00","0,00","0,00","0,00","0,00","0,00"
TPP,TEB PORTFÖY PUSULA SERBEST FON,Serbest Şemsiye Fonu,"","0,00","0,00","0,00","0,00","0,00","0,00","0,00"
TPV,AURA PORTFÖY İKİNCİ DEĞİŞKEN FON,Değişken Şemsiye Fonu,4,"-0,1857","4,8063","3,4442","3,3181","6,5945","117,536","347,8558"
TPZ,TEB PORTFÖY KİRA SERTİFİKALARI (DÖVİZ) KATILIM FONU,Katılım Şemsiye Fonu,6,"2,1584","6,6836","11,9054","15,045","24,8771","126,6838","673,2944"
TRJ,TERA PORTFÖY BİRİNCİ BORÇLANMA ARAÇLARI (TL) FONU,Borçlanma Araçları Şemsiye Fonu,"","3,971","12,3573","27,4823","36,0282","63,5198","",""
TRO,TRIVE PORTFÖY ALTIN FONU,Kıymetli Madenler Şemsiye Fonu,6,"11,8354","4,3612","-5,7762","12,6135","56,1559","",""
TRU,TERA PORTFÖY KATILIM SERBEST (DÖVİZ) FON,Serbest Şemsiye Fonu,"","2,2379","5,8633","13,1328","16,3263","23,3037","",""
TTA,İŞ PORTFÖY ALTIN FONU,Kıymetli Madenler Şemsiye Fonu,6,"12,4321","4,1831","-8,7117","3,7073","45,4322","255,7255","1118,5525"
TTE,İŞ PORTFÖY BIST TEKNOLOJİ AĞIRLIK SINIRLAMALI ENDEKSİ HİSSE SENEDİ (TL) FONU (HİSSE SENEDİ YOĞUN FON),Hisse Senedi Şemsiye Fonu,7,"5,3295","12,6099","48,0275","75,9615","72,9147","293,7578","1169,4465"
TTL,TACİRLER PORTFÖY KARTOPU SERBEST FON,Serbest Şemsiye Fonu,7,"0,5419","2,8275","11,2035","29,0667","34,6684","362,9499","1812,7253"
TTV,TACİRLER PORTFÖY VEGA SERBEST (TL)  FON,Serbest Şemsiye Fonu,2,"2,108","9,4756","19,5507","24,6662","41,9051","254,6174","597,9129"
TUA,TEB PORTFÖY ALTIN FONU,Kıymetli Madenler Şemsiye Fonu,6,"13,2325","4,2171","-6,5547","10,7608","51,7727","298,016","1210,0616"
TVE,EMAA BLUE PORTFÖY TARIM VE GIDA SEKTÖRÜ KATILIM FONU,Katılım Şemsiye Fonu,6,"-0,4007","-4,0892","2,9446","15,7639","","",""
TVN,TRIVE PORTFÖY BİRİNCİ FON SEPETİ FONU,Fon Sepeti Şemsiye Fonu,6,"5,3041","14,3408","22,1976","31,0292","57,1277","184,1385",""
TYH,TEB PORTFÖY HİSSE SENEDİ FONU (HİSSE SENEDİ YOĞUN FON),Hisse Senedi Şemsiye Fonu,6,"1,8944","2,0079","-3,7619","18,1117","20,2747","114,8241","1289,9969"
TZD,ZİRAAT PORTFÖY HİSSE SENEDİ FONU (HİSSE SENEDİ YOĞUN FON),Hisse Senedi Şemsiye Fonu,6,"1,5205","6,3479","6,6085","22,9928","24,568","92,431","1045,1206"
TZT,ZİRAAT PORTFÖY BORÇLANMA ARAÇLARI (TL) FONU,Borçlanma Araçları Şemsiye Fonu,3,"3,109","9,4729","10,7659","14,8805","34,9066","163,1761","385,3873"
ULH,ÜNLÜ PORTFÖY ONUNCU SERBEST FON,Serbest Şemsiye Fonu,7,"0,0579","-0,5374","9,056","14,4704","31,1025","210,0414",""
UNT,İŞ PORTFÖY ÜÇÜNCÜ SERBEST (TL) FON,Serbest Şemsiye Fonu,2,"3,3396","10,2457","20,8306","27,1669","46,7431","",""
UP1,ÜNLÜ PORTFÖY ALTIN FONU,Kıymetli Madenler Şemsiye Fonu,6,"12,001","4,7365","-5,5808","10,4898","58,1896","305,9429",""
UP2,ÜNLÜ PORTFÖY PARA PİYASASI SERBEST FON,Serbest Şemsiye Fonu,2,"3,3748","10,468","21,1016","27,5824","47,2004","259,2386",""
UPD,ÜNLÜ PORTFÖY DÖRDÜNCÜ SERBEST (DÖVIZ) FON,Serbest Şemsiye Fonu,6,"2,8092","6,9633","10,6282","13,9443","26,137","109,0879","590,7327"
UPH,ÜNLÜ PORTFÖY HİSSE SENEDİ (TL) FONU(HİSSE SENEDİ YOĞUN FON),Hisse Senedi Şemsiye Fonu,6,"-0,3052","-0,425","-0,4896","20,6941","21,3971","111,827","1101,2148"
UPP,ÜNLÜ PORTFÖY PARA PİYASASI (TL) FONU,Para Piyasası Şemsiye Fonu,1,"3,3942","10,206","20,6851","27,159","46,8022","254,168","431,515"
URA,ATA PORTFÖY ENERJİ DEĞİŞKEN FON,Değişken Şemsiye Fonu,6,"8,6952","-0,8434","3,243","24,0653","57,5545","",""
USY,ÜNLÜ PORTFÖY DEĞER YATIRIMLARI SERBEST FON,Serbest Şemsiye Fonu,6,"3,6847","8,7916","15,6935","20,2405","53,1717","165,1554","968,7134"
VAY,AK PORTFÖY DEĞER ODAKLI 100 ŞİRKETLERİ HİSSE SENEDİ (TL) FONU (HİSSE SENEDİ YOĞUN FON),Hisse Senedi Şemsiye Fonu,5,"0,1469","1,6894","-3,7447","13,1838","11,0919","",""
VCY,AK PORTFÖY ELEKTRİKLİ VE OTONOM ARAÇ TEKNOLOJİLERİ DEĞİŞKEN FON,Değişken Şemsiye Fonu,6,"2,1134","2,9053","14,1852","24,4699","46,2096","103,6919",""
VFK,ZİRAAT PORTFÖY İKİNCİ KISA VADELİ KİRA SERTİFİKALARI KATILIM (TL) FONU,Katılım Şemsiye Fonu,1,"3,2044","9,7705","19,3288","25,3506","43,7557","219,7062","369,9342"
VFO,V PORTFÖY ALTIN KATILIM FONU,Katılım Şemsiye Fonu,6,"0,00","","","","","",""
VHS,VAKIF KATILIM PORTFÖY KATILIM HİSSE SENEDİ FONU (HİSSE SENEDİ YOĞUN FON),Hisse Senedi Şemsiye Fonu,6,"-1,938","","","","","",""
VKK,VAKIF KATILIM PORTFÖY KİRA SERTİFİKALARI KATILIM FONU,Katılım Şemsiye Fonu,2,"3,2593","","","","","",""
VKV,VAKIF KATILIM PORTFÖY KISA VADELİ KİRA SERTİFİKALARI KATILIM FONU,Katılım Şemsiye Fonu,2,"3,2757","","","","","",""
VLT,VAKIF KATILIM PORTFÖY ALTIN KATILIM FONU,Katılım Şemsiye Fonu,6,"12,4465","","","","","",""
VMV,VEGA PORTFÖY MAVİ SERBEST FON,Serbest Şemsiye Fonu,2,"3,3807","10,3573","20,8964","27,7854","47,7564","",""
VNK,VEGA PORTFÖY ANKA SERBEST FON,Serbest Şemsiye Fonu,3,"3,1887","3,7218","8,3531","17,3423","41,9718","",""
VPA,VAKIF KATILIM PORTFÖY PARA PİYASASI KATILIM FONU,Katılım Şemsiye Fonu,1,"3,2926","10,2982","","","","",""
VPP,VEGA PORTFÖY PARLA SERBEST (DÖVİZ) FON,Serbest Şemsiye Fonu,6,"3,692","9,4804","19,4125","","","",""
VPS,VEGA PORTFÖY SALUR HİSSE SENEDİ SERBEST (TL) FON (HİSSE SENEDİ YOĞUN FON),Serbest Şemsiye Fonu,6,"-24,7616","-35,1662","-26,8159","","","",""
VRK,DENİZ PORTFÖY ÇOKLU VARLIK KATILIM FONU,Katılım Şemsiye Fonu,4,"4,7713","7,0992","12,7533","23,6014","","",""
YAC,YAPI KREDİ PORTFÖY İKİNCİ FON SEPETİ FONU,Fon Sepeti Şemsiye Fonu,5,"0,00","0,00","0,00","0,00","0,00","0,00","0,00"
YAE,YAPI KREDİ PORTFÖY TLREF'E ENDEKSLİ BORÇLANMA ARAÇLARI (TL) FONU,Borçlanma Araçları Şemsiye Fonu,2,"3,4191","9,3305","","","","",""
YAK,YAPI KREDİ PORTFÖY KARMA FON,Karma Şemsiye Fonu,5,"3,1045","7,9898","10,1272","21,5209","34,3103","141,9268","645,8899"
YAN,YAPI KREDİ PORTFÖY BİRİNCİ FON SEPETİ FONU,Fon Sepeti Şemsiye Fonu,4,"0,00","0,00","0,00","0,00","0,00","0,00","0,00"
YAS,YAPI KREDİ PORTFÖY KOÇ HOLDİNG İŞTİRAK VE HİSSE SENEDİ FONU(HİSSE SENEDİ YOĞUN FON),Hisse Senedi Şemsiye Fonu,6,"3,6445","4,7241","-1,9906","13,1524","9,3127","55,7005","774,1805"
YAY,YAPI KREDİ PORTFÖY YABANCI TEKNOLOJİ SEKTÖRÜ HİSSE SENEDİ FONU,Hisse Senedi Şemsiye Fonu,7,"4,3642","8,2793","41,0154","42,1727","81,556","289,5822","935,8765"
YBE,YAPI KREDİ PORTFÖY EUROBOND (DOLAR) BORÇLANMA ARAÇLARI FONU,Borçlanma Araçları Şemsiye Fonu,5,"2,3651","8,5098","10,7793","14,1689","26,2749","135,6862","622,6663"
YBH,YAPI KREDİ PORTFÖY 5-15 YIL VADELİ SERBEST (DÖVİZ) FON,Serbest Şemsiye Fonu,"","2,4947","9,052","10,2824","13,044","25,3528","",""
YBR,İŞ PORTFÖY YİRMİBİRİNCİ SERBEST (DÖVİZ) FON,Serbest Şemsiye Fonu,"","2,4323","7,7853","10,2405","15,0611","26,3962","",""
YBS,YAPI KREDİ PORTFÖY ÖZEL SEKTÖR BORÇLANMA ARAÇLARI FONU,Borçlanma Araçları Şemsiye Fonu,1,"3,3051","10,1757","20,5227","26,922","46,7969","228,3619","400,361"
YCK,YAPI KREDİ PORTFÖY CİHANGİR SERBEST FON,Serbest Şemsiye Fonu,6,"6,3153","7,5051","20,7664","34,227","41,8272","162,0943","320,1109"
YCP,YAPI KREDİ PORTFÖY BANKACILIK SEKTÖRÜ HİSSE SENEDİ SERBEST FON (HİSSE SENEDİ YOĞUN FON),Serbest Şemsiye Fonu,7,"-1,2896","-4,5471","-19,9464","-4,1901","-1,9832","124,0077",""
YCY,İSTANBUL PORTFÖY KATILIM FON SEPETİ FONU,Fon Sepeti Şemsiye Fonu,2,"0,00","0,00","0,00","0,00","0,00","0,00",""
YDI,YAPI KREDİ PORTFÖY MODEL PORTFÖY HİSSE SENEDİ FONU (HİSSE SENEDİ YOĞUN FON),Hisse Senedi Şemsiye Fonu,6,"5,2013","8,5581","4,522","23,6957","25,1165","115,3022","1103,6046"
YDP,YAPI KREDİ PORTFÖY BİRİNCİ DEĞİŞKEN FON,Değişken Şemsiye Fonu,5,"7,1011","10,4132","14,2995","36,7221","45,9246","",""
YEF,YAPI KREDİ PORTFÖY BIST 30 ENDEKSİ HİSSE SENEDİ FONU (HİSSE SENEDİ YOĞUN FON),Hisse Senedi Şemsiye Fonu,6,"4,2829","5,6897","9,94","36,8039","37,6963","137,7406","1092,9666"
YFV,YAPI KREDİ PORTFÖY KİRA SERTİFİKALARI KATILIM FONU,Katılım Şemsiye Fonu,2,"2,4474","7,0827","14,8813","21,249","39,1323","190,4751","398,3743"
YGM,YAPI KREDİ PORTFÖY EMTİA SERBEST FON,Serbest Şemsiye Fonu,6,"8,3547","2,3895","13,0425","20,5033","44,2771","138,0754",""
YHB,YAPI KREDİ PORTFÖY BIST 100 DIŞI ŞİRKETLER HİSSE SENEDİ FONU (HİSSE SENEDİ YOĞUN FON),Hisse Senedi Şemsiye Fonu,6,"10,1202","10,6174","16,8049","38,6971","35,3821","",""
YHI,YAPI KREDİ PORTFÖY İNŞAAT SEKTÖRÜ HİSSE SENEDİ SERBEST (TL) FON (HİSSE SENEDİ YOĞUN FON),Serbest Şemsiye Fonu,6,"-1,70","1,2367","7,0149","22,4655","23,8399","",""
YHK,YAPI KREDİ PORTFÖY KATILIM HİSSE SENEDİ FONU (HİSSE SENEDİ YOĞUN FON),Hisse Senedi Şemsiye Fonu,6,"3,4375","8,9453","26,3464","57,8627","68,2654","",""
YHP,YAPI KREDİ PORTFÖY KADIKÖY SERBEST FON,Serbest Şemsiye Fonu,5,"4,4833","11,8791","13,2996","31,902","47,4351","207,1475","330,4915"
YHS,YAPI KREDİ PORTFÖY BİRİNCİ HİSSE SENEDİ FONU (HİSSE SENEDİ YOĞUN FON),Hisse Senedi Şemsiye Fonu,6,"4,9022","5,8076","4,7044","27,9777","27,5081","131,0754","1128,6904"
YHT,YAPI KREDİ PORTFÖY KISA VADELİ BORÇLANMA ARAÇLARI (TL) FONU,Borçlanma Araçları Şemsiye Fonu,1,"3,2505","9,5899","18,4273","24,7593","44,3579","229,5999","363,1235"
YHZ,YAPI KREDİ PORTFÖY BIST TEKNOLOJİ AĞIRLIK SINIRLAMALI ENDEKSİ HİSSE SENEDİ FONU ( HİSSE SENEDİ YOĞUN FON),Hisse Senedi Şemsiye Fonu,6,"9,6802","15,779","48,4333","73,3842","76,5464","326,1803","1054,6999"
YIK,YAPI KREDİ PORTFÖY İKİNCİ PARA PİYASASI SERBEST (TL) FON,Serbest Şemsiye Fonu,2,"3,3586","10,3134","20,9734","27,4526","47,4115","",""
YIT,GARANTİ PORTFÖY YARI İLETKEN TEKNOLOJİLERİ DEĞİŞKEN FON,Değişken Şemsiye Fonu,6,"0,00","0,00","0,00","0,00","0,00","",""
YJH,YAPI KREDİ PORTFÖY TEMİZ ENERJİ DEĞİŞKEN FONU,Değişken Şemsiye Fonu,4,"1,0376","-1,2769","9,4719","22,8265","40,3552","91,2321",""
YJK,YAPI KREDİ PORTFÖY ROBOTİK VE YARI İLETKEN TEKNOLOJİLERİ FON SEPETİ FONU,Fon Sepeti Şemsiye Fonu,5,"0,00","0,00","0,00","0,00","0,00","0,00",""
YJY,YAPI KREDİ PORTFÖY YENİKÖY SERBEST (DÖVİZ) FON,Serbest Şemsiye Fonu,"","1,9705","6,2111","11,5928","14,3717","21,6413","102,5883","570,4287"
YKS,YAPI KREDİ PORTFÖY İSTANBUL SERBEST FON,Serbest Şemsiye Fonu,4,"3,5615","8,9704","16,0195","19,9021","39,312","181,8771","630,6768"
YKT,YAPI KREDİ PORTFÖY ALTIN FONU,Kıymetli Madenler Şemsiye Fonu,6,"13,2004","4,7358","-6,2262","11,6188","51,7863","299,8578","1232,8829"
YLC,ATA PORTFÖY TARIM VE GIDA DEĞİŞKEN FON,Değişken Şemsiye Fonu,5,"1,5949","6,7593","11,6038","30,6062","35,8841","88,878",""
YLE,YAPI KREDİ PORTFÖY BIST SÜRDÜRÜLEBİLİRLİK ENDEKSİ HİSSE SENEDİ FONU (HİSSE SENEDİ YOĞUN FON),Hisse Senedi Şemsiye Fonu,6,"3,2391","4,663","4,3652","26,1513","24,1427","128,3005",""
YLO,YAPI KREDİ PORTFÖY ELEKTRİKLİ ARAÇLAR DEĞİŞKEN FON,Değişken Şemsiye Fonu,6,"0,6809","3,6774","19,1099","30,6968","58,8814","190,8263",""
YLY,YAPI KREDİ PORTFÖY KAR PAYI ÖDEYEN HİSSE SENEDİ (TL) FON (HİSSE SENEDİ YOĞUN FON),Hisse Senedi Şemsiye Fonu,6,"0,2147","-4,4537","-6,2554","10,7563","10,9371","53,4079",""
YMD,YAPI KREDİ PORTFÖY MASLAK SERBEST (DÖVİZ- ABD DOLARI) FON,Serbest Şemsiye Fonu,"","1,9327","6,203","11,5793","14,2238","21,6734","103,3566",""
YMH,YAPI KREDİ PORTFÖY MUTLAK GETİRİ HEDEFLİ HİSSE SENEDİ SERBEST FON (HİSSE SENEDİ YOĞUN FON),Serbest Şemsiye Fonu,2,"2,8076","8,3187","16,012","20,8584","34,3554","",""
YNK,YAPI KREDİ PORTFÖY NİŞANTAŞI KAR PAYI ÖDEYEN SERBEST (DÖVİZ) FON,Serbest Şemsiye Fonu,"","0,6295","5,4329","7,1895","9,1321","15,5525","81,2592",""
YOT,YAPI KREDİ PORTFÖY BORÇLANMA ARAÇLARI FONU,Borçlanma Araçları Şemsiye Fonu,4,"4,1259","11,0717","12,2844","16,2081","34,3203","154,0228","367,9761"
YOZ,DENİZ PORTFÖY YAKAMOZ SERBEST (DÖVİZ) FON,Serbest Şemsiye Fonu,3,"2,0337","6,37","12,0423","14,9823","","",""
YP4,YAPI KREDİ PORTFÖY FERİKÖY SERBEST (DÖVİZ) FON,Serbest Şemsiye Fonu,"","1,9572","6,1355","11,4009","14,0933","21,2489","97,5593",""
YPC,YAPI KREDİ PORTFÖY SÜRDÜRÜLEBİLİRLİK DEĞİŞKEN FON,Değişken Şemsiye Fonu,5,"1,9445","7,6578","20,0869","29,1901","42,3941","178,5627",""
YPF,YAPI KREDİ PORTFÖY ALFA SERBEST FON,Serbest Şemsiye Fonu,5,"5,4107","10,2644","23,1715","35,2646","56,4603","160,0356","358,1558"
YPK,YAPI KREDİ PORTFÖY GALATA SERBEST FON,Serbest Şemsiye Fonu,5,"4,5667","11,3976","6,3942","5,5777","22,3651","143,1792","508,0985"
YPL,YAPI KREDİ PORTFÖY BALAT SERBEST (DÖVİZ) FON,Serbest Şemsiye Fonu,"","2,1411","7,1969","10,7845","14,3796","24,6297","118,257","638,9484"
YPR,AZİMUT PORTFÖY YILDIZ PAZAR ŞİRKETLERİ HİSSE SENEDİ FONU (HİSSE SENEDİ YOĞUN FON),Hisse Senedi Şemsiye Fonu,6,"2,275","5,2669","9,383","31,8133","40,1311","",""
YPV,YAPI KREDİ PORTFÖY ÜÇÜNCÜ FON SEPETİ FONU,Fon Sepeti Şemsiye Fonu,5,"0,00","0,00","0,00","0,00","0,00","0,00","0,00"
YSA,YAPI KREDİ PORTFÖY SUADİYE SERBEST (DÖVİZ) FON,Serbest Şemsiye Fonu,"","2,8451","4,6511","13,2128","15,1792","","",""
YSH,YAPI KREDİ PORTFÖY BÜYÜK ÖLÇEKLİ ŞİRKETLER DEĞİŞKEN FON,Değişken Şemsiye Fonu,5,"5,2572","","","","","",""
YSL,YAPI KREDİ PORTFÖY KAR PAYI ÖDEYEN KİRA SERTİFİKALARI KATILIM SERBEST (DÖVİZ) FON,Serbest Şemsiye Fonu,"","1,9993","3,2593","6,8549","5,9638","12,9702","63,0647",""
YSO,YAPI KREDİ PORTFÖY SAĞLIK SEKTÖRÜ SERBEST FON,Serbest Şemsiye Fonu,6,"9,4247","29,2638","28,2112","34,6453","51,4884","",""
YSU,YAPI KREDİ PORTFÖY ÜÇÜNCÜ DEĞİŞKEN FON,Değişken Şemsiye Fonu,4,"3,6353","9,5335","11,4297","20,0197","34,5869","165,5733","636,4015"
YTD,YAPI KREDİ PORTFÖY YABANCI FON SEPETİ FONU,Fon Sepeti Şemsiye Fonu,6,"0,00","0,00","0,00","0,00","0,00","0,00","0,00"
YTV,YAPI KREDİ PORTFÖY TARIM DEĞİŞKEN FON,Değişken Şemsiye Fonu,5,"1,8198","9,3951","11,1491","32,3583","37,0141","124,6846",""
YTY,YAPI KREDİ PORTFÖY TARABYA SERBEST (DÖVİZ-AVRO) FON,Serbest Şemsiye Fonu,"","4,1859","6,7664","10,2921","13,0595","20,6325","",""
YUB,YAPI KREDİ PORTFÖY KARAKÖY HİSSE SENEDİ SERBEST FON (HİSSE SENEDİ YOĞUN FON),Serbest Şemsiye Fonu,7,"4,1375","3,4968","0,2697","24,0353","21,7357","103,6391",""
YUI,YAPI KREDİ PORTFÖY BEYKOZ SERBEST FON,Serbest Şemsiye Fonu,6,"2,698","6,1861","0,2371","23,4656","30,0955","",""
YUN,YAPI KREDİ PORTFÖY İSTİNYE SERBEST (DÖVİZ) FON,Serbest Şemsiye Fonu,"","2,0433","6,8411","11,174","15,032","24,5322","106,4988",""
YVB,YAPI KREDİ PORTFÖY UZUN VADELİ BORÇLANMA ARAÇLARI FONU,Borçlanma Araçları Şemsiye Fonu,5,"4,166","11,2727","4,74","6,3969","25,0063","",""
YVG,YAPI KREDİ PORTFÖY SARIYER SERBEST (DÖVİZ-AVRO) FON,Serbest Şemsiye Fonu,"","4,1936","6,8941","10,3475","13,1697","20,8496","112,1948",""
YZC,YAPI KREDİ PORTFÖY FİNTECH VE BLOCKCHAİN TEKNOLOJİLERİ DEĞİŞKEN FON,Değişken Şemsiye Fonu,6,"6,2817","9,0331","37,4872","42,3082","56,6367","340,504",""
YZG,YAPI KREDİ PORTFÖY GÜMÜŞ FON SEPETİ FONU,Fon Sepeti Şemsiye Fonu,7,"0,00","0,00","0,00","0,00","0,00","0,00","0,00"
YZH,TEB PORTFÖY BIST BANKA ENDEKSİ HİSSE SENEDİ FONU (HİSSE SENEDİ YOĞUN),Hisse Senedi Şemsiye Fonu,7,"-1,5596","-4,5588","-19,8894","-2,8288","-0,259","135,349","1158,3819"
YZK,YAPI KREDİ PORTFÖY KALAMIŞ SERBEST FON,Serbest Şemsiye Fonu,5,"1,8311","6,2754","8,5512","11,353","23,9313","123,5259","527,8763"
YZT,AK PORTFÖY YAPAY ZEKA TEKNOLOJİLERİ ŞİRKETLERİ DEĞİŞKEN FON,Değişken Şemsiye Fonu,3,"10,8279","","","","","",""
ZBD,ZİRAAT PORTFÖY DENGELİ DEĞİŞKEN FON,Değişken Şemsiye Fonu,6,"1,4275","3,5766","5,6574","14,7318","22,999","113,2917","542,5454"
ZBI,ZİRAAT PORTFÖY TEMKİNLİ KATILIM FONU,Katılım Şemsiye Fonu,3,"3,536","9,4807","18,8625","28,047","45,4182","",""
ZBJ,ZİRAAT PORTFÖY BAŞAK PARA PİYASASI (TL) FONU,Para Piyasası Şemsiye Fonu,1,"3,4411","10,4891","21,2315","27,8165","47,7533","260,4265",""
ZBO,ZİRAAT PORTFÖY MUTLAK GETİRİ HEDEFLİ HİSSE SENEDİ SERBEST FON (HİSSE SENEDİ YOĞUN FON),Serbest Şemsiye Fonu,5,"0,8608","8,7486","14,0086","20,4283","21,2438","126,7796",""
ZCD,ZİRAAT PORTFÖY ALTINCI SERBEST (TL) FON,Serbest Şemsiye Fonu,6,"3,5343","10,8461","1,178","10,7195","17,5611","221,8411",""
ZCK,ZİRAAT PORTFÖY AGRESİF KATILIM FONU,Katılım Şemsiye Fonu,4,"4,9397","8,7449","19,5543","36,25","40,5544","",""
ZCN,ZİRAAT PORTFÖY EMTİA FON SEPETİ FONU,Fon Sepeti Şemsiye Fonu,6,"7,9506","2,062","12,4196","22,6446","52,5977","175,2208",""
ZDD,ZİRAAT PORTFÖY TEMKİNLİ DEĞİŞKEN FON,Değişken Şemsiye Fonu,4,"3,449","8,3667","15,0402","22,4437","38,8943","205,2828","497,8749"
ZDZ,ZİRAAT PORTFÖY AGRESİF DEĞİŞKEN FON,Değişken Şemsiye Fonu,6,"-3,7655","1,0309","5,0846","7,5139","-1,4835","79,0967","872,1753"
ZFB,AK PORTFÖY FİNTEK VE BLOKZİNCİRİ TEKNOLOJİLERİ DEĞİŞKEN FON,Değişken Şemsiye Fonu,6,"3,5284","1,9851","25,4069","32,1841","52,0221","356,3164",""
ZHH,ZİRAAT PORTFÖY HALKBANK SÜRDÜRÜLEBİLİRLİK 30 ŞİRKETLERİ HİSSE SENEDİ FONU (HİSSE SENEDİ YOĞUN FON),Hisse Senedi Şemsiye Fonu,5,"2,1171","5,1505","2,2435","23,4352","24,6187","",""
ZIH,ZİRAAT PORTFÖY HAVACILIK VE SAVUNMA TEKNOLOJİLERİ DEĞİŞKEN FON,Değişken Şemsiye Fonu,6,"","","","","","",""
ZJB,ZİRAAT PORTFÖY BİRİNCİ SERBEST (TL) FON,Serbest Şemsiye Fonu,7,"6,1463","1,9626","-13,11","-16,4531","-20,1799","237,0129","953,1758"
ZJI,ZİRAAT PORTFÖY İKİNCİ SERBEST (TL) FON,Serbest Şemsiye Fonu,7,"5,2312","0,5362","-13,4976","-16,5143","-20,8351","248,2016","990,3138"
ZJL,ZİRAAT PORTFÖY BIST 100 DIŞI ŞİRKETLER HİSSE SENEDİ FONU (HİSSE SENEDİ YOĞUN FON),Hisse Senedi Şemsiye Fonu,6,"-1,504","4,5119","8,2925","18,5746","31,5942","167,4737","1374,4481"
ZJV,ZİRAAT PORTFÖY BIST 30 DIŞI YILDIZ PAZAR ŞİRKETLERİ HİSSE SENEDİ FONU (HİSSE SENEDİ YOĞUN FON),Hisse Senedi Şemsiye Fonu,6,"-1,0617","-0,5405","-0,5399","14,3103","21,228","98,9772","963,4946"
ZLH,ZİRAAT PORTFÖY BIST 100-30 ŞİRKETLERİ HİSSE SENEDİ FONU ( HİSSE SENEDİ YOĞUN FON),Hisse Senedi Şemsiye Fonu,6,"-1,945","0,8186","-0,0039","11,8103","22,9626","88,741",""
ZMT,AZİMUT PORTFÖY 22.0 SERBEST (DÖVİZ-AVRO) FON,Serbest Şemsiye Fonu,"","4,2474","8,0434","10,8786","14,5349","22,855","",""
ZMY,ZİRAAT PORTFÖY METAVERSE VE YENİ TEKNOLOJİLER DEĞİŞKEN FON,Değişken Şemsiye Fonu,6,"5,3646","2,2085","18,6495","15,5081","22,7152","204,4732",""
ZP6,ZİRAAT PORTFÖY SEDEF KATILIM SERBEST (DÖVİZ - AMERİKAN DOLARI) FON,Serbest Şemsiye Fonu,5,"1,9747","6,1039","10,9591","13,6832","21,2485","102,8122",""
ZP8,ZİRAAT PORTFÖY KEHRİBAR PARA PİYASASI KATILIM SERBEST (TL) FON,Serbest Şemsiye Fonu,2,"3,3321","10,2947","20,7469","27,1032","46,5443","245,319",""
ZP9,ZİRAAT PORTFÖY AKİK KATILIM SERBEST (DÖVİZ-AVRO) FON,Serbest Şemsiye Fonu,6,"4,1645","6,608","9,8676","12,4453","19,4794","102,1331",""
ZPA,ZİRAAT PORTFÖY SERBEST (DÖVİZ) FON,Serbest Şemsiye Fonu,6,"2,035","6,3803","10,9169","13,9322","22,1652","113,5381","687,7277"
ZPC,ZİRAAT PORTFÖY FON SEPETİ FONU,Fon Sepeti Şemsiye Fonu,5,"2,5356","5,662","6,29","15,1257","23,3376","128,5543","715,8548"
ZPE,ZİRAAT PORTFÖY KATILIM HİSSE SENEDİ FONU (HİSSE SENEDİ YOĞUN FON),Hisse Senedi Şemsiye Fonu,6,"3,3952","7,303","14,8231","32,4147","38,2829","127,5335","1052,0771"
ZPF,ZİRAAT PORTFÖY KATILIM FONU (DÖVİZ),Katılım Şemsiye Fonu,6,"2,0916","6,3023","10,9275","13,7283","23,7293","124,714","589,2437"
ZPG,ZİRAAT PORTFÖY KİRA SERTİFİKALARI (SUKUK) KATILIM FONU,Katılım Şemsiye Fonu,2,"3,0139","9,3446","18,396","23,8987","41,7711","206,1278","406,4086"
ZPO,ZİRAAT PORTFÖY PARA PİYASASI KATILIM FONU,Katılım Şemsiye Fonu,"","3,5187","","","","","",""
ZPR,ZİRAAT PORTFÖY PARA PİYASASI SERBEST FON,Serbest Şemsiye Fonu,2,"3,4391","10,5506","21,0392","27,5968","48,1689","",""
ZSF,ZİRAAT PORTFÖY S&P/OIC COMCEC (İSEDAK) 50 SHARİAH ŞİRKETLERİ YABANCI HİSSE SENEDİ FONU,Hisse Senedi Şemsiye Fonu,6,"3,48","5,2623","-2,8311","6,2478","6,6808","95,6787",""
ZSG,ZİRAAT PORTFÖY ESG SÜRDÜRÜLEBİLİRLİK FON SEPETİ FONU,Fon Sepeti Şemsiye Fonu,6,"2,6728","2,6335","10,9608","24,3179","37,2575","155,5351",""
ZTG,ZİRAAT PORTFÖY TARIM VE GIDA FON SEPETİ FONU,Fon Sepeti Şemsiye Fonu,5,"2,5719","10,1376","16,922","25,7512","30,2434","",""
ZTV,ZİRAAT PORTFÖY TÜRKİYE VARLIK FONU İŞTİRAKLERİ HİSSE SENEDİ FONU (HİSSE SENEDİ YOĞUN FON),Hisse Senedi Şemsiye Fonu,"","","","","","","",""
ZVO,ZİRAAT PORTFÖY ÜÇÜNCÜ SERBEST (TL) FON,Serbest Şemsiye Fonu,7,"-8,6742","3,4628","-1,8738","-17,2544","-17,1985","53,7549",""